layer,channel,max_abs,scale
stem.conv,0,0.17941875755786896,0.0014127461225029053
stem.conv,1,0.04450046643614769,0.0003503973735129739
stem.conv,2,3.474580649240333e-12,2.735890274992388e-14
stem.conv,3,0.04855622723698616,0.0003823324979290249
stem.conv,4,1.3656693573856245e-14,1.075330202665846e-16
stem.conv,5,0.11367511004209518,0.0008950796066306707
stem.conv,6,0.11658361554145813,0.0009179812247358908
stem.conv,7,2.5263124925345437e-12,1.9892224350665697e-14
stem.conv,8,0.19843830168247223,0.0015625063124604112
stem.conv,9,5.19783549535191e-10,4.092783854607803e-12
stem.conv,10,0.09312163293361664,0.0007332412042017058
stem.conv,11,0.07622303068637848,0.0006001813439872321
stem.conv,12,0.036474697291851044,0.0002872023408807169
stem.conv,13,1.955954509469393e-08,1.540121660999522e-10
stem.conv,14,0.021891752257943153,0.00017237600203104844
stem.conv,15,0.1951124221086502,0.0015363182843200803
stem.conv,16,0.033756520599126816,0.00026579937479627414
stem.conv,17,0.01363107468932867,0.00010733129676636748
stem.conv,18,0.07907591760158539,0.0006226450204849243
stem.conv,19,0.021979426965117455,0.00017306635405604296
stem.conv,20,0.05766044184565544,0.0004540192271311452
stem.conv,21,0.010790877044200897,8.496753578110942e-05
stem.conv,22,0.03202783316373825,0.0002521876627066004
stem.conv,23,0.1954483836889267,0.001538963651093911
stem.conv,24,0.39387547969818115,0.003101381729906938
stem.conv,25,0.03130430728197098,0.00024649060851945654
stem.conv,26,0.021718639880418777,0.00017101291244424235
stem.conv,27,0.0339835062623024,0.000267586663482696
stem.conv,28,0.07778121531009674,0.0006124505142527302
stem.conv,29,0.10759951174259186,0.0008472402499416681
stem.conv,30,0.13582974672317505,0.0010695255647494098
stem.conv,31,0.06047243997454643,0.000476160944681468
stem.conv,32,0.03593476489186287,0.00028295090466033755
stem.conv,33,0.08663322031497955,0.0006821513410628312
stem.conv,34,0.04870042949914932,0.0003834679488121994
stem.conv,35,0.03628549724817276,0.00028571257675726584
stem.conv,36,8.05232508276077e-13,6.340413450992732e-15
stem.conv,37,0.03777443617582321,0.0002974365053214426
stem.conv,38,6.448712549199376e-14,5.077726416692422e-16
stem.conv,39,0.3698194622993469,0.002911964270073598
stem.conv,40,0.2855282127857208,0.002248253643982054
stem.conv,41,0.1498199999332428,0.0011796850388444316
stem.conv,42,0.14510995149612427,0.001142598043276569
stem.conv,43,0.07941333204507828,0.0006253018271266006
stem.conv,44,0.10284541547298431,0.0008098064210471206
stem.conv,45,0.03783091530203819,0.00029788122285069444
stem.conv,46,0.016752032563090324,0.00013190576821330965
stem.conv,47,0.2181129902601242,0.0017174251201584583
stem.conv,48,1.286344213655491e-13,1.0128694595712526e-15
stem.conv,49,0.15919184684753418,0.0012534791090357022
stem.conv,50,0.30834105610847473,0.002427882331562793
stem.conv,51,0.13927511870861053,0.0010966544780205553
stem.conv,52,0.06553611904382706,0.000516032433415961
stem.conv,53,0.26965028047561646,0.002123230554926114
stem.conv,54,0.011114773340523243,8.751790031908065e-05
stem.conv,55,0.20308618247509003,0.0015991037990164569
stem.conv,56,0.05374322459101677,0.0004231749967796596
stem.conv,57,0.024304280057549477,0.0001913722839177124
stem.conv,58,0.06199304759502411,0.0004881342330316859
stem.conv,59,0.15965735912322998,0.001257144560025433
stem.conv,60,0.12977784872055054,0.001021872824571264
stem.conv,61,0.00940223503857851,7.40333467604607e-05
stem.conv,62,0.0358738899230957,0.000282471574197604
stem.conv,63,0.12594284117221832,0.0009916759147418765
layer1.0.conv1,0,0.3745041787624359,0.002948851801279023
layer1.0.conv1,1,0.11910731345415115,0.0009378528618437099
layer1.0.conv1,2,0.27157288789749146,0.00213836919604324
layer1.0.conv1,3,0.2091611623764038,0.0016469382864283764
layer1.0.conv1,4,0.18325215578079224,0.001442930360478679
layer1.0.conv1,5,0.12107247114181519,0.0009533265444237417
layer1.0.conv1,6,0.27902472019195557,0.00219704504088154
layer1.0.conv1,7,0.051017433404922485,0.0004017120740545078
layer1.0.conv1,8,0.17521540820598602,0.001379648883511701
layer1.0.conv1,9,0.1024099811911583,0.0008063778046547897
layer1.0.conv1,10,0.09943841397762299,0.0007829796376190786
layer1.0.conv1,11,0.18015195429325104,0.0014185193251437089
layer1.0.conv1,12,0.2400500327348709,0.0018901577380698498
layer1.0.conv1,13,0.07578595727682114,0.0005967398210773318
layer1.0.conv1,14,0.12476004660129547,0.0009823625716637438
layer1.0.conv1,15,0.19948036968708038,0.0015707115723392155
layer1.0.conv1,16,0.23535573482513428,0.0018531947624026322
layer1.0.conv1,17,0.09589190036058426,0.0007550543335479075
layer1.0.conv1,18,0.2273213118314743,0.0017899315892242072
layer1.0.conv1,19,0.16570626199245453,0.00130477371647602
layer1.0.conv1,20,0.19323737919330597,0.001521554166876425
layer1.0.conv1,21,0.19563758373260498,0.001540453415217362
layer1.0.conv1,22,0.2555064857006073,0.0020118620921307662
layer1.0.conv1,23,0.15634343028068542,0.0012310506321313813
layer1.0.conv1,24,0.17065675556659698,0.0013437539808393464
layer1.0.conv1,25,0.15431438386440277,0.0012150738886960847
layer1.0.conv1,26,0.062405265867710114,0.0004913800462024419
layer1.0.conv1,27,0.17651191353797913,0.0013898575869132216
layer1.0.conv1,28,0.2587372362613678,0.002037301072924156
layer1.0.conv1,29,0.15011824667453766,0.0011820334383821863
layer1.0.conv1,30,0.3326396644115448,0.0026192099559964157
layer1.0.conv1,31,0.28630331158638,0.0022543567841447243
layer1.0.conv1,32,0.2109154909849167,0.001660751897519029
layer1.0.conv1,33,0.22951871156692505,0.0018072339493458666
layer1.0.conv1,34,0.3048941195011139,0.0024007410984339676
layer1.0.conv1,35,0.1986115276813507,0.0015638702967035489
layer1.0.conv1,36,0.1560465544462204,0.0012287130271355937
layer1.0.conv1,37,0.21912536025047302,0.0017253965374052994
layer1.0.conv1,38,0.22184528410434723,0.0017468132606641513
layer1.0.conv1,39,0.280036598443985,0.00220501258617311
layer1.0.conv1,40,0.23773543536663055,0.001871932561941973
layer1.0.conv1,41,0.19512638449668884,0.0015364282243833767
layer1.0.conv1,42,0.14165255427360535,0.0011153744430992547
layer1.0.conv1,43,0.13435561954975128,0.0010579182641712699
layer1.0.conv1,44,0.06391359865665436,0.0005032566823358611
layer1.0.conv1,45,0.2089039385318756,0.001644912901825792
layer1.0.conv1,46,0.22827047109603882,0.0017974052842207782
layer1.0.conv1,47,0.15464839339256287,0.0012177038849808099
layer1.0.conv1,48,0.20058132708072662,0.0015793805281946979
layer1.0.conv1,49,0.15881235897541046,0.001250491015554413
layer1.0.conv1,50,0.10129720717668533,0.0007976158045408294
layer1.0.conv1,51,0.14939583837985992,0.0011763451840933851
layer1.0.conv1,52,0.10598239302635193,0.0008345070317035585
layer1.0.conv1,53,0.2907543480396271,0.002289404315272654
layer1.0.conv1,54,0.277300626039505,0.002183469496374055
layer1.0.conv1,55,0.2970120906829834,0.00233867787939357
layer1.0.conv1,56,0.09927035123109818,0.0007816563089062848
layer1.0.conv1,57,0.12150299549102783,0.000956716499929353
layer1.0.conv1,58,0.22460992634296417,0.0017685820971886943
layer1.0.conv1,59,0.13828939199447632,0.0010888928503502073
layer1.0.conv1,60,0.1850714534521103,0.0014572555389929945
layer1.0.conv1,61,0.16076144576072693,0.001265838155596275
layer1.0.conv1,62,0.0938112735748291,0.0007386714454710953
layer1.0.conv1,63,0.24569012224674225,0.0019345678917066318
layer1.0.conv2,0,0.24522247910499573,0.0019308856622440608
layer1.0.conv2,1,0.15553294122219086,0.0012246688285211878
layer1.0.conv2,2,0.1383361965417862,0.0010892613900928046
layer1.0.conv2,3,0.3890562057495117,0.0030634346909410373
layer1.0.conv2,4,0.07970856130123138,0.0006276264669388298
layer1.0.conv2,5,0.38728874921798706,0.003049517710377851
layer1.0.conv2,6,0.11248841881752014,0.0008857355812403161
layer1.0.conv2,7,0.2947211265563965,0.0023206387917826493
layer1.0.conv2,8,0.4445130228996277,0.0035001025425167535
layer1.0.conv2,9,0.37528881430625916,0.0029550300339075525
layer1.0.conv2,10,0.10695985704660416,0.0008422035987921587
layer1.0.conv2,11,0.5358688831329346,0.004219440024668776
layer1.0.conv2,12,0.5674289464950562,0.004467944460590993
layer1.0.conv2,13,0.4383090138435364,0.0034512520775081606
layer1.0.conv2,14,0.2811306118965149,0.002213626865326889
layer1.0.conv2,15,0.246001735329628,0.001937021538028567
layer1.0.conv2,16,0.17702218890190125,0.0013938755031645768
layer1.0.conv2,17,0.4516563415527344,0.003556349146084523
layer1.0.conv2,18,0.34184548258781433,0.0026916967132898767
layer1.0.conv2,19,0.18946696817874908,0.0014918658911712527
layer1.0.conv2,20,0.45118993520736694,0.0035526766551761176
layer1.0.conv2,21,0.2262231856584549,0.0017812849264445267
layer1.0.conv2,22,0.24056516587734222,0.0018942139045460017
layer1.0.conv2,23,0.26026198267936707,0.002049306950231237
layer1.0.conv2,24,0.12965701520442963,0.001020921379562438
layer1.0.conv2,25,0.15595491230487823,0.0012279914354714821
layer1.0.conv2,26,0.20149031281471252,0.0015865378961788389
layer1.0.conv2,27,0.2192496806383133,0.001726375438096955
layer1.0.conv2,28,0.3444365859031677,0.002712099101599746
layer1.0.conv2,29,0.22981388866901398,0.001809558178496173
layer1.0.conv2,30,0.30292242765426636,0.002385215965781625
layer1.0.conv2,31,0.30963245034217834,0.0024380507900958926
layer1.0.conv2,32,0.2054961919784546,0.001618080251798855
layer1.0.conv2,33,0.3250322639942169,0.0025593091653087945
layer1.0.conv2,34,0.14723674952983856,0.001159344484486918
layer1.0.conv2,35,0.1131405457854271,0.0008908704392553314
layer1.0.conv2,36,0.32237181067466736,0.002538360713973759
layer1.0.conv2,37,0.4838189482688904,0.0038095980178652787
layer1.0.conv2,38,0.23730549216270447,0.0018685471823834997
layer1.0.conv2,39,0.22635535895824432,0.001782325661088538
layer1.0.conv2,40,0.32233643531799316,0.002538082167858214
layer1.0.conv2,41,0.100533127784729,0.0007915994313758189
layer1.0.conv2,42,0.2675846219062805,0.0021069655268211064
layer1.0.conv2,43,0.3492821156978607,0.002750252879510714
layer1.0.conv2,44,0.2066938579082489,0.0016275106921909363
layer1.0.conv2,45,0.11241386085748672,0.0008851485106888718
layer1.0.conv2,46,0.443040132522583,0.0034885049804927798
layer1.0.conv2,47,0.22596727311611176,0.0017792698670559982
layer1.0.conv2,48,0.31300485134124756,0.0024646051286712407
layer1.0.conv2,49,0.47877517342567444,0.0037698832553202714
layer1.0.conv2,50,0.44368717074394226,0.003493599769637341
layer1.0.conv2,51,0.21641218662261963,0.001704032965532438
layer1.0.conv2,52,0.11451246589422226,0.0009016729597970257
layer1.0.conv2,53,0.18721957504749298,0.0014741698822637243
layer1.0.conv2,54,0.43017277121543884,0.003387187174924715
layer1.0.conv2,55,0.17788423597812653,0.0014006632754183191
layer1.0.conv2,56,0.30538779497146606,0.0024046283068619376
layer1.0.conv2,57,0.2731459140777588,0.0021507552289587307
layer1.0.conv2,58,0.32794860005378723,0.0025822724413684032
layer1.0.conv2,59,0.3829987049102783,0.0030157378339391995
layer1.0.conv2,60,0.2367905080318451,0.0018644921892271267
layer1.0.conv2,61,0.080408476293087,0.0006331376086069843
layer1.0.conv2,62,0.43093404173851013,0.003393181431011891
layer1.0.conv2,63,0.7707811594009399,0.006069142987408976
layer1.1.conv1,0,0.1046188473701477,0.0008237704517334465
layer1.1.conv1,1,0.2535773813724518,0.0019966722942712737
layer1.1.conv1,2,0.11358678340911865,0.0008943841213316429
layer1.1.conv1,3,0.09378288686275482,0.0007384479280531876
layer1.1.conv1,4,0.18975652754306793,0.0014941458861658893
layer1.1.conv1,5,0.15495476126670837,0.0012201162304465226
layer1.1.conv1,6,0.08741036057472229,0.0006882705557064747
layer1.1.conv1,7,0.2799574136734009,0.0022043890840425266
layer1.1.conv1,8,0.19702434539794922,0.001551372798409049
layer1.1.conv1,9,0.2220403254032135,0.0017483490189229409
layer1.1.conv1,10,0.08515968918800354,0.0006705487337638074
layer1.1.conv1,11,0.07413303107023239,0.000583724654096318
layer1.1.conv1,12,0.15863873064517975,0.0012491238633478721
layer1.1.conv1,13,0.2280120849609375,0.0017953707477239174
layer1.1.conv1,14,0.14475740492343903,0.0011398220860113308
layer1.1.conv1,15,0.1703796237707138,0.001341571840714282
layer1.1.conv1,16,0.26628443598747253,0.0020967278424210436
layer1.1.conv1,17,0.11916081607341766,0.0009382741423103753
layer1.1.conv1,18,0.0664157122373581,0.0005229583640736858
layer1.1.conv1,19,0.17187117040157318,0.001353316302374592
layer1.1.conv1,20,0.0984717383980751,0.0007753680188824811
layer1.1.conv1,21,0.08573675900697708,0.0006750925906061188
layer1.1.conv1,22,0.0949239507317543,0.0007474326829271992
layer1.1.conv1,23,0.12903311848640442,0.0010160088069795623
layer1.1.conv1,24,0.1873520165681839,0.0014752127288833379
layer1.1.conv1,25,0.14633987843990326,0.0011522825074008131
layer1.1.conv1,26,0.11526358127593994,0.0009075872541412594
layer1.1.conv1,27,0.06850307434797287,0.0005393942862045108
layer1.1.conv1,28,0.08801883459091187,0.0006930616896922194
layer1.1.conv1,29,0.1425713300704956,0.0011226088981928788
layer1.1.conv1,30,0.0787748172879219,0.0006202741518734009
layer1.1.conv1,31,0.16622745990753174,0.0013088776370671791
layer1.1.conv1,32,0.15866054594516754,0.001249295637363524
layer1.1.conv1,33,0.18471360206604004,0.0014544378115436223
layer1.1.conv1,34,0.10584569722414017,0.0008334306868042532
layer1.1.conv1,35,0.107668437063694,0.0008477829690054646
layer1.1.conv1,36,0.12384472042322159,0.0009751552789230046
layer1.1.conv1,37,0.12890030443668365,0.0010149630270605012
layer1.1.conv1,38,0.11559313535690308,0.0009101821681645911
layer1.1.conv1,39,0.09216230362653732,0.0007256874301302151
layer1.1.conv1,40,0.12585200369358063,0.0009909606590045718
layer1.1.conv1,41,0.12007267773151398,0.0009454541553662517
layer1.1.conv1,42,0.07144643366336823,0.000562570343806049
layer1.1.conv1,43,0.12897366285324097,0.0010155406523877242
layer1.1.conv1,44,0.0959889367222786,0.0007558183993880204
layer1.1.conv1,45,0.10906495898962021,0.0008587792046426788
layer1.1.conv1,46,0.11868010461330414,0.0009344890127031822
layer1.1.conv1,47,0.21502675116062164,0.0016931240248867845
layer1.1.conv1,48,0.13510200381278992,0.001063795305612519
layer1.1.conv1,49,0.1711939573287964,0.0013479839159747746
layer1.1.conv1,50,0.24031244218349457,0.0018922239542007446
layer1.1.conv1,51,0.14073744416236877,0.001108168851672195
layer1.1.conv1,52,0.11574807018041611,0.0009114021274048513
layer1.1.conv1,53,0.12930911779403687,0.001018182029874306
layer1.1.conv1,54,0.13224360346794128,0.0010412882162830022
layer1.1.conv1,55,0.23361016809940338,0.0018394501425149873
layer1.1.conv1,56,0.1305127888917923,0.0010276597550534826
layer1.1.conv1,57,0.16539207100868225,0.0013022997717219075
layer1.1.conv1,58,0.09553122520446777,0.0007522143716887226
layer1.1.conv1,59,0.1605047583580017,0.0012638169949448954
layer1.1.conv1,60,0.13068708777427673,0.0010290321871990293
layer1.1.conv1,61,0.07347000390291214,0.0005785039677394657
layer1.1.conv1,62,0.1757488250732422,0.0013838490163247416
layer1.1.conv1,63,0.1233193501830101,0.0009710185053780323
layer1.1.conv2,0,0.23346446454524994,0.001838302870435039
layer1.1.conv2,1,0.5507661700248718,0.004336741496258833
layer1.1.conv2,2,0.289224773645401,0.0022773604224047323
layer1.1.conv2,3,0.4509378671646118,0.0035506918674378884
layer1.1.conv2,4,0.10911301523447037,0.0008591576002714202
layer1.1.conv2,5,0.7260782718658447,0.0057171517469751555
layer1.1.conv2,6,0.37624284625053406,0.002962542096460898
layer1.1.conv2,7,0.7463598251342773,0.005876849016805333
layer1.1.conv2,8,0.5820925831794739,0.004583406166767511
layer1.1.conv2,9,0.3976474404335022,0.0031310822081378124
layer1.1.conv2,10,0.15072959661483765,0.0011868472174396665
layer1.1.conv2,11,0.5132442712783813,0.004041293474632924
layer1.1.conv2,12,0.8894178867340088,0.007003290446724478
layer1.1.conv2,13,0.29635730385780334,0.0023335220776204988
layer1.1.conv2,14,0.25095227360725403,0.001976002154387827
layer1.1.conv2,15,0.37609902024269104,0.0029614096082101657
layer1.1.conv2,16,0.4123915433883667,0.003247177506995013
layer1.1.conv2,17,0.6697598695755005,0.005273699760437012
layer1.1.conv2,18,0.5975850224494934,0.004705393877555066
layer1.1.conv2,19,0.19522325694561005,0.0015371909995717326
layer1.1.conv2,20,0.5263733863830566,0.004144672333724855
layer1.1.conv2,21,0.21797840297222137,0.0017163653777340266
layer1.1.conv2,22,0.4285869896411896,0.0033747007058361382
layer1.1.conv2,23,0.32390668988227844,0.0025504463770258147
layer1.1.conv2,24,0.18541471660137177,0.001459958398435998
layer1.1.conv2,25,0.07816865295171738,0.0006155012043442313
layer1.1.conv2,26,0.17441770434379578,0.0013733677507385494
layer1.1.conv2,27,0.18899378180503845,0.0014881400142129012
layer1.1.conv2,28,0.6326736211776733,0.004981682056517113
layer1.1.conv2,29,0.2938101887702942,0.002313466053309403
layer1.1.conv2,30,0.369212806224823,0.0029071874505891574
layer1.1.conv2,31,0.33885830640792847,0.0026681756410073107
layer1.1.conv2,32,0.6613186597824097,0.005207233541593777
layer1.1.conv2,33,0.29438653588294983,0.002318004219550786
layer1.1.conv2,34,0.21021859347820282,0.0016552645155764002
layer1.1.conv2,35,0.15732698142528534,0.0012387951293329554
layer1.1.conv2,36,0.5958120822906494,0.004691433718824011
layer1.1.conv2,37,0.3474777936935425,0.002736045619634193
layer1.1.conv2,38,0.6403957605361938,0.005042486303434597
layer1.1.conv2,39,0.3610537350177765,0.002842942795415563
layer1.1.conv2,40,0.722783625125885,0.005691209646660512
layer1.1.conv2,41,0.12005368620157242,0.0009453046157604127
layer1.1.conv2,42,0.28683409094810486,0.002258536149197676
layer1.1.conv2,43,0.31693601608276367,0.0024955591817540446
layer1.1.conv2,44,0.24588051438331604,0.0019360670423883154
layer1.1.conv2,45,0.20648661255836487,0.001625878839042243
layer1.1.conv2,46,0.35927748680114746,0.002828956588985413
layer1.1.conv2,47,0.19039247930049896,0.0014991533803188895
layer1.1.conv2,48,0.4629970192909241,0.0036456458211883785
layer1.1.conv2,49,1.0473909378051758,0.008247172738623432
layer1.1.conv2,50,0.44469425082206726,0.003501529534032026
layer1.1.conv2,51,0.20139268040657043,0.0015857691370596096
layer1.1.conv2,52,0.9352970719337463,0.007364543873494066
layer1.1.conv2,53,0.11203789710998535,0.0008821881662203571
layer1.1.conv2,54,0.4465242028236389,0.003515938604910543
layer1.1.conv2,55,0.17915040254592896,0.0014106330909128264
layer1.1.conv2,56,0.23300804197788239,0.0018347089919518297
layer1.1.conv2,57,0.1415528655052185,0.001114589492167075
layer1.1.conv2,58,0.39924004673957825,0.0031436224152722697
layer1.1.conv2,59,0.34828293323516846,0.0027423853010643184
layer1.1.conv2,60,0.14894424378871918,0.0011727893211710171
layer1.1.conv2,61,0.05645659565925598,0.0004445401233012282
layer1.1.conv2,62,0.4210505783557892,0.0033153588846912534
layer1.1.conv2,63,0.4683706760406494,0.0036879580790602317
layer2.0.conv1,0,0.0754038393497467,0.0005937310185019425
layer2.0.conv1,1,0.08017545938491821,0.0006313028298025056
layer2.0.conv1,2,0.06282942742109299,0.000494719900953488
layer2.0.conv1,3,0.05486069619655609,0.00043197398579965425
layer2.0.conv1,4,0.07765097916126251,0.0006114250327658465
layer2.0.conv1,5,0.10727400332689285,0.0008446771915503374
layer2.0.conv1,6,0.045275140553712845,0.00035649716971427437
layer2.0.conv1,7,0.09314437210559845,0.0007334202527999878
layer2.0.conv1,8,0.07626990228891373,0.0006005504117237301
layer2.0.conv1,9,0.08884790539741516,0.0006995898062788596
layer2.0.conv1,10,0.13332821428775787,0.0010498284589587235
layer2.0.conv1,11,0.05958404392004013,0.0004691657001577963
layer2.0.conv1,12,0.10749418288469315,0.0008464108888558516
layer2.0.conv1,13,0.04906616359949112,0.00038634774487788284
layer2.0.conv1,14,0.04520908743143082,0.00035597706638921904
layer2.0.conv1,15,0.07681876420974731,0.0006048721591318686
layer2.0.conv1,16,0.11262290179729462,0.0008867945023409025
layer2.0.conv1,17,0.0689220279455185,0.0005426931334292795
layer2.0.conv1,18,0.10147199034690857,0.000798992049975658
layer2.0.conv1,19,0.09646382927894592,0.0007595577108578419
layer2.0.conv1,20,0.08807273954153061,0.0006934861381222882
layer2.0.conv1,21,0.07864479720592499,0.0006192503717001968
layer2.0.conv1,22,0.11100270599126816,0.0008740370550493556
layer2.0.conv1,23,0.12148654460906982,0.0009565869654257467
layer2.0.conv1,24,0.08347819745540619,0.0006573086413811511
layer2.0.conv1,25,0.10368046164512634,0.0008163815877569004
layer2.0.conv1,26,0.1075371503829956,0.0008467492156141387
layer2.0.conv1,27,0.08729249238967896,0.0006873424597612516
layer2.0.conv1,28,0.1373438686132431,0.0010814477843562448
layer2.0.conv1,29,0.05361538380384445,0.00042216837640822404
layer2.0.conv1,30,0.06412327289581299,0.0005049076605969527
layer2.0.conv1,31,0.09794526547193527,0.0007712225627711438
layer2.0.conv1,32,0.05376627668738365,0.0004233565093494776
layer2.0.conv1,33,0.07738497853279114,0.0006093305396282767
layer2.0.conv1,34,0.07939843833446503,0.0006251845538146853
layer2.0.conv1,35,0.10978569090366364,0.0008644542590839656
layer2.0.conv1,36,0.08453209698200226,0.0006656070628504115
layer2.0.conv1,37,0.09729956090450287,0.0007661382748386053
layer2.0.conv1,38,0.07226750254631042,0.0005690354531205545
layer2.0.conv1,39,0.0728466659784317,0.0005735957951057614
layer2.0.conv1,40,0.08640170097351074,0.0006803283541221318
layer2.0.conv1,41,0.11408092081546783,0.0008982749670509278
layer2.0.conv1,42,0.21269580721855164,0.0016747701355791468
layer2.0.conv1,43,0.08721110969781876,0.0006867016511639272
layer2.0.conv1,44,0.05132457613945007,0.00040413052078307145
layer2.0.conv1,45,0.0517592653632164,0.00040755327057650706
layer2.0.conv1,46,0.06887932121753693,0.0005423568599806057
layer2.0.conv1,47,0.11146879941225052,0.0008777070819862246
layer2.0.conv1,48,0.05782468989491463,0.0004553125188575955
layer2.0.conv1,49,0.13243158161640167,0.0010427683591842651
layer2.0.conv1,50,0.09920832514762878,0.0007811679145482581
layer2.0.conv1,51,0.07621845602989197,0.0006001453230700155
layer2.0.conv1,52,0.09628663212060928,0.0007581624576425928
layer2.0.conv1,53,0.05352794751524925,0.000421479901694876
layer2.0.conv1,54,0.07342096418142319,0.0005781178282001825
layer2.0.conv1,55,0.08067788928747177,0.0006352589707674943
layer2.0.conv1,56,0.059143297374248505,0.00046569525491534254
layer2.0.conv1,57,0.04857144132256508,0.0003824522938784652
layer2.0.conv1,58,0.06607295572757721,0.0005202594939179308
layer2.0.conv1,59,0.18150150775909424,0.0014291457303865689
layer2.0.conv1,60,0.05135384202003479,0.00040436096078767553
layer2.0.conv1,61,0.07822167128324509,0.0006159186715216148
layer2.0.conv1,62,0.05157642439007759,0.0004061135778746267
layer2.0.conv1,63,0.06873347610235214,0.0005412084732468673
layer2.0.conv1,64,0.04445739462971687,0.0003500582254308415
layer2.0.conv1,65,0.08596614003181458,0.0006768987404079888
layer2.0.conv1,66,0.08289182186126709,0.0006526915107186386
layer2.0.conv1,67,0.07896537333726883,0.0006217745932068411
layer2.0.conv1,68,0.07557841390371323,0.0005951056212890805
layer2.0.conv1,69,0.12222402542829514,0.000962393901010198
layer2.0.conv1,70,0.11519601941108704,0.0009070552709534413
layer2.0.conv1,71,0.06064608693122864,0.0004775282435529814
layer2.0.conv1,72,0.0899183601140976,0.0007080185835755716
layer2.0.conv1,73,0.08279871195554733,0.0006519583618547034
layer2.0.conv1,74,0.10664576292037964,0.0008397304166959026
layer2.0.conv1,75,0.10452733188867569,0.0008230498573911472
layer2.0.conv1,76,0.10040665417909622,0.0007906035762133561
layer2.0.conv1,77,0.07497142255306244,0.0005903261618351373
layer2.0.conv1,78,0.06883317977190018,0.000541993541511025
layer2.0.conv1,79,0.07239514589309692,0.0005700405188432829
layer2.0.conv1,80,0.09596727043390274,0.0007556477986921476
layer2.0.conv1,81,0.10690198838710785,0.0008417479400559673
layer2.0.conv1,82,0.09265191853046417,0.0007295426655942061
layer2.0.conv1,83,0.09244751185178757,0.0007279331641873037
layer2.0.conv1,84,0.0847451388835907,0.0006672845581385095
layer2.0.conv1,85,0.06806157529354095,0.0005359179156971728
layer2.0.conv1,86,0.10361140966415405,0.0008158378713712918
layer2.0.conv1,87,0.07358773052692413,0.0005794309490308987
layer2.0.conv1,88,0.06380429863929749,0.000502396052277933
layer2.0.conv1,89,0.08389171957969666,0.0006605647210999737
layer2.0.conv1,90,0.10235796868801117,0.0008059682573859147
layer2.0.conv1,91,0.04697706550359726,0.000369898153571632
layer2.0.conv1,92,0.10010465979576111,0.0007882256676831584
layer2.0.conv1,93,0.11112836003303528,0.0008750264569530337
layer2.0.conv1,94,0.04130551218986511,0.0003252402534635048
layer2.0.conv1,95,0.0763021856546402,0.0006008046114538598
layer2.0.conv1,96,0.07295400649309158,0.0005744409960085951
layer2.0.conv1,97,0.046899426728487015,0.000369286824633756
layer2.0.conv1,98,0.07776962220668793,0.0006123592299739207
layer2.0.conv1,99,0.08774800598621368,0.0006909291809938085
layer2.0.conv1,100,0.0933949425816536,0.0007353932486744378
layer2.0.conv1,101,0.10113512724637985,0.0007963395846171642
layer2.0.conv1,102,0.09553318470716476,0.000752229800843817
layer2.0.conv1,103,0.0604797825217247,0.0004762187600135803
layer2.0.conv1,104,0.04840852692723274,0.00038116950336403735
layer2.0.conv1,105,0.06453750282526016,0.0005081693135847257
layer2.0.conv1,106,0.10597071051597595,0.0008344150434328816
layer2.0.conv1,107,0.053165923804044724,0.00041862932129169074
layer2.0.conv1,108,0.11552014946937561,0.0009096074761368158
layer2.0.conv1,109,0.08231408149003983,0.0006481423739373214
layer2.0.conv1,110,0.14254896342754364,0.0011224327828940443
layer2.0.conv1,111,0.09503845870494843,0.0007483343205114049
layer2.0.conv1,112,0.1265164464712143,0.0009961924918993252
layer2.0.conv1,113,0.04893185943365097,0.00038529023176103126
layer2.0.conv1,114,0.054875824600458145,0.0004320931070902216
layer2.0.conv1,115,0.12186330556869507,0.0009595535871550793
layer2.0.conv1,116,0.1161782518029213,0.0009147893842749708
layer2.0.conv1,117,0.07822047173976898,0.0006159092262973936
layer2.0.conv1,118,0.08801602572202682,0.0006930395726143844
layer2.0.conv1,119,0.0921599417924881,0.0007256688330117173
layer2.0.conv1,120,0.05214151740074158,0.00041056312913969744
layer2.0.conv1,121,0.10622098296880722,0.0008363856926677734
layer2.0.conv1,122,0.06626894325017929,0.0005218027027573172
layer2.0.conv1,123,0.11251118779182434,0.0008859148645025539
layer2.0.conv1,124,0.12290316820144653,0.0009677414819011538
layer2.0.conv1,125,0.06579777598381042,0.0005180927242819718
layer2.0.conv1,126,0.08242162317037582,0.0006489891588218569
layer2.0.conv1,127,0.12152118980884552,0.0009568597622743742
layer2.0.conv2,0,0.14973904192447662,0.0011790475742084773
layer2.0.conv2,1,0.20226827263832092,0.0015926635640812672
layer2.0.conv2,2,0.3111363649368286,0.0024498926372978633
layer2.0.conv2,3,0.1521596610546112,0.0011981075673591433
layer2.0.conv2,4,0.30186861753463745,0.0023769182483042318
layer2.0.conv2,5,0.3469789922237396,0.0027321180490058237
layer2.0.conv2,6,0.3215016722679138,0.0025315092304560144
layer2.0.conv2,7,0.16524213552474976,0.0013011191773602342
layer2.0.conv2,8,0.29438498616218567,0.002317992017025084
layer2.0.conv2,9,0.11269138753414154,0.0008873337601113507
layer2.0.conv2,10,0.13558313250541687,0.0010675837205150935
layer2.0.conv2,11,0.2930568754673004,0.0023075344524984285
layer2.0.conv2,12,0.21862655878067017,0.0017214689667769305
layer2.0.conv2,13,0.2867740988731384,0.0022580637706546332
layer2.0.conv2,14,0.11700891703367233,0.0009213300553832468
layer2.0.conv2,15,0.1393406242132187,0.0010971702693954228
layer2.0.conv2,16,0.20929870009422302,0.0016480212605844333
layer2.0.conv2,17,0.2987244129180908,0.0023521607316385105
layer2.0.conv2,18,0.13063181936740875,0.0010285970028929823
layer2.0.conv2,19,0.20525674521923065,0.0016161948442459106
layer2.0.conv2,20,0.6737061142921448,0.005304772553481455
layer2.0.conv2,21,0.30633172392845154,0.0024120608183342642
layer2.0.conv2,22,0.1010638177394867,0.0007957780924369031
layer2.0.conv2,23,0.5563268065452576,0.00438052603578943
layer2.0.conv2,24,0.12426816672086716,0.0009784895017391116
layer2.0.conv2,25,0.16937248408794403,0.0013336416069916852
layer2.0.conv2,26,0.2434084415435791,0.0019166019019179457
layer2.0.conv2,27,0.16889286041259766,0.001329865042618879
layer2.0.conv2,28,0.13253222405910492,0.0010435608193630308
layer2.0.conv2,29,0.14884604513645172,0.0011720161034366277
layer2.0.conv2,30,0.259055495262146,0.002039807049308236
layer2.0.conv2,31,0.26161307096481323,0.002059945440667821
layer2.0.conv2,32,0.21343524754047394,0.0016805925003186924
layer2.0.conv2,33,0.16376501321792603,0.0012894882930545356
layer2.0.conv2,34,0.2095417082309723,0.0016499347104800967
layer2.0.conv2,35,0.2578646242618561,0.0020304301122980794
layer2.0.conv2,36,0.14551721513271332,0.0011458048435646717
layer2.0.conv2,37,0.18718461692333221,0.0014738946214435608
layer2.0.conv2,38,0.33027663826942444,0.00260060345094035
layer2.0.conv2,39,0.2276703417301178,0.0017926798561426597
layer2.0.conv2,40,0.2519528865814209,0.0019838809967041016
layer2.0.conv2,41,0.11321770399808884,0.0008914779842369199
layer2.0.conv2,42,0.17295926809310913,0.0013618840007331428
layer2.0.conv2,43,0.1296425759792328,0.0010208076848758486
layer2.0.conv2,44,0.15109765529632568,0.001189745317293903
layer2.0.conv2,45,0.1974589079618454,0.0015547945508806724
layer2.0.conv2,46,0.24574905633926392,0.0019350319396792435
layer2.0.conv2,47,0.2747998833656311,0.002163778609178198
layer2.0.conv2,48,0.33556756377220154,0.002642264281670878
layer2.0.conv2,49,0.45846763253211975,0.003609981358520628
layer2.0.conv2,50,0.14553768932819366,0.0011459660577023123
layer2.0.conv2,51,0.4332827925682068,0.0034116755320331245
layer2.0.conv2,52,0.1683826595544815,0.0013258477130274134
layer2.0.conv2,53,0.1351725310087204,0.0010643506378639402
layer2.0.conv2,54,0.1970221996307373,0.0015513559026042306
layer2.0.conv2,55,0.14894503355026245,0.001172795539765846
layer2.0.conv2,56,0.15191970765590668,0.0011962181705189503
layer2.0.conv2,57,0.1398824155330658,0.0011014363427800456
layer2.0.conv2,58,0.2747637927532196,0.0021634944311277136
layer2.0.conv2,59,0.22517485916614532,0.0017730303871350025
layer2.0.conv2,60,0.2780684232711792,0.002189515143867553
layer2.0.conv2,61,0.2867213189601898,0.002257648180788896
layer2.0.conv2,62,0.48518720269203186,0.0038203716747404084
layer2.0.conv2,63,0.24189816415309906,0.00190470995396141
layer2.0.conv2,64,0.3005734384059906,0.002366719987448745
layer2.0.conv2,65,0.4787701368331909,0.0037698435971117395
layer2.0.conv2,66,0.27290788292884827,0.002148880967943687
layer2.0.conv2,67,0.23911041021347046,0.0018827591355391375
layer2.0.conv2,68,0.20505647361278534,0.0016146179024628766
layer2.0.conv2,69,0.31852659583091736,0.002508083431739507
layer2.0.conv2,70,0.21597611904144287,0.0017005993625310463
layer2.0.conv2,71,0.5905731916427612,0.0046501826113603244
layer2.0.conv2,72,0.5764448642730713,0.004538935939158041
layer2.0.conv2,73,0.1994362473487854,0.001570364152352641
layer2.0.conv2,74,0.1713646501302719,0.0013493279537816687
layer2.0.conv2,75,0.17161016166210175,0.00135126111544962
layer2.0.conv2,76,0.23302844166755676,0.0018348696194295808
layer2.0.conv2,77,0.14926177263259888,0.0011752895482881802
layer2.0.conv2,78,0.1503218114376068,0.001183636310532337
layer2.0.conv2,79,0.3556695580482483,0.0028005477011673096
layer2.0.conv2,80,0.2245902568101883,0.0017684272189778605
layer2.0.conv2,81,0.27715349197387695,0.002182310960424228
layer2.0.conv2,82,0.2502233684062958,0.0019702627433566596
layer2.0.conv2,83,0.09969061613082886,0.0007849654813451092
layer2.0.conv2,84,0.24054908752441406,0.001894087303341843
layer2.0.conv2,85,0.0922500342130661,0.0007263782221501268
layer2.0.conv2,86,0.2605363130569458,0.0020514670319444553
layer2.0.conv2,87,0.46355071663856506,0.003650005642823347
layer2.0.conv2,88,0.25303971767425537,0.0019924387218445304
layer2.0.conv2,89,0.46613702178001404,0.003670370250236331
layer2.0.conv2,90,0.14678683876991272,0.0011558018800780529
layer2.0.conv2,91,0.7241502404212952,0.005701970397018072
layer2.0.conv2,92,0.23259268701076508,0.0018314384803997251
layer2.0.conv2,93,0.2748722732067108,0.002164348607926857
layer2.0.conv2,94,0.24014568328857422,0.0018909108920360175
layer2.0.conv2,95,0.32191234827041626,0.0025347428997670573
layer2.0.conv2,96,0.12896250188350677,0.0010154527707362739
layer2.0.conv2,97,0.11162834614515305,0.000878963355473646
layer2.0.conv2,98,0.37056878209114075,0.0029178644259144943
layer2.0.conv2,99,0.1948573887348175,0.0015343101475182482
layer2.0.conv2,100,0.38634905219078064,0.003042118521187249
layer2.0.conv2,101,0.11108046770095825,0.0008746493519760492
layer2.0.conv2,102,0.29635411500930786,0.002333496968577227
layer2.0.conv2,103,0.2940236032009125,0.0023151464818969487
layer2.0.conv2,104,0.3931240737438202,0.0030954651475891353
layer2.0.conv2,105,0.2217690646648407,0.001746213107597171
layer2.0.conv2,106,0.15323708951473236,0.0012065912560215147
layer2.0.conv2,107,0.170640230178833,0.0013436238596758504
layer2.0.conv2,108,0.3925766944885254,0.0030911550747127984
layer2.0.conv2,109,0.17749260365962982,0.001397579556375038
layer2.0.conv2,110,0.3146074712276459,0.0024772241828948495
layer2.0.conv2,111,0.3700820803642273,0.0029140321288521833
layer2.0.conv2,112,0.40438908338546753,0.0031841660109091932
layer2.0.conv2,113,0.609241247177124,0.004797175174623023
layer2.0.conv2,114,0.1596331149339676,0.0012569536608973825
layer2.0.conv2,115,0.29553160071372986,0.002327020478060865
layer2.0.conv2,116,0.29254892468452454,0.0023035348400356264
layer2.0.conv2,117,0.3314037621021271,0.002609478441749032
layer2.0.conv2,118,0.2654818296432495,0.0020904081074271615
layer2.0.conv2,119,0.12797552347183228,0.0010076812871797818
layer2.0.conv2,120,0.3978530466556549,0.0031327011547689363
layer2.0.conv2,121,0.0765783041715622,0.0006029787730044267
layer2.0.conv2,122,0.2788575291633606,0.0021957285760894536
layer2.0.conv2,123,0.376443475484848,0.002964121854211402
layer2.0.conv2,124,0.22657115757465363,0.0017840248627925483
layer2.0.conv2,125,0.682421863079071,0.005373400496685598
layer2.0.conv2,126,0.10170266777276993,0.0008008084076596057
layer2.0.conv2,127,0.43936285376548767,0.003459550029649509
layer2.0.projection,0,0.38115981221199036,0.00300125836387394
layer2.0.projection,1,0.05160393938422203,0.000406330231371827
layer2.0.projection,2,0.07557953149080276,0.0005951144211874234
layer2.0.projection,3,0.41470181941986084,0.003265368656849298
layer2.0.projection,4,0.11623542755842209,0.0009152395870741897
layer2.0.projection,5,0.11362238228321075,0.0008946644274268564
layer2.0.projection,6,0.1578955054283142,0.0012432716962859386
layer2.0.projection,7,0.28664037585258484,0.00225701083348492
layer2.0.projection,8,0.14409582316875458,0.0011346127808563352
layer2.0.projection,9,0.19925476610660553,0.0015689351661937443
layer2.0.projection,10,0.5048176646232605,0.0039749422411280355
layer2.0.projection,11,0.21247242391109467,0.0016730112118983832
layer2.0.projection,12,0.3606802523136139,0.002840001986721369
layer2.0.projection,13,0.10342980921268463,0.0008144079465565719
layer2.0.projection,14,0.3266738951206207,0.002572235394650557
layer2.0.projection,15,0.2248086929321289,0.0017701471884419599
layer2.0.projection,16,0.15326696634292603,0.001206826506637213
layer2.0.projection,17,0.12406601756811142,0.0009768977761268616
layer2.0.projection,18,0.34241849184036255,0.002696208597168209
layer2.0.projection,19,0.0542648583650589,0.0004272823493311724
layer2.0.projection,20,0.6589617729187012,0.005188675377312608
layer2.0.projection,21,0.046680156141519547,0.00036756028457889404
layer2.0.projection,22,0.3948514461517334,0.003109066505131759
layer2.0.projection,23,0.06760413199663162,0.0005323159999734773
layer2.0.projection,24,0.23647503554821014,0.0018620081539229146
layer2.0.projection,25,0.03234277665615082,0.000254667532725597
layer2.0.projection,26,0.156935915350914,0.0012357158689048347
layer2.0.projection,27,0.42183616757392883,0.0033215446265663687
layer2.0.projection,28,0.2740892767906189,0.0021581832818158967
layer2.0.projection,29,0.36062178015708923,0.0028395415760400725
layer2.0.projection,30,0.14244550466537476,0.0011216181469714548
layer2.0.projection,31,0.04428819939494133,0.000348725979487727
layer2.0.projection,32,0.4135113060474396,0.003255994535806611
layer2.0.projection,33,0.272307425737381,0.002144152958562055
layer2.0.projection,34,0.4872244894504547,0.0038364133027594858
layer2.0.projection,35,0.4773671627044678,0.003758796556728093
layer2.0.projection,36,0.11531238257884979,0.000907971516368896
layer2.0.projection,37,0.4635156989097595,0.0036497299126752717
layer2.0.projection,38,0.22024396061897278,0.0017342044143226203
layer2.0.projection,39,0.17315815389156342,0.0013634500306422316
layer2.0.projection,40,0.12105295807123184,0.0009531728981986759
layer2.0.projection,41,0.2731040120124817,0.002150425291436864
layer2.0.projection,42,0.2932742238044739,0.002309245856728141
layer2.0.projection,43,0.19943735003471375,0.001570372834919006
layer2.0.projection,44,0.350262850522995,0.0027579752009684647
layer2.0.projection,45,0.28108108043670654,0.002213236853832335
layer2.0.projection,46,0.3151242733001709,0.002481293490552527
layer2.0.projection,47,0.11160088330507278,0.0008787471126383684
layer2.0.projection,48,0.032746750861406326,0.00025784843197957735
layer2.0.projection,49,0.20849460363388062,0.0016416897923927608
layer2.0.projection,50,0.46957844495773315,0.003697468070533332
layer2.0.projection,51,0.10695096850395203,0.0008421336102673388
layer2.0.projection,52,0.06092565506696701,0.00047972956745643316
layer2.0.projection,53,0.4356788992881775,0.003430542514080138
layer2.0.projection,54,0.09488606452941895,0.0007471343663733775
layer2.0.projection,55,0.32757484912872314,0.0025793295206986075
layer2.0.projection,56,0.22675743699073792,0.0017854916298483301
layer2.0.projection,57,0.463497519493103,0.0036495867676622287
layer2.0.projection,58,0.07729259133338928,0.00060860308136527
layer2.0.projection,59,0.194339781999588,0.001530234503933764
layer2.0.projection,60,0.10106081515550613,0.0007957544500433554
layer2.0.projection,61,0.2615916430950165,0.002059776717283594
layer2.0.projection,62,0.13135038316249847,0.001034254985531484
layer2.0.projection,63,0.04045571759343147,0.0003185489574285943
layer2.0.projection,64,0.04583687707781792,0.0003609202919513222
layer2.0.projection,65,0.05150749161839485,0.00040557080014484134
layer2.0.projection,66,0.08635169267654419,0.000679934588004285
layer2.0.projection,67,0.08944950252771378,0.0007043267915568014
layer2.0.projection,68,0.08038834482431412,0.0006329790931048356
layer2.0.projection,69,0.06771952658891678,0.0005332246188103683
layer2.0.projection,70,0.23195219039916992,0.001826395199993464
layer2.0.projection,71,0.09487849473953247,0.0007470747617286021
layer2.0.projection,72,0.09550108015537262,0.0007519770090974222
layer2.0.projection,73,0.07110103964805603,0.000559850705890205
layer2.0.projection,74,0.1250682920217514,0.0009847897009586724
layer2.0.projection,75,0.06119104102253914,0.0004818192206499145
layer2.0.projection,76,0.04888316988945007,0.0003849068495232289
layer2.0.projection,77,0.027243077754974365,0.0002145124232675147
layer2.0.projection,78,0.4637937545776367,0.0036519193273829662
layer2.0.projection,79,0.16905245184898376,0.0013311216681022343
layer2.0.projection,80,0.25080156326293945,0.001974815458763303
layer2.0.projection,81,0.11401432752609253,0.0008977506104416734
layer2.0.projection,82,0.06555155664682388,0.0005161539893450699
layer2.0.projection,83,0.20122070610523224,0.0015844150087026161
layer2.0.projection,84,0.1717269867658615,0.00135218099815639
layer2.0.projection,85,0.5677342414855957,0.004470348358154297
layer2.0.projection,86,0.13533346354961395,0.0010656178232253068
layer2.0.projection,87,0.17413395643234253,0.0013711335152152954
layer2.0.projection,88,0.11372378468513489,0.0008954628715364952
layer2.0.projection,89,0.10966165363788605,0.0008634775876998901
layer2.0.projection,90,0.2876732349395752,0.0022651435822013794
layer2.0.projection,91,0.24461421370506287,0.0019260961709060068
layer2.0.projection,92,0.2256515622138977,0.0017767839544401394
layer2.0.projection,93,0.10283888876438141,0.0008097550296407985
layer2.0.projection,94,0.375675231218338,0.002958072686758567
layer2.0.projection,95,0.12519478797912598,0.0009857857321191022
layer2.0.projection,96,0.06898245215415955,0.0005431689145996815
layer2.0.projection,97,0.1949511021375656,0.0015350480483272884
layer2.0.projection,98,0.11884558945894241,0.0009357920429837986
layer2.0.projection,99,0.1583741307258606,0.0012470403994162252
layer2.0.projection,100,0.20990046858787537,0.001652759595180121
layer2.0.projection,101,0.30239337682724,0.0023810502112381103
layer2.0.projection,102,0.23044352233409882,0.0018145159238905418
layer2.0.projection,103,0.22093002498149872,0.0017396064959173127
layer2.0.projection,104,0.5702310800552368,0.004490008504371944
layer2.0.projection,105,0.12831684947013855,0.0010103688934656578
layer2.0.projection,106,0.057188160717487335,0.00045030047809045145
layer2.0.projection,107,0.048400528728961945,0.0003811065254248972
layer2.0.projection,108,0.045229218900203705,0.00035613558189136776
layer2.0.projection,109,0.1443096101284027,0.0011362961427433284
layer2.0.projection,110,0.09718310832977295,0.0007652213254312831
layer2.0.projection,111,0.10537548363208771,0.0008297282175754937
layer2.0.projection,112,0.30102506279945374,0.002370276085035069
layer2.0.projection,113,0.0701419860124588,0.0005522991024603056
layer2.0.projection,114,0.33463403582572937,0.002634913667919129
layer2.0.projection,115,0.10208947211503983,0.0008038541111420459
layer2.0.projection,116,0.26216039061546326,0.002064255044216246
layer2.0.projection,117,0.14859922230243683,0.0011700726165546206
layer2.0.projection,118,0.06586883217096329,0.0005186522218186086
layer2.0.projection,119,0.23815490305423737,0.0018752354571199793
layer2.0.projection,120,0.026387743651866913,0.0002077775090698182
layer2.0.projection,121,0.2314179539680481,0.0018221886139216385
layer2.0.projection,122,0.14928999543190002,0.001175511775054331
layer2.0.projection,123,0.002792598446831107,2.1988964148276435e-05
layer2.0.projection,124,0.190633624792099,0.001501052163717315
layer2.0.projection,125,0.08162181079387665,0.0006426914235738319
layer2.0.projection,126,0.6922508478164673,0.005450794077295018
layer2.0.projection,127,0.11102297902107239,0.0008741966852052943
layer2.1.conv1,0,0.16402627527713776,0.0012915454746231319
layer2.1.conv1,1,0.11776798963546753,0.0009273070050036813
layer2.1.conv1,2,0.10988739877939224,0.0008652551084991515
layer2.1.conv1,3,0.08814433962106705,0.0006940499182761185
layer2.1.conv1,4,0.16818220913410187,0.0013242693632606445
layer2.1.conv1,5,0.10661255568265915,0.0008394689423831429
layer2.1.conv1,6,0.08091793209314346,0.0006371490715995548
layer2.1.conv1,7,0.23508407175540924,0.0018510556831134585
layer2.1.conv1,8,0.13549493253231049,0.0010668892325378777
layer2.1.conv1,9,0.163425475358963,0.001286814766606008
layer2.1.conv1,10,0.12022187560796738,0.0009466289417950187
layer2.1.conv1,11,0.13703078031539917,0.0010789825221684975
layer2.1.conv1,12,0.11607521772384644,0.0009139780923137514
layer2.1.conv1,13,0.16735640168190002,0.0013177669423771656
layer2.1.conv1,14,0.09029777348041534,0.0007110060903969712
layer2.1.conv1,15,0.3017515540122986,0.0023759964882858154
layer2.1.conv1,16,0.1820310652256012,0.0014333154742173322
layer2.1.conv1,17,0.1354965716600418,0.0010669021390554473
layer2.1.conv1,18,0.13656988739967346,0.001075353444091917
layer2.1.conv1,19,0.12046355754137039,0.0009485319491446488
layer2.1.conv1,20,0.1955232471227646,0.0015395531269509022
layer2.1.conv1,21,0.09852426499128342,0.0007757816141045938
layer2.1.conv1,22,0.1399579793214798,0.0011020313332399984
layer2.1.conv1,23,0.10473379492759705,0.0008246755506110003
layer2.1.conv1,24,0.07380426675081253,0.0005811359586678151
layer2.1.conv1,25,0.16408714652061462,0.0012920247757528711
layer2.1.conv1,26,0.19444593787193298,0.0015310703769443542
layer2.1.conv1,27,0.25225943326950073,0.001986294750153549
layer2.1.conv1,28,0.22391609847545624,0.0017631188856335137
layer2.1.conv1,29,0.15586097538471222,0.0012272517746827734
layer2.1.conv1,30,0.11682230234146118,0.000919860648357962
layer2.1.conv1,31,0.16824519634246826,0.0013247653255312462
layer2.1.conv1,32,0.049962230026721954,0.00039340338603718075
layer2.1.conv1,33,0.1472562551498413,0.0011594980720459945
layer2.1.conv1,34,0.0860113650560379,0.0006772548429609283
layer2.1.conv1,35,0.15415211021900177,0.0012137961434567069
layer2.1.conv1,36,0.19386760890483856,0.00152651660554991
layer2.1.conv1,37,0.0911545529961586,0.0007177523857965244
layer2.1.conv1,38,0.1710454523563385,0.0013468145854829802
layer2.1.conv1,39,0.16400979459285736,0.0012914157054555698
layer2.1.conv1,40,0.21137268841266632,0.0016643518772650892
layer2.1.conv1,41,0.13803435862064362,0.0010868847135483749
layer2.1.conv1,42,0.17652422189712524,0.0013899545031269705
layer2.1.conv1,43,0.1697891801595688,0.0013369226784218015
layer2.1.conv1,44,0.17530736327171326,0.0013803729391473486
layer2.1.conv1,45,0.15083366632461548,0.0011876666639733502
layer2.1.conv1,46,0.2567848265171051,0.002021927767851221
layer2.1.conv1,47,0.18881262838840485,0.0014867136093575184
layer2.1.conv1,48,0.13302165269851685,0.001047414588177298
layer2.1.conv1,49,0.2308611124753952,0.0018178040352393324
layer2.1.conv1,50,0.3058438003063202,0.0024082189000497654
layer2.1.conv1,51,0.2152480036020279,0.0016948661700947078
layer2.1.conv1,52,0.10814886540174484,0.0008515658693050774
layer2.1.conv1,53,0.16579465568065643,0.0013054697297689483
layer2.1.conv1,54,0.2096526026725769,0.0016508078950596607
layer2.1.conv1,55,0.17420652508735657,0.0013717049219476895
layer2.1.conv1,56,0.16351179778575897,0.0012874944707540077
layer2.1.conv1,57,0.13581013679504395,0.0010693711558664879
layer2.1.conv1,58,0.13131900131702423,0.0010340078843860175
layer2.1.conv1,59,0.16481611132621765,0.00129776465611195
layer2.1.conv1,60,0.15331606566905975,0.0012072131155044074
layer2.1.conv1,61,0.16614803671836853,0.0013082522576249491
layer2.1.conv1,62,0.1404758095741272,0.001106108736804151
layer2.1.conv1,63,0.14449550211429596,0.0011377598591676848
layer2.1.conv1,64,0.07376378774642944,0.0005808172263498381
layer2.1.conv1,65,0.13614466786384583,0.0010720052587704395
layer2.1.conv1,66,0.12348031252622604,0.0009722859254033547
layer2.1.conv1,67,0.13245275616645813,0.001042935087924867
layer2.1.conv1,68,0.12893681228160858,0.0010152504904063669
layer2.1.conv1,69,0.1011585146188736,0.000796523737156485
layer2.1.conv1,70,0.20420582592487335,0.001607919889172231
layer2.1.conv1,71,0.21485115587711334,0.0016917413848591602
layer2.1.conv1,72,0.13908736407756805,0.001095176095098961
layer2.1.conv1,73,0.12286027520895004,0.0009674037418027562
layer2.1.conv1,74,0.09465570002794266,0.0007453204726609658
layer2.1.conv1,75,0.18706642091274261,0.0014729639441948238
layer2.1.conv1,76,0.09610546380281448,0.0007567359354552322
layer2.1.conv1,77,0.15545456111431122,0.001224051662317411
layer2.1.conv1,78,0.10305459797382355,0.0008114535273529413
layer2.1.conv1,79,0.2204178273677826,0.0017355734438408079
layer2.1.conv1,80,0.07750140875577927,0.000610247313037632
layer2.1.conv1,81,0.12620852887630463,0.0009937679439079104
layer2.1.conv1,82,0.17557333409786224,0.0013824671976209626
layer2.1.conv1,83,0.08945521712303162,0.0007043717883703276
layer2.1.conv1,84,0.10786451399326324,0.0008493268818367184
layer2.1.conv1,85,0.14115320146083832,0.0011114425311877032
layer2.1.conv1,86,0.08715204894542694,0.0006862366058695034
layer2.1.conv1,87,0.1443033665418625,0.0011362469806445864
layer2.1.conv1,88,0.3110506236553192,0.0024492175090970016
layer2.1.conv1,89,0.16443386673927307,0.0012947548562147486
layer2.1.conv1,90,0.10309919714927673,0.0008118047019628089
layer2.1.conv1,91,0.10857503116130829,0.0008549215052071519
layer2.1.conv1,92,0.14329364895820618,0.0011282964484898123
layer2.1.conv1,93,0.1768551766872406,0.0013925604463562251
layer2.1.conv1,94,0.1199212372303009,0.0009442617104748102
layer2.1.conv1,95,0.23593953251838684,0.0018577915946329673
layer2.1.conv1,96,0.10548912733793259,0.000830623049904981
layer2.1.conv1,97,0.07615115493535995,0.0005996153931918107
layer2.1.conv1,98,0.28338783979415894,0.0022314003133398343
layer2.1.conv1,99,0.13156233727931976,0.001035923915585195
layer2.1.conv1,100,0.15340685844421387,0.0012079280192457784
layer2.1.conv1,101,0.1283106952905655,0.0010103204353587834
layer2.1.conv1,102,0.15299919247627258,0.0012047180509942724
layer2.1.conv1,103,0.29668769240379333,0.0023361235622345934
layer2.1.conv1,104,0.14347516000270844,0.0011297256693126648
layer2.1.conv1,105,0.1070423498749733,0.000842853148621837
layer2.1.conv1,106,0.13317318260669708,0.001048607737060607
layer2.1.conv1,107,0.10804984718561172,0.0008507861983119033
layer2.1.conv1,108,0.09833517670631409,0.0007742927299709771
layer2.1.conv1,109,0.18071754276752472,0.001422972777697045
layer2.1.conv1,110,0.13801299035549164,0.0010867164594920602
layer2.1.conv1,111,0.12227633595466614,0.000962805794918631
layer2.1.conv1,112,0.14121150970458984,0.0011119016512172429
layer2.1.conv1,113,0.08468536287546158,0.0006668138809091462
layer2.1.conv1,114,0.11326493322849274,0.0008918498679408877
layer2.1.conv1,115,0.07807151228189468,0.0006147363171802731
layer2.1.conv1,116,0.12821118533611298,0.0010095368924103384
layer2.1.conv1,117,0.12032642215490341,0.0009474521429519954
layer2.1.conv1,118,0.16337130963802338,0.0012863882648663258
layer2.1.conv1,119,0.12040045112371445,0.000948035048218224
layer2.1.conv1,120,0.1368872970342636,0.0010778527325532568
layer2.1.conv1,121,0.1626737117767334,0.0012808953683207354
layer2.1.conv1,122,0.11217968910932541,0.0008833046386561056
layer2.1.conv1,123,0.10912403464317322,0.0008592443672690805
layer2.1.conv1,124,0.1098237931728363,0.000864754276951467
layer2.1.conv1,125,0.1654386967420578,0.00130266690348077
layer2.1.conv1,126,0.1726730763912201,0.0013596305227655126
layer2.1.conv1,127,0.11448855698108673,0.0009014847006384781
layer2.1.conv2,0,0.12017759680747986,0.000946280289822676
layer2.1.conv2,1,0.10534930974245071,0.0008295221239563048
layer2.1.conv2,2,0.2811681628227234,0.002213922541911208
layer2.1.conv2,3,0.3611128032207489,0.0028434078993759757
layer2.1.conv2,4,0.24751639366149902,0.0019489479815866064
layer2.1.conv2,5,0.3120943307876587,0.0024574356754933756
layer2.1.conv2,6,0.2820921540260315,0.0022211980631970983
layer2.1.conv2,7,0.15384212136268616,0.0012113552863203634
layer2.1.conv2,8,0.231281578540802,0.0018211147916598583
layer2.1.conv2,9,0.1481577306985855,0.0011665963047132718
layer2.1.conv2,10,0.2319282591342926,0.0018262067648369496
layer2.1.conv2,11,0.17578183114528656,0.0013841089066557997
layer2.1.conv2,12,0.17953026294708252,0.001413624117693563
layer2.1.conv2,13,0.24641045928001404,0.0019402398368505043
layer2.1.conv2,14,0.1678386628627777,0.0013215642745100606
layer2.1.conv2,15,0.17387476563453674,0.001369092642791628
layer2.1.conv2,16,0.17744511365890503,0.001397205619361457
layer2.1.conv2,17,0.2657245397567749,0.002092319210683267
layer2.1.conv2,18,0.10435405373573303,0.0008216854624860869
layer2.1.conv2,19,0.20211879909038544,0.001591486607010909
layer2.1.conv2,20,0.20741038024425507,0.001633152600348465
layer2.1.conv2,21,0.3816872835159302,0.0030054116812277968
layer2.1.conv2,22,0.13743183016777039,0.001082140395021814
layer2.1.conv2,23,0.48755547404289246,0.0038390194806526964
layer2.1.conv2,24,0.3448995053768158,0.0027157441368253214
layer2.1.conv2,25,0.30816125869750977,0.0024264666039173995
layer2.1.conv2,26,0.21833761036396027,0.0017191937823933879
layer2.1.conv2,27,0.21566437184810638,0.00169814466022131
layer2.1.conv2,28,0.1537056565284729,0.0012102807600667157
layer2.1.conv2,29,0.18612398207187653,0.0014655431659202876
layer2.1.conv2,30,0.16876211762428284,0.0013288355718447467
layer2.1.conv2,31,0.35584884881973267,0.002801959439525454
layer2.1.conv2,32,0.22106584906578064,0.0017406759768959106
layer2.1.conv2,33,0.19468793272972107,0.0015329758482655203
layer2.1.conv2,34,0.3955317437648773,0.0031144231792510023
layer2.1.conv2,35,0.8770783543586731,0.006906128774477741
layer2.1.conv2,36,0.260060578584671,0.002047721091217882
layer2.1.conv2,37,0.23233294486999512,0.001829393266692875
layer2.1.conv2,38,0.13454174995422363,0.0010593838579072727
layer2.1.conv2,39,0.13789133727550507,0.0010857585612244493
layer2.1.conv2,40,0.10488153249025345,0.0008258388385059326
layer2.1.conv2,41,0.1538262814283371,0.0012112305624278512
layer2.1.conv2,42,0.393273264169693,0.0030966398753519133
layer2.1.conv2,43,0.09861345589160919,0.0007764839046583401
layer2.1.conv2,44,0.14203180372714996,0.0011183606592688974
layer2.1.conv2,45,0.11937306821346283,0.0009399454190036444
layer2.1.conv2,46,0.16854342818260193,0.001327113607737023
layer2.1.conv2,47,0.1476755291223526,0.0011627994419082881
layer2.1.conv2,48,0.29121264815330505,0.002293012977585079
layer2.1.conv2,49,0.29406991600990295,0.002315511149684275
layer2.1.conv2,50,0.16896149516105652,0.0013304054737091064
layer2.1.conv2,51,0.5932029485702515,0.004670889358820878
layer2.1.conv2,52,0.27597707509994507,0.0021730478354326384
layer2.1.conv2,53,0.1802157461643219,0.0014190216233411173
layer2.1.conv2,54,0.14056959748268127,0.001106847224273081
layer2.1.conv2,55,0.1522754281759262,0.001199019119495482
layer2.1.conv2,56,0.15012380480766296,0.0011820772032099447
layer2.1.conv2,57,0.12525610625743866,0.0009862685532081785
layer2.1.conv2,58,0.2710532546043396,0.0021342775953097607
layer2.1.conv2,59,0.17043542861938477,0.0013420112489715337
layer2.1.conv2,60,0.3060291111469269,0.0024096780405269834
layer2.1.conv2,61,0.24492742121219635,0.0019285623717495775
layer2.1.conv2,62,0.40146568417549133,0.0031611471194920577
layer2.1.conv2,63,0.14677590131759644,0.0011557157584062712
layer2.1.conv2,64,0.15945135056972504,0.0012555224454309057
layer2.1.conv2,65,0.15128061175346375,0.001191185919318612
layer2.1.conv2,66,0.10574120283126831,0.0008326078963091992
layer2.1.conv2,67,0.21970528364181519,0.0017299628633213795
layer2.1.conv2,68,0.21316476166248322,0.0016784626902557733
layer2.1.conv2,69,0.5624255537986755,0.004428547667706106
layer2.1.conv2,70,0.33293071389198303,0.0026215016841888428
layer2.1.conv2,71,0.37930983304977417,0.0029866915988171192
layer2.1.conv2,72,0.34720471501350403,0.0027338953938071185
layer2.1.conv2,73,0.39195698499679565,0.0030862754724157136
layer2.1.conv2,74,0.10882804542779922,0.0008569137435259781
layer2.1.conv2,75,0.33245742321014404,0.002617774985906646
layer2.1.conv2,76,0.5819740891456604,0.0045824731428792155
layer2.1.conv2,77,0.15680687129497528,0.0012346997739761834
layer2.1.conv2,78,0.1505434513092041,0.0011853815063716858
layer2.1.conv2,79,0.4277433156967163,0.0033680576039111522
layer2.1.conv2,80,0.20208774507045746,0.0015912420871689564
layer2.1.conv2,81,0.15588587522506714,0.0012274478364178514
layer2.1.conv2,82,0.07440292090177536,0.000585849770880121
layer2.1.conv2,83,0.20176875591278076,0.0015887303615179588
layer2.1.conv2,84,0.18508702516555786,0.0014573781509099044
layer2.1.conv2,85,0.0799892470240593,0.0006298365907406243
layer2.1.conv2,86,0.22992107272148132,0.0018104021474132388
layer2.1.conv2,87,0.21773171424865723,0.0017144229468398207
layer2.1.conv2,88,0.4298737347126007,0.0033848325567921314
layer2.1.conv2,89,0.1452275663614273,0.0011435241445781677
layer2.1.conv2,90,0.23085296154022217,0.0018177398546474187
layer2.1.conv2,91,0.34196344017982483,0.002692625513226967
layer2.1.conv2,92,0.5586742758750916,0.004399010046260563
layer2.1.conv2,93,0.1396930068731308,0.001099944936008904
layer2.1.conv2,94,0.21409763395786285,0.0016858081414004948
layer2.1.conv2,95,0.2353307157754898,0.0018529977620117307
layer2.1.conv2,96,0.16527777910232544,0.0013013998354513814
layer2.1.conv2,97,0.09861604869365692,0.0007765043204224954
layer2.1.conv2,98,0.43568623065948486,0.0034306002414132668
layer2.1.conv2,99,0.1483406275510788,0.0011680364374100692
layer2.1.conv2,100,0.20583869516849518,0.0016207771273109857
layer2.1.conv2,101,0.1446884423494339,0.0011392790736175897
layer2.1.conv2,102,0.12244287878274918,0.0009641171557696785
layer2.1.conv2,103,0.19921986758708954,0.0015686603747014924
layer2.1.conv2,104,0.49080440402030945,0.0038646016064591295
layer2.1.conv2,105,0.2741726040840149,0.0021588394022363376
layer2.1.conv2,106,0.25554555654525757,0.002012169736576831
layer2.1.conv2,107,0.08547917753458023,0.0006730643900360648
layer2.1.conv2,108,0.27054107189178467,0.0021302446605652335
layer2.1.conv2,109,0.31072697043418884,0.00244666905853692
layer2.1.conv2,110,0.22415292263031006,0.001764983642758347
layer2.1.conv2,111,0.15160015225410461,0.0011937019862527922
layer2.1.conv2,112,0.22271348536014557,0.0017536494910247683
layer2.1.conv2,113,0.6110773086547852,0.004811632351612482
layer2.1.conv2,114,0.22039222717285156,0.0017353718675027683
layer2.1.conv2,115,0.3648209571838379,0.0028726059620774636
layer2.1.conv2,116,0.27439790964126587,0.002160613461742251
layer2.1.conv2,117,0.23183856904506683,0.0018255005436619437
layer2.1.conv2,118,0.5133694410324097,0.00404227906324732
layer2.1.conv2,119,0.16068172454833984,0.001265210429514487
layer2.1.conv2,120,0.12241619825363159,0.0009639070728632409
layer2.1.conv2,121,0.03878423571586609,0.0003053876828020952
layer2.1.conv2,122,0.2599288821220398,0.002046684111197164
layer2.1.conv2,123,0.10720320045948029,0.0008441196886573251
layer2.1.conv2,124,0.48309826850891113,0.0038039233740859144
layer2.1.conv2,125,0.3266128599643707,0.002571754802869061
layer2.1.conv2,126,0.16270865499973297,0.001281170511808921
layer2.1.conv2,127,0.349828839302063,0.0027545577897800234
layer3.0.conv1,0,0.0994475930929184,0.0007830519141174677
layer3.0.conv1,1,0.12429864704608917,0.0009787295042999148
layer3.0.conv1,2,0.07154276967048645,0.0005633288950432003
layer3.0.conv1,3,0.1083272248506546,0.0008529702744146031
layer3.0.conv1,4,0.06089341267943382,0.0004794756903892427
layer3.0.conv1,5,0.07677243649959564,0.0006045073740125641
layer3.0.conv1,6,0.09122516214847565,0.0007183083633738239
layer3.0.conv1,7,0.07223821431398392,0.0005688048371179836
layer3.0.conv1,8,0.09966371953487396,0.0007847536971249919
layer3.0.conv1,9,0.07112589478492737,0.0005600464156293493
layer3.0.conv1,10,0.09732285141944885,0.0007663216647200697
layer3.0.conv1,11,0.18708448112010956,0.0014731061505520438
layer3.0.conv1,12,0.06492368131875992,0.0005112100891240939
layer3.0.conv1,13,0.06491383165121078,0.0005111325326866991
layer3.0.conv1,14,0.07343932241201401,0.0005782623811969607
layer3.0.conv1,15,0.12837426364421844,0.0010108209735765232
layer3.0.conv1,16,0.10308470577001572,0.000811690596614297
layer3.0.conv1,17,0.08511731773614883,0.0006702151002846364
layer3.0.conv1,18,0.1809713989496231,0.0014249716452726228
layer3.0.conv1,19,0.07508121430873871,0.0005911906638483363
layer3.0.conv1,20,0.09766983985900879,0.0007690538571575495
layer3.0.conv1,21,0.08925821632146835,0.0007028206009564437
layer3.0.conv1,22,0.06661483645439148,0.000524526271294421
layer3.0.conv1,23,0.09258115291595459,0.0007289854560311386
layer3.0.conv1,24,0.07992233335971832,0.0006293097114938451
layer3.0.conv1,25,0.09517239034175873,0.0007493889003288089
layer3.0.conv1,26,0.10890340805053711,0.0008575071500042292
layer3.0.conv1,27,0.1286020278930664,0.0010126143928587906
layer3.0.conv1,28,0.23571735620498657,0.001856042174842414
layer3.0.conv1,29,0.06648678332567215,0.0005235179789423004
layer3.0.conv1,30,0.09203121066093445,0.0007246552020546019
layer3.0.conv1,31,0.10772506892681122,0.0008482288891874899
layer3.0.conv1,32,0.06943568587303162,0.000546737684039619
layer3.0.conv1,33,0.07243578881025314,0.0005703605418130169
layer3.0.conv1,34,0.10175761580467224,0.0008012410693281279
layer3.0.conv1,35,0.09257299453020096,0.0007289212167732359
layer3.0.conv1,36,0.07468297332525253,0.0005880549080728546
layer3.0.conv1,37,0.11649559438228607,0.00091728814474241
layer3.0.conv1,38,0.06316933780908585,0.0004973963607014634
layer3.0.conv1,39,0.11097027361392975,0.0008737816819994468
layer3.0.conv1,40,0.11092288047075272,0.0008734085076437222
layer3.0.conv1,41,0.0792059451341629,0.0006236688593241174
layer3.0.conv1,42,0.09548567235469818,0.0007518556878322692
layer3.0.conv1,43,0.11868567019701004,0.0009345328361969295
layer3.0.conv1,44,0.11587969958782196,0.000912438579431669
layer3.0.conv1,45,0.08265164494514465,0.0006508003538987768
layer3.0.conv1,46,0.13008128106594086,0.0010242620556373296
layer3.0.conv1,47,0.07527794688940048,0.0005927397392866179
layer3.0.conv1,48,0.07916802912950516,0.0006233703081063399
layer3.0.conv1,49,0.09302528947591782,0.0007324825942985654
layer3.0.conv1,50,0.10628803819417953,0.0008369136865683428
layer3.0.conv1,51,0.12511512637138367,0.0009851584753652258
layer3.0.conv1,52,0.11891789734363556,0.0009363613964065792
layer3.0.conv1,53,0.09306768327951431,0.0007328164037757033
layer3.0.conv1,54,0.13913817703723907,0.0010955761971436148
layer3.0.conv1,55,0.09712568670511246,0.0007647691866544288
layer3.0.conv1,56,0.13243450224399567,0.0010427913562519344
layer3.0.conv1,57,0.0984870046377182,0.0007754882254938442
layer3.0.conv1,58,0.14599831402301788,0.0011495930238032905
layer3.0.conv1,59,0.09632493555545807,0.0007584640594917959
layer3.0.conv1,60,0.09981109201908112,0.0007859141103864655
layer3.0.conv1,61,0.11050610989332199,0.0008701268495537165
layer3.0.conv1,62,0.12633217871189117,0.0009947415646605604
layer3.0.conv1,63,0.1193522959947586,0.0009397818582264457
layer3.0.conv1,64,0.12706109881401062,0.0010004810930237056
layer3.0.conv1,65,0.07484833151102066,0.0005893569410316587
layer3.0.conv1,66,0.11109297722578049,0.0008747478521714999
layer3.0.conv1,67,0.20084840059280396,0.0015814834692346768
layer3.0.conv1,68,0.07880603522062302,0.0006205199623671104
layer3.0.conv1,69,0.14724509418010712,0.0011594101903945441
layer3.0.conv1,70,0.08000586926937103,0.0006299674745619767
layer3.0.conv1,71,0.19997502863407135,0.0015746065246777271
layer3.0.conv1,72,0.11199917644262314,0.0008818832790757728
layer3.0.conv1,73,0.10315188020467758,0.0008122195291706897
layer3.0.conv1,74,0.15420949459075928,0.0012142479889036164
layer3.0.conv1,75,0.08603369444608688,0.0006774306649298179
layer3.0.conv1,76,0.09596586972475052,0.0007556367694862246
layer3.0.conv1,77,0.11353515833616257,0.0008939776246941934
layer3.0.conv1,78,0.15199005603790283,0.0011967720947866365
layer3.0.conv1,79,0.07885080575942993,0.0006208724862947239
layer3.0.conv1,80,0.14163391292095184,0.0011152276607948963
layer3.0.conv1,81,0.0979004055261612,0.000770869334851663
layer3.0.conv1,82,0.1758338063955307,0.00138451816059473
layer3.0.conv1,83,0.14647887647151947,0.0011533769800907046
layer3.0.conv1,84,0.07059328258037567,0.0005558526187431156
layer3.0.conv1,85,0.14270974695682526,0.0011236987949356319
layer3.0.conv1,86,0.09358996152877808,0.0007369288309352605
layer3.0.conv1,87,0.07211693376302719,0.0005678498721498204
layer3.0.conv1,88,0.06752118468284607,0.000531662871518473
layer3.0.conv1,89,0.08146277815103531,0.0006414391980396481
layer3.0.conv1,90,0.10907521843910217,0.0008588599877094659
layer3.0.conv1,91,0.094061940908432,0.0007406452040034016
layer3.0.conv1,92,0.12610693275928497,0.0009929679744825589
layer3.0.conv1,93,0.178923100233078,0.001408843308921874
layer3.0.conv1,94,0.16284841299057007,0.0012822709684296855
layer3.0.conv1,95,0.09600305557250977,0.0007559295714370847
layer3.0.conv1,96,0.0817522406578064,0.0006437184303764283
layer3.0.conv1,97,0.06370377540588379,0.0005016045307549904
layer3.0.conv1,98,0.05324024707078934,0.00041921454386448296
layer3.0.conv1,99,0.10487902909517288,0.0008258191267336447
layer3.0.conv1,100,0.17077326774597168,0.0013446713995745802
layer3.0.conv1,101,0.10903637111186981,0.0008585541032430693
layer3.0.conv1,102,0.08422230929136276,0.0006631677896957698
layer3.0.conv1,103,0.08187783509492874,0.0006447073629521948
layer3.0.conv1,104,0.10962090641260147,0.0008631567434063108
layer3.0.conv1,105,0.07803764939308167,0.0006144696802604855
layer3.0.conv1,106,0.10451561212539673,0.0008229575757905254
layer3.0.conv1,107,0.0957915410399437,0.000754264102676722
layer3.0.conv1,108,0.0747973844408989,0.0005889557829992039
layer3.0.conv1,109,0.12417123466730118,0.0009777262572228439
layer3.0.conv1,110,0.0906035527586937,0.0007134138012495567
layer3.0.conv1,111,0.14692364633083344,0.0011568791049671925
layer3.0.conv1,112,0.14707140624523163,0.0011580425688600916
layer3.0.conv1,113,0.10629048198461533,0.000836932929012719
layer3.0.conv1,114,0.07426511496305466,0.0005847646847484619
layer3.0.conv1,115,0.09701406955718994,0.0007638903114739365
layer3.0.conv1,116,0.20181390643119812,0.0015890858774110087
layer3.0.conv1,117,0.07097045332193375,0.0005588224671018405
layer3.0.conv1,118,0.113101527094841,0.000890563205471189
layer3.0.conv1,119,0.08096396178007126,0.0006375115100793013
layer3.0.conv1,120,0.06651169806718826,0.0005237141580093564
layer3.0.conv1,121,0.10869213938713074,0.0008558436172215019
layer3.0.conv1,122,0.07906313985586166,0.0006225444083138714
layer3.0.conv1,123,0.1157107874751091,0.0009111085627961347
layer3.0.conv1,124,0.17613044381141663,0.001386853888278871
layer3.0.conv1,125,0.09133709222078323,0.0007191897025258522
layer3.0.conv1,126,0.09097091108560562,0.0007163063865008317
layer3.0.conv1,127,0.0729793831706047,0.0005746408123669662
layer3.0.conv1,128,0.08085617423057556,0.0006366627892171304
layer3.0.conv1,129,0.09129230678081512,0.0007188370612662608
layer3.0.conv1,130,0.08018622547388077,0.0006313876021565415
layer3.0.conv1,131,0.08330554515123367,0.0006559491744191628
layer3.0.conv1,132,0.08711723238229752,0.0006859624597031301
layer3.0.conv1,133,0.13756395876407623,0.0010831807776698916
layer3.0.conv1,134,0.06779569387435913,0.0005338243612154262
layer3.0.conv1,135,0.0974280908703804,0.0007671503218140189
layer3.0.conv1,136,0.10054271668195724,0.0007916749345036004
layer3.0.conv1,137,0.11000266671180725,0.0008661627300142303
layer3.0.conv1,138,0.04976923018693924,0.0003918837022593641
layer3.0.conv1,139,0.10529791563749313,0.0008291174459645129
layer3.0.conv1,140,0.13665294647216797,0.0010760074525367556
layer3.0.conv1,141,0.11086072027683258,0.0008729190572978943
layer3.0.conv1,142,0.09240589290857315,0.0007276054559730169
layer3.0.conv1,143,0.1036827489733696,0.0008163995982155087
layer3.0.conv1,144,0.05756108835339546,0.0004532369161684682
layer3.0.conv1,145,0.07706817984580994,0.000606836061778031
layer3.0.conv1,146,0.07587498426437378,0.0005974408209793211
layer3.0.conv1,147,0.13316963613033295,0.0010485798120498657
layer3.0.conv1,148,0.1097618117928505,0.000864266234589374
layer3.0.conv1,149,0.08072727918624878,0.0006356478676082581
layer3.0.conv1,150,0.1314133107662201,0.001034750478474174
layer3.0.conv1,151,0.0799640566110611,0.0006296382410319771
layer3.0.conv1,152,0.07529571652412415,0.0005928796576702689
layer3.0.conv1,153,0.09018954634666443,0.0007101539082414521
layer3.0.conv1,154,0.10092806816101074,0.0007947091981181948
layer3.0.conv1,155,0.1660417765378952,0.0013074155632905133
layer3.0.conv1,156,0.08645741641521454,0.000680767058387516
layer3.0.conv1,157,0.1269056349992752,0.00099925696849823
layer3.0.conv1,158,0.08556605130434036,0.000673748435467247
layer3.0.conv1,159,0.08569931983947754,0.0006747977940116342
layer3.0.conv1,160,0.09644579142332077,0.0007594156804985887
layer3.0.conv1,161,0.0979393720626831,0.0007711761579738827
layer3.0.conv1,162,0.11402735859155655,0.0008978532172563508
layer3.0.conv1,163,0.11445941030979156,0.0009012551992896974
layer3.0.conv1,164,0.08428741991519928,0.0006636804717732226
layer3.0.conv1,165,0.1782771795988083,0.0014037573196756558
layer3.0.conv1,166,0.07805745303630829,0.0006146256144591203
layer3.0.conv1,167,0.07739061862230301,0.0006093749497819135
layer3.0.conv1,168,0.090122751891613,0.0007096279676504961
layer3.0.conv1,169,0.1376190483570099,0.0010836145539922038
layer3.0.conv1,170,0.10119377821683884,0.0007968014032821956
layer3.0.conv1,171,0.08288310468196869,0.0006526228715115645
layer3.0.conv1,172,0.09576135873794556,0.0007540264467554768
layer3.0.conv1,173,0.08129142224788666,0.0006400899389597375
layer3.0.conv1,174,0.1449015736579895,0.0011409572728975552
layer3.0.conv1,175,0.08691341429948807,0.0006843575929093549
layer3.0.conv1,176,0.06683515012264252,0.0005262610245877363
layer3.0.conv1,177,0.1584504246711731,0.0012476411391430953
layer3.0.conv1,178,0.13862472772598267,0.0010915332891809658
layer3.0.conv1,179,0.0720672458410263,0.0005674586286694985
layer3.0.conv1,180,0.07583288103342056,0.0005971092994757524
layer3.0.conv1,181,0.1150946393609047,0.0009062570028417693
layer3.0.conv1,182,0.12510567903518677,0.0009850840868912344
layer3.0.conv1,183,0.11339892446994781,0.0008929049170862032
layer3.0.conv1,184,0.14162355661392212,0.0011151461150702528
layer3.0.conv1,185,0.08503410220146179,0.0006695598598540299
layer3.0.conv1,186,0.07473461329936981,0.000588461522042282
layer3.0.conv1,187,0.13728374242782593,0.001080974349825401
layer3.0.conv1,188,0.07707741856575012,0.0006069088076043317
layer3.0.conv1,189,0.19756871461868286,0.0015556591702258493
layer3.0.conv1,190,0.10515955835580826,0.0008280280185496713
layer3.0.conv1,191,0.06905689835548401,0.0005437551051612914
layer3.0.conv1,192,0.10640565305948257,0.0008378397878699415
layer3.0.conv1,193,0.155153289437294,0.0012216794443881418
layer3.0.conv1,194,0.09427719563245773,0.0007423401230902183
layer3.0.conv1,195,0.06465503573417664,0.0005090947695604459
layer3.0.conv1,196,0.11258427053689957,0.0008864903191881855
layer3.0.conv1,197,0.06078009307384491,0.0004785834100302749
layer3.0.conv1,198,0.1004190742969513,0.0007907013724169393
layer3.0.conv1,199,0.12054865062236786,0.0009492019734044713
layer3.0.conv1,200,0.10143192857503891,0.0007986766029530623
layer3.0.conv1,201,0.05034635588526726,0.0003964279990965926
layer3.0.conv1,202,0.13990309834480286,0.0011015991995653768
layer3.0.conv1,203,0.10080092400312424,0.0007937080630167262
layer3.0.conv1,204,0.09486839175224304,0.000746995210647583
layer3.0.conv1,205,0.0678214281797409,0.000534026993541267
layer3.0.conv1,206,0.14562411606311798,0.0011466465831741573
layer3.0.conv1,207,0.0896311029791832,0.0007057567163715212
layer3.0.conv1,208,0.14836189150810242,0.0011682038701425388
layer3.0.conv1,209,0.18862798810005188,0.001485259748819306
layer3.0.conv1,210,0.10212604701519012,0.000804142102481812
layer3.0.conv1,211,0.18603377044200897,0.001464832838126055
layer3.0.conv1,212,0.08803551644086838,0.0006931930428414833
layer3.0.conv1,213,0.12231171876192093,0.0009630843997001648
layer3.0.conv1,214,0.0912485346198082,0.0007184923985811669
layer3.0.conv1,215,0.11073224991559982,0.0008719074796503923
layer3.0.conv1,216,0.06593935191631317,0.0005192074954040408
layer3.0.conv1,217,0.14800752699375153,0.0011654135983759962
layer3.0.conv1,218,0.12509211897850037,0.0009849773147913414
layer3.0.conv1,219,0.05571463704109192,0.0004386979294574167
layer3.0.conv1,220,0.07739925384521484,0.000609442943663109
layer3.0.conv1,221,0.06597684323787689,0.000519502702660448
layer3.0.conv1,222,0.06415268778800964,0.0005051392739213357
layer3.0.conv1,223,0.10613258928060532,0.000835689679374845
layer3.0.conv1,224,0.1614726036787033,0.0012714378242417582
layer3.0.conv1,225,0.1170598641037941,0.0009217312134157015
layer3.0.conv1,226,0.1052124872803688,0.0008284447817351874
layer3.0.conv1,227,0.1278766542673111,0.0010069027895063865
layer3.0.conv1,228,0.0877765491604805,0.0006911539303974842
layer3.0.conv1,229,0.09951724112033844,0.0007836003237821924
layer3.0.conv1,230,0.09375850856304169,0.0007382559729373361
layer3.0.conv1,231,0.09437194466590881,0.000743086178471723
layer3.0.conv1,232,0.07359562069177628,0.000579493076313199
layer3.0.conv1,233,0.06623268127441406,0.0005215171753890871
layer3.0.conv1,234,0.13306930661201477,0.001047789815842636
layer3.0.conv1,235,0.12752355635166168,0.001004122490957966
layer3.0.conv1,236,0.13509725034236908,0.0010637578767115675
layer3.0.conv1,237,0.11301130056381226,0.0008898527603449784
layer3.0.conv1,238,0.05280032008886337,0.00041575055188081394
layer3.0.conv1,239,0.07572618126869202,0.0005962691438479687
layer3.0.conv1,240,0.0863150954246521,0.0006796464206665519
layer3.0.conv1,241,0.09372866153717041,0.0007380209569855938
layer3.0.conv1,242,0.0847131684422493,0.0006670328223799157
layer3.0.conv1,243,0.175641268491745,0.0013830021141082282
layer3.0.conv1,244,0.08363265544176102,0.0006585248459981182
layer3.0.conv1,245,0.15278957784175873,0.0012030675420610923
layer3.0.conv1,246,0.1112583577632904,0.0008760500611282709
layer3.0.conv1,247,0.22662127017974854,0.0017844194502342405
layer3.0.conv1,248,0.14472199976444244,0.0011395433052318303
layer3.0.conv1,249,0.1989210546016693,0.0015663075165485772
layer3.0.conv1,250,0.07184930890798569,0.0005657425898266589
layer3.0.conv1,251,0.08003148436546326,0.0006301691682319942
layer3.0.conv1,252,0.08085742592811584,0.0006366726451032744
layer3.0.conv1,253,0.08562605828046799,0.0006742209313422676
layer3.0.conv1,254,0.09599371254444122,0.0007558560042869388
layer3.0.conv1,255,0.051588963717222214,0.0004062123127340332
layer3.0.conv2,0,0.12505969405174255,0.0009847220004074217
layer3.0.conv2,1,0.06990089267492294,0.0005504007297238027
layer3.0.conv2,2,0.07962747663259506,0.0006269880049810635
layer3.0.conv2,3,0.25041502714157104,0.0019717718672564648
layer3.0.conv2,4,0.11976978182792664,0.0009430691482513908
layer3.0.conv2,5,0.1276552826166153,0.00100515970564264
layer3.0.conv2,6,0.1917736977338791,0.001510029116014796
layer3.0.conv2,7,0.10165955871343613,0.0008004689662475285
layer3.0.conv2,8,0.1299196034669876,0.0010229890036770677
layer3.0.conv2,9,0.09523311257362366,0.000749867028138769
layer3.0.conv2,10,0.08477920293807983,0.0006675527790399987
layer3.0.conv2,11,0.09631198644638062,0.0007583620980029969
layer3.0.conv2,12,0.13558264076709747,0.0010675798485598226
layer3.0.conv2,13,0.1638469249010086,0.0012901332669370757
layer3.0.conv2,14,0.18239465355873108,0.0014361783744781976
layer3.0.conv2,15,0.09568550437688828,0.0007534291683219549
layer3.0.conv2,16,0.1353435516357422,0.0010656972569743478
layer3.0.conv2,17,0.2664240300655365,0.0020978270083900513
layer3.0.conv2,18,0.1505904197692871,0.0011857513367660403
layer3.0.conv2,19,0.0907774567604065,0.0007147831240976889
layer3.0.conv2,20,0.2288607656955719,0.0018020532731934794
layer3.0.conv2,21,0.1119539886713028,0.0008815274698527779
layer3.0.conv2,22,0.11294801533222198,0.0008893544514348187
layer3.0.conv2,23,0.22019916772842407,0.00173385171439704
layer3.0.conv2,24,0.13799874484539032,0.0010866042901211837
layer3.0.conv2,25,0.22528359293937683,0.0017738865585777703
layer3.0.conv2,26,0.15755616128444672,0.0012405996951531236
layer3.0.conv2,27,0.37253379821777344,0.0029333369938407358
layer3.0.conv2,28,0.18257290124893188,0.0014375818995978889
layer3.0.conv2,29,0.2193913757801056,0.0017274911478748472
layer3.0.conv2,30,0.13153919577598572,0.0010357416990235096
layer3.0.conv2,31,0.09905622899532318,0.0007799703070497889
layer3.0.conv2,32,0.09780456870794296,0.0007701147142357713
layer3.0.conv2,33,0.08554849028587341,0.0006736101597312867
layer3.0.conv2,34,0.0962471067905426,0.0007578512345712016
layer3.0.conv2,35,0.113386370241642,0.0008928060648948189
layer3.0.conv2,36,0.30382239818573,0.002392302347919134
layer3.0.conv2,37,0.17599685490131378,0.0013858020070969589
layer3.0.conv2,38,0.07032717764377594,0.0005537573042817003
layer3.0.conv2,39,0.20492827892303467,0.001613608495456966
layer3.0.conv2,40,0.14336316287517548,0.001128843802166736
layer3.0.conv2,41,0.12293040752410889,0.0009679559647567629
layer3.0.conv2,42,0.1016618087887764,0.0008004866833761921
layer3.0.conv2,43,0.08660827577114105,0.0006819549273318193
layer3.0.conv2,44,0.15040767192840576,0.0011843123773890218
layer3.0.conv2,45,0.09159943461418152,0.0007212553906628467
layer3.0.conv2,46,0.0950872078537941,0.0007487181720771189
layer3.0.conv2,47,0.18440629541873932,0.0014520180741633018
layer3.0.conv2,48,0.17403936386108398,0.0013703886918195588
layer3.0.conv2,49,0.3503820300102234,0.0027589136221277434
layer3.0.conv2,50,0.19228358566761017,0.0015140439816347258
layer3.0.conv2,51,0.25190338492393494,0.0019834912198735035
layer3.0.conv2,52,0.0825929194688797,0.0006503379485738559
layer3.0.conv2,53,0.08010178059339523,0.0006307226818377577
layer3.0.conv2,54,0.13197407126426697,0.001039165915466669
layer3.0.conv2,55,0.0934956893324852,0.0007361865301770489
layer3.0.conv2,56,0.2710380554199219,0.0021341579166922983
layer3.0.conv2,57,0.08043240755796432,0.0006333260437634986
layer3.0.conv2,58,0.10526102781295776,0.0008288269906532108
layer3.0.conv2,59,0.08960524946451187,0.0007055531453898572
layer3.0.conv2,60,0.17948493361473083,0.0014132671938167783
layer3.0.conv2,61,0.07217322289943695,0.0005682930936963539
layer3.0.conv2,62,0.16103069484233856,0.001267958227105028
layer3.0.conv2,63,0.08880355209112167,0.0006992405676466274
layer3.0.conv2,64,0.15799233317375183,0.0012440341194783608
layer3.0.conv2,65,0.12815198302268982,0.0010090707324621245
layer3.0.conv2,66,0.19993580877780914,0.001574297706911883
layer3.0.conv2,67,0.23169124126434326,0.0018243404823964037
layer3.0.conv2,68,0.1660558134317398,0.0013075260900136992
layer3.0.conv2,69,0.22105512022972107,0.0017405914978718194
layer3.0.conv2,70,0.129541277885437,0.0010200100620900551
layer3.0.conv2,71,0.08660350739955902,0.00068191738109889
layer3.0.conv2,72,0.20375332236289978,0.0016043568689992108
layer3.0.conv2,73,0.10205189138650894,0.0008035581998937712
layer3.0.conv2,74,0.4283334016799927,0.0033727039502361627
layer3.0.conv2,75,0.08534473925828934,0.0006720058209314121
layer3.0.conv2,76,0.23375637829303741,0.0018406014038821843
layer3.0.conv2,77,0.12690433859825134,0.0009992467606161524
layer3.0.conv2,78,0.10103771835565567,0.0007955725854776037
layer3.0.conv2,79,0.08751223981380463,0.0006890727544394066
layer3.0.conv2,80,0.2084801197052002,0.0016415757457102379
layer3.0.conv2,81,0.09657928347587585,0.0007604667990226445
layer3.0.conv2,82,0.16474850475788116,0.0012972323209281982
layer3.0.conv2,83,0.12442664802074432,0.0009797373859901128
layer3.0.conv2,84,0.13005758821964264,0.0010240754977924617
layer3.0.conv2,85,0.09916793555021286,0.0007808498862221485
layer3.0.conv2,86,0.24751321971416473,0.0019489229898753129
layer3.0.conv2,87,0.17082472145557404,0.0013450765468942837
layer3.0.conv2,88,0.28801679611206055,0.0022678487882839414
layer3.0.conv2,89,0.07423993200063705,0.0005845663937058035
layer3.0.conv2,90,0.1120128408074379,0.000881990872499511
layer3.0.conv2,91,0.27614375948905945,0.002174360310937476
layer3.0.conv2,92,0.39624908566474915,0.003120071540667316
layer3.0.conv2,93,0.11491422355175018,0.0009048364059192928
layer3.0.conv2,94,0.07581868767738342,0.0005969975407667986
layer3.0.conv2,95,0.10307326167821884,0.0008116004856552664
layer3.0.conv2,96,0.15181706845760345,0.0011954099878551453
layer3.0.conv2,97,0.09966092556715012,0.0007847316973791348
layer3.0.conv2,98,0.07996875792741776,0.0006296752592710059
layer3.0.conv2,99,0.22630350291728973,0.001781917345805431
layer3.0.conv2,100,0.2893121540546417,0.002278048457123163
layer3.0.conv2,101,0.14994272589683533,0.0011806513850144513
layer3.0.conv2,102,0.11167342960834503,0.0008793183433727955
layer3.0.conv2,103,0.13451765477657318,0.0010591941320990015
layer3.0.conv2,104,0.09624802321195602,0.0007578584504878427
layer3.0.conv2,105,0.33283329010009766,0.0026207345677173046
layer3.0.conv2,106,0.08369361609220505,0.0006590048511197248
layer3.0.conv2,107,0.3063843846321106,0.0024124754695441777
layer3.0.conv2,108,0.19517822563648224,0.0015368364223345059
layer3.0.conv2,109,0.07863707095384598,0.0006191895350696533
layer3.0.conv2,110,0.10375597327947617,0.0008169761675549304
layer3.0.conv2,111,0.07896967232227325,0.0006218084434824665
layer3.0.conv2,112,0.13847370445728302,0.0010903441295849058
layer3.0.conv2,113,0.16600637137889862,0.0013071367825110128
layer3.0.conv2,114,0.20394152402877808,0.0016058387718801423
layer3.0.conv2,115,0.10764047503471375,0.0008475627955489271
layer3.0.conv2,116,0.17728368937969208,0.0013959345620448195
layer3.0.conv2,117,0.45625385642051697,0.0035925500505552517
layer3.0.conv2,118,0.3141477406024933,0.0024736042567125457
layer3.0.conv2,119,0.11156953871250153,0.0008785003048228467
layer3.0.conv2,120,0.4036162197589874,0.003178080470543208
layer3.0.conv2,121,0.16613927483558655,0.0013081832664219412
layer3.0.conv2,122,0.2064588963985443,0.001625660601563341
layer3.0.conv2,123,0.23348315060138702,0.001838450004735331
layer3.0.conv2,124,0.17986196279525757,0.0014162359275217131
layer3.0.conv2,125,0.07079765945672989,0.0005574618854860622
layer3.0.conv2,126,0.09411010146141052,0.0007410244209559883
layer3.0.conv2,127,0.29628071188926697,0.002332918991254071
layer3.0.conv2,128,0.28858208656311035,0.002272299894197719
layer3.0.conv2,129,0.1637047976255417,0.0012890141545318244
layer3.0.conv2,130,0.1704414188861847,0.0013420584164266511
layer3.0.conv2,131,0.21210017800331116,0.0016700801417583555
layer3.0.conv2,132,0.06851301342248917,0.000539472546633773
layer3.0.conv2,133,0.17266125977039337,0.0013595374785070344
layer3.0.conv2,134,0.20234839618206024,0.0015932944581264585
layer3.0.conv2,135,0.19930708408355713,0.0015693471187681663
layer3.0.conv2,136,0.10386913269758224,0.0008178671865951358
layer3.0.conv2,137,0.43533197045326233,0.0034278107909705693
layer3.0.conv2,138,0.1424119919538498,0.001121354267353148
layer3.0.conv2,139,0.177407369017601,0.0013969084174614253
layer3.0.conv2,140,0.11329952627420425,0.0008921222541275925
layer3.0.conv2,141,0.3576294779777527,0.0028159801415571077
layer3.0.conv2,142,0.10637184232473373,0.0008375735616120766
layer3.0.conv2,143,0.14033009111881256,0.0011049613473922248
layer3.0.conv2,144,0.09254162758588791,0.0007286742329597473
layer3.0.conv2,145,0.3299615979194641,0.002598122818263497
layer3.0.conv2,146,0.13582052290439606,0.0010694529362550872
layer3.0.conv2,147,0.130153089761734,0.0010248274784388505
layer3.0.conv2,148,0.3770039975643158,0.0029685354138922503
layer3.0.conv2,149,0.2058781087398529,0.0016210874703925426
layer3.0.conv2,150,0.3067796230316162,0.0024155875829261118
layer3.0.conv2,151,0.13469696044921875,0.001060605987789124
layer3.0.conv2,152,0.16118969023227692,0.0012692101593092672
layer3.0.conv2,153,0.3434907793998718,0.0027046518062982033
layer3.0.conv2,154,0.23359204828739166,0.0018393074668298557
layer3.0.conv2,155,0.13682439923286438,0.0010773574742745226
layer3.0.conv2,156,0.19563257694244385,0.0015404139916727862
layer3.0.conv2,157,0.07231311500072479,0.0005693946063049197
layer3.0.conv2,158,0.10109593719244003,0.0007960310015152759
layer3.0.conv2,159,0.13266195356845856,0.0010445823115626657
layer3.0.conv2,160,0.35354170203208923,0.0027837929293865293
layer3.0.conv2,161,0.09318655729293823,0.0007337524196294349
layer3.0.conv2,162,0.20495368540287018,0.0016138085464792928
layer3.0.conv2,163,0.0735839456319809,0.000579401146708511
layer3.0.conv2,164,0.2016935646533966,0.0015881383043574535
layer3.0.conv2,165,0.1914876252412796,0.001507776576702989
layer3.0.conv2,166,0.23827075958251953,0.0018761477132481852
layer3.0.conv2,167,0.36249247193336487,0.00285427143254618
layer3.0.conv2,168,0.17303913831710815,0.0013625129001347098
layer3.0.conv2,169,0.0996306911110878,0.0007844936307959669
layer3.0.conv2,170,0.27699610590934753,0.0021810717000736025
layer3.0.conv2,171,0.1195300742983818,0.0009411816873888332
layer3.0.conv2,172,0.08911386132240295,0.0007016839474204957
layer3.0.conv2,173,0.5639192461967468,0.004440309025171235
layer3.0.conv2,174,0.137842059135437,0.0010853705443735198
layer3.0.conv2,175,0.27195507287979126,0.0021413785266125294
layer3.0.conv2,176,0.11955361068248749,0.0009413670132479329
layer3.0.conv2,177,0.13327863812446594,0.0010494380954682357
layer3.0.conv2,178,0.18013831973075867,0.0014184119663839265
layer3.0.conv2,179,0.18913446366786957,0.0014892477454162957
layer3.0.conv2,180,0.16588535904884338,0.0013061839295184518
layer3.0.conv2,181,0.17215517163276672,0.0013555525325414702
layer3.0.conv2,182,0.16883370280265808,0.001329399234666599
layer3.0.conv2,183,0.1567142754793167,0.001233970673065486
layer3.0.conv2,184,0.24896612763404846,0.001960363209716917
layer3.0.conv2,185,0.09869704395532608,0.0007771420783883943
layer3.0.conv2,186,0.0890122652053833,0.0007008839779951441
layer3.0.conv2,187,0.21342584490776062,0.0016805184638406347
layer3.0.conv2,188,0.10447066277265549,0.0008226036438791771
layer3.0.conv2,189,0.21934296190738678,0.0017271099362786361
layer3.0.conv2,190,0.07752470672130585,0.0006104307615850854
layer3.0.conv2,191,0.1179644837975502,0.0009288542031303165
layer3.0.conv2,192,0.11793278902769089,0.000928604638013314
layer3.0.conv2,193,0.15798801183700562,0.0012440000932047687
layer3.0.conv2,194,0.14276036620140076,0.001124097371664573
layer3.0.conv2,195,0.14290225505828857,0.0011252146067581778
layer3.0.conv2,196,0.10406728088855743,0.0008194274085713183
layer3.0.conv2,197,0.11746588349342346,0.0009249282164836494
layer3.0.conv2,198,0.20310750603675842,0.001599271701076838
layer3.0.conv2,199,0.2638950049877167,0.002077913425100131
layer3.0.conv2,200,0.12856867909431458,0.0010123518038922408
layer3.0.conv2,201,0.38451993465423584,0.003027716020899495
layer3.0.conv2,202,0.0961976945400238,0.0007574621617324709
layer3.0.conv2,203,0.18623854219913483,0.001466445214166416
layer3.0.conv2,204,0.4641396701335907,0.003654643071918037
layer3.0.conv2,205,0.32645130157470703,0.0025704826895646222
layer3.0.conv2,206,0.08139334619045258,0.0006408924896886029
layer3.0.conv2,207,0.26290664076805115,0.002070131029669694
layer3.0.conv2,208,0.12191084772348404,0.000959927934830583
layer3.0.conv2,209,0.14047296345233917,0.0011060863263963714
layer3.0.conv2,210,0.09196805953979492,0.0007241579491322435
layer3.0.conv2,211,0.174652099609375,0.0013752133827509842
layer3.0.conv2,212,0.12600809335708618,0.0009921897114731194
layer3.0.conv2,213,0.131593257188797,0.0010361673794393464
layer3.0.conv2,214,0.2566819489002228,0.00202111770787577
layer3.0.conv2,215,0.21653485298156738,0.0017049988423745463
layer3.0.conv2,216,0.16261212527751923,0.001280410435256057
layer3.0.conv2,217,0.06943419575691223,0.0005467259508418286
layer3.0.conv2,218,0.1489717811346054,0.0011730061506661843
layer3.0.conv2,219,0.35718798637390137,0.002812503829715759
layer3.0.conv2,220,0.09212123602628708,0.0007253640631991108
layer3.0.conv2,221,0.12253037095069885,0.0009648060704779437
layer3.0.conv2,222,0.1478036344051361,0.0011638081449223316
layer3.0.conv2,223,0.2231188714504242,0.001756841507483655
layer3.0.conv2,224,0.1961289942264557,0.0015443227891846904
layer3.0.conv2,225,0.2405509203672409,0.0018941017351751252
layer3.0.conv2,226,0.2667982578277588,0.0021007736836831403
layer3.0.conv2,227,0.2786501348018646,0.002194095549620981
layer3.0.conv2,228,0.16626578569412231,0.001309179414914349
layer3.0.conv2,229,0.20325033366680145,0.001600396328085051
layer3.0.conv2,230,0.10629571229219437,0.0008369741125369636
layer3.0.conv2,231,0.10149796307086945,0.0007991965596131453
layer3.0.conv2,232,0.17256474494934082,0.0013587775192861482
layer3.0.conv2,233,0.13128775358200073,0.0010337618392283522
layer3.0.conv2,234,0.23500952124595642,0.0018504686712280034
layer3.0.conv2,235,0.09807174652814865,0.0007722184765995957
layer3.0.conv2,236,0.20697413384914398,0.0016297175893633384
layer3.0.conv2,237,0.124582439661026,0.0009809640918191024
layer3.0.conv2,238,0.11684601753950119,0.0009200473822007967
layer3.0.conv2,239,0.09856461733579636,0.0007760993491007588
layer3.0.conv2,240,0.10121207684278488,0.000796945486951062
layer3.0.conv2,241,0.3849460482597351,0.0030310712461396466
layer3.0.conv2,242,0.2238186001777649,0.0017623511825020858
layer3.0.conv2,243,0.09580112248659134,0.0007543395471385144
layer3.0.conv2,244,0.08085301518440247,0.0006366379148378147
layer3.0.conv2,245,0.17121510207653046,0.001348150410051421
layer3.0.conv2,246,0.28679051995277405,0.002258193070494284
layer3.0.conv2,247,0.15634901821613312,0.0012310946316230955
layer3.0.conv2,248,0.36608147621154785,0.002882531308752345
layer3.0.conv2,249,0.11541003733873367,0.0009087404514860919
layer3.0.conv2,250,0.18577119708061218,0.001462765331343403
layer3.0.conv2,251,0.1972726732492447,0.0015533281358208243
layer3.0.conv2,252,0.11284015327692032,0.0008885051439127584
layer3.0.conv2,253,0.1546471118927002,0.0012176937944307102
layer3.0.conv2,254,0.15343037247657776,0.0012081131691069114
layer3.0.conv2,255,0.21266309916973114,0.0016745125918876467
layer3.0.projection,0,0.06793246418237686,0.0005349012927746209
layer3.0.projection,1,0.047026947140693665,0.0003702909223676666
layer3.0.projection,2,0.039134491235017776,0.0003081456002757305
layer3.0.projection,3,0.17456483840942383,0.0013745262866883766
layer3.0.projection,4,0.05861854925751686,0.0004615633799804477
layer3.0.projection,5,0.055073246359825134,0.0004336476091324814
layer3.0.projection,6,0.09132499247789383,0.0007190944289597939
layer3.0.projection,7,0.0744246244430542,0.0005860206649059386
layer3.0.projection,8,0.03382604196667671,0.0002663467871391867
layer3.0.projection,9,0.03617080673575401,0.0002848095018563308
layer3.0.projection,10,0.05746147036552429,0.0004524525225631834
layer3.0.projection,11,0.06563153862953186,0.0005167837687364713
layer3.0.projection,12,0.07698260247707367,0.0006061622242289265
layer3.0.projection,13,0.13282647728919983,0.0010458777739307072
layer3.0.projection,14,0.07788899540901184,0.0006132991764489121
layer3.0.projection,15,0.05807184427976608,0.0004572586163761109
layer3.0.projection,16,0.12120812386274338,0.0009543946760845935
layer3.0.projection,17,0.16236357390880585,0.001278453337864613
layer3.0.projection,18,0.033864326775074005,0.0002666482423234174
layer3.0.projection,19,0.05211540311574936,0.00041035750484842015
layer3.0.projection,20,0.14935420453548431,0.0011760173585471205
layer3.0.projection,21,0.06813392043113708,0.0005364875624498983
layer3.0.projection,22,0.055011969059705734,0.0004331651107063444
layer3.0.projection,23,0.09858395904302597,0.0007762516460080785
layer3.0.projection,24,0.16272537410259247,0.0012813021582881296
layer3.0.projection,25,0.14738424122333527,0.0011605058364042146
layer3.0.projection,26,0.1577652394771576,0.001242245980135099
layer3.0.projection,27,0.07170658558607101,0.0005646187841422915
layer3.0.projection,28,0.05428178608417511,0.00042741563845807173
layer3.0.projection,29,0.06647099554538727,0.0005233936657117107
layer3.0.projection,30,0.09244846552610397,0.0007279406734338895
layer3.0.projection,31,0.10565214604139328,0.0008319066617432541
layer3.0.projection,32,0.03760003298521042,0.00029606325185205055
layer3.0.projection,33,0.04961845278739929,0.00039069647864093933
layer3.0.projection,34,0.0537121444940567,0.0004229302716067457
layer3.0.projection,35,0.11099139600992203,0.0008739480000781262
layer3.0.projection,36,0.09653323888778687,0.0007601042432109202
layer3.0.projection,37,0.1039811372756958,0.0008187491124070535
layer3.0.projection,38,0.09298043698072433,0.0007321294250450734
layer3.0.projection,39,0.13108350336551666,0.0010321535698072177
layer3.0.projection,40,0.17729677259922028,0.0013960375795214195
layer3.0.projection,41,0.06981183588504791,0.0005496994951578576
layer3.0.projection,42,0.07743320614099503,0.000609710284574764
layer3.0.projection,43,0.042222004383802414,0.00033245672743151505
layer3.0.projection,44,0.16297897696495056,0.001283299031220083
layer3.0.projection,45,0.05054723098874092,0.00039800969282473167
layer3.0.projection,46,0.03506201505661011,0.00027607885871346543
layer3.0.projection,47,0.22172018885612488,0.0017458282587096447
layer3.0.projection,48,0.04303926229476929,0.00033889182909267154
layer3.0.projection,49,0.12399528175592422,0.0009763408012277497
layer3.0.projection,50,0.15665021538734436,0.0012334662628924753
layer3.0.projection,51,0.20686079561710358,0.0016288251623393982
layer3.0.projection,52,0.04129704833030701,0.00032517360890005516
layer3.0.projection,53,0.04529322311282158,0.00035663955206946123
layer3.0.projection,54,0.08242778480052948,0.0006490376755947203
layer3.0.projection,55,0.04942804202437401,0.00038919718129428355
layer3.0.projection,56,0.13179880380630493,0.0010377858567425585
layer3.0.projection,57,0.045053813606500626,0.0003547544378464616
layer3.0.projection,58,0.11950767040252686,0.000941005278760054
layer3.0.projection,59,0.054402828216552734,0.0004283687261145885
layer3.0.projection,60,0.18023641407489777,0.0014191843627944707
layer3.0.projection,61,0.08945848792791367,0.0007043975427394777
layer3.0.projection,62,0.10261474549770355,0.0008079901220291618
layer3.0.projection,63,0.07735567539930344,0.0006090998062937278
layer3.0.projection,64,0.10192477703094482,0.0008025572994562585
layer3.0.projection,65,0.13660828769207,0.0010756558085989764
layer3.0.projection,66,0.04484204947948456,0.00035308700377546895
layer3.0.projection,67,0.021711260080337524,0.00017095480378218522
layer3.0.projection,68,0.09249222278594971,0.0007282852187870056
layer3.0.projection,69,0.06913620978593826,0.0005443796046136871
layer3.0.projection,70,0.04165452718734741,0.0003279884030499796
layer3.0.projection,71,0.10159533470869064,0.000799963265422761
layer3.0.projection,72,0.1367960423231125,0.0010771341915205709
layer3.0.projection,73,0.13601179420948029,0.0010709590095234669
layer3.0.projection,74,0.21564547717571259,0.0016979958832733274
layer3.0.projection,75,0.06184479594230652,0.0004869668971835159
layer3.0.projection,76,0.13783325254917145,0.0010853012011745784
layer3.0.projection,77,0.05041093751788139,0.0003969365158888299
layer3.0.projection,78,0.07137942314147949,0.0005620427019014133
layer3.0.projection,79,0.0556170791387558,0.00043792975699807717
layer3.0.projection,80,0.11127927899360657,0.0008762147952252485
layer3.0.projection,81,0.05992571637034416,0.00047185603441215877
layer3.0.projection,82,0.10772977024316788,0.0008482659074265188
layer3.0.projection,83,0.09305082261562347,0.0007326836426427045
layer3.0.projection,84,0.1338113695383072,0.0010536328310102928
layer3.0.projection,85,0.04059888422489166,0.00031967625373930444
layer3.0.projection,86,0.07101104408502579,0.0005591420794096519
layer3.0.projection,87,0.157123401761055,0.0012371921398508267
layer3.0.projection,88,0.05989368259906769,0.00047160379999265894
layer3.0.projection,89,0.059132471680641174,0.00046561001323339505
layer3.0.projection,90,0.07058418542146683,0.0005557809875706049
layer3.0.projection,91,0.12400219589471817,0.0009763952432654974
layer3.0.projection,92,0.07767124474048615,0.0006115846042557964
layer3.0.projection,93,0.034878525882959366,0.0002746340620705462
layer3.0.projection,94,0.052996885031461716,0.0004172983073343442
layer3.0.projection,95,0.04056335240602493,0.0003193964756379916
layer3.0.projection,96,0.10106682032346725,0.0007958017348304508
layer3.0.projection,97,0.0667855367064476,0.0005258703677673039
layer3.0.projection,98,0.04090183228254318,0.0003220616715160881
layer3.0.projection,99,0.04487759247422218,0.0003533668698757652
layer3.0.projection,100,0.09475202858448029,0.0007460789652321282
layer3.0.projection,101,0.12210380285978317,0.000961447266612466
layer3.0.projection,102,0.1694488227367401,0.001334242698714489
layer3.0.projection,103,0.0670931488275528,0.0005282925104531716
layer3.0.projection,104,0.06784488260746002,0.0005342116740744883
layer3.0.projection,105,0.08846397697925568,0.0006965667478681549
layer3.0.projection,106,0.04833315312862396,0.00038057600888680284
layer3.0.projection,107,0.11482725292444229,0.0009041515978302542
layer3.0.projection,108,0.0914066731929779,0.0007197375841966764
layer3.0.projection,109,0.04592464119195938,0.0003616113479681841
layer3.0.projection,110,0.0664990171790123,0.0005236143084961599
layer3.0.projection,111,0.04690375551581383,0.00036932090957333724
layer3.0.projection,112,0.03926527872681618,0.00030917542304579666
layer3.0.projection,113,0.161208838224411,0.0012693609309008742
layer3.0.projection,114,0.07585515826940536,0.0005972847107827194
layer3.0.projection,115,0.022612368687987328,0.00017805014714950652
layer3.0.projection,116,0.08872628957033157,0.0006986322013411935
layer3.0.projection,117,0.32199057936668396,0.0025353588926510548
layer3.0.projection,118,0.06553469598293304,0.0005160212282120712
layer3.0.projection,119,0.063643679022789,0.0005011313308881023
layer3.0.projection,120,0.13592840731143951,0.0010703024197751144
layer3.0.projection,121,0.032051119953393936,0.0002523710232550704
layer3.0.projection,122,0.09423819929361343,0.0007420330653040428
layer3.0.projection,123,0.11422937363386154,0.0008994438868807996
layer3.0.projection,124,0.11460603028535843,0.0009024096872862869
layer3.0.projection,125,0.04071429744362831,0.0003205850192411678
layer3.0.projection,126,0.054082684218883514,0.00042584790723530324
layer3.0.projection,127,0.12915459275245667,0.0010169652972634384
layer3.0.projection,128,0.12528324127197266,0.000986482214739942
layer3.0.projection,129,0.06821098923683167,0.0005370944034396194
layer3.0.projection,130,0.031047498807311058,0.00024446849454575636
layer3.0.projection,131,0.13826344907283783,0.0010886885753766758
layer3.0.projection,132,0.05583867430686951,0.0004396746008414922
layer3.0.projection,133,0.12635627388954163,0.0009949312904688316
layer3.0.projection,134,0.065020851790905,0.0005119752109520078
layer3.0.projection,135,0.0703878179192543,0.0005542347867657819
layer3.0.projection,136,0.0502314418554306,0.000395523164215989
layer3.0.projection,137,0.4081612229347229,0.0032138678971238024
layer3.0.projection,138,0.14912620186805725,0.0011742220619532066
layer3.0.projection,139,0.040253203362226486,0.00031695435718288574
layer3.0.projection,140,0.09055711328983307,0.0007130481361404178
layer3.0.projection,141,0.0748855471611023,0.0005896499776464748
layer3.0.projection,142,0.07255252450704575,0.0005712797205279193
layer3.0.projection,143,0.041815221309661865,0.00032925371109969974
layer3.0.projection,144,0.03857742249965668,0.0003037592322807612
layer3.0.projection,145,0.08681774139404297,0.0006836042629452203
layer3.0.projection,146,0.11642827093601227,0.0009167580388662383
layer3.0.projection,147,0.11787104606628418,0.0009281184729628676
layer3.0.projection,148,0.10346652567386627,0.0008146970525501282
layer3.0.projection,149,0.08692453056573868,0.0006844451225648714
layer3.0.projection,150,0.1846562922000885,0.0014539865527566024
layer3.0.projection,151,0.04916485771536827,0.00038712486390053756
layer3.0.projection,152,0.09294780343770981,0.0007318724680134631
layer3.0.projection,153,0.11355569213628769,0.0008941393081597456
layer3.0.projection,154,0.14731450378894806,0.0011599567227476226
layer3.0.projection,155,0.06384966522455215,0.0005027532694846627
layer3.0.projection,156,0.12476044148206711,0.0009823656809611584
layer3.0.projection,157,0.05033846199512482,0.00039636584248129776
layer3.0.projection,158,0.0203859806060791,0.00016051953233133152
layer3.0.projection,159,0.09387974441051483,0.0007392105859095656
layer3.0.projection,160,0.21966472268104553,0.001729643485677524
layer3.0.projection,161,0.07218572497367859,0.0005683915352258156
layer3.0.projection,162,0.2583860754966736,0.0020345360275328627
layer3.0.projection,163,0.027782360091805458,0.00021875874088035793
layer3.0.projection,164,0.08951926231384277,0.0007048760812113604
layer3.0.projection,165,0.04768696427345276,0.0003754879076649824
layer3.0.projection,166,0.12198282033205032,0.0009604946482838608
layer3.0.projection,167,0.10771883279085159,0.000848179785754737
layer3.0.projection,168,0.08875847607851028,0.0006988856384134668
layer3.0.projection,169,0.039448920637369156,0.00031062142234148944
layer3.0.projection,170,0.11739794909954071,0.0009243932999963836
layer3.0.projection,171,0.03988399729132652,0.0003140472227663506
layer3.0.projection,172,0.1249609887599945,0.0009839447933857836
layer3.0.projection,173,0.14370471239089966,0.0011315331684322808
layer3.0.projection,174,0.1199178397655487,0.0009442349587838481
layer3.0.projection,175,0.08954492956399918,0.0007050781855433006
layer3.0.projection,176,0.08572277426719666,0.0006749824745448555
layer3.0.projection,177,0.03517747297883034,0.0002769879762112625
layer3.0.projection,178,0.11612196266651154,0.0009143461627284373
layer3.0.projection,179,0.05364949628710747,0.00042243697863864147
layer3.0.projection,180,0.059830013662576675,0.0004711024697840683
layer3.0.projection,181,0.057999126613140106,0.0004566860363239378
layer3.0.projection,182,0.26454249024391174,0.0020830117342040297
layer3.0.projection,183,0.040807683020830154,0.00032132033874669415
layer3.0.projection,184,0.09668827056884766,0.0007613249651090367
layer3.0.projection,185,0.05852111801505089,0.0004607962048429204
layer3.0.projection,186,0.07350199669599533,0.0005787558794960263
layer3.0.projection,187,0.1122036799788475,0.0008834935431405315
layer3.0.projection,188,0.04015816003084183,0.00031620598449481755
layer3.0.projection,189,0.1078246459364891,0.0008490129601298355
layer3.0.projection,190,0.05943434312939644,0.00046798695377477513
layer3.0.projection,191,0.031134450808167458,0.0002451531559698225
layer3.0.projection,192,0.01788618229329586,0.00014083608104957371
layer3.0.projection,193,0.14055617153644562,0.001106741508160989
layer3.0.projection,194,0.08857733756303787,0.000697459350890062
layer3.0.projection,195,0.07004407048225403,0.0005515281140334963
layer3.0.projection,196,0.12742450833320618,0.001003342585300836
layer3.0.projection,197,0.07385199517011642,0.0005815117729930427
layer3.0.projection,198,0.05268813297152519,0.00041486718875216686
layer3.0.projection,199,0.12161806225776672,0.0009576225374627301
layer3.0.projection,200,0.05521024391055107,0.00043472633000433915
layer3.0.projection,201,0.17279791831970215,0.0013606135300763948
layer3.0.projection,202,0.05260737985372543,0.00041423133743090894
layer3.0.projection,203,0.12240060418844223,0.000963784284948364
layer3.0.projection,204,0.11230067908763885,0.0008842573156506996
layer3.0.projection,205,0.10174500942230225,0.0008011418064748208
layer3.0.projection,206,0.026166219264268875,0.00020603322255329822
layer3.0.projection,207,0.08779381215572357,0.0006912898594938864
layer3.0.projection,208,0.05089442804455757,0.00040074352790990216
layer3.0.projection,209,0.14303943514823914,0.001126294764946765
layer3.0.projection,210,0.03031570091843605,0.00023870630644437835
layer3.0.projection,211,0.09109610319137573,0.0007172921511131948
layer3.0.projection,212,0.08710146695375443,0.0006858383224705072
layer3.0.projection,213,0.12876659631729126,0.0010139102072227659
layer3.0.projection,214,0.10942679643630981,0.0008616283183961403
layer3.0.projection,215,0.027743425220251083,0.0002184521670885912
layer3.0.projection,216,0.04085351526737213,0.0003216812225777333
layer3.0.projection,217,0.08595950156450272,0.0006768464690118325
layer3.0.projection,218,0.059425245970487595,0.0004679153226022645
layer3.0.projection,219,0.07056979835033417,0.0005556677035459383
layer3.0.projection,220,0.03284198418259621,0.00025859830065036384
layer3.0.projection,221,0.10635659098625183,0.0008374534723326916
layer3.0.projection,222,0.10730338841676712,0.0008449085702107647
layer3.0.projection,223,0.0560416579246521,0.00044127289704450474
layer3.0.projection,224,0.03514012321829796,0.00027669388360864535
layer3.0.projection,225,0.10191051661968231,0.0008024450127534041
layer3.0.projection,226,0.14002753794193268,0.0011025790389128558
layer3.0.projection,227,0.1617010235786438,0.0012732364061310536
layer3.0.projection,228,0.10060784220695496,0.0007921877339130311
layer3.0.projection,229,0.08027628809213638,0.0006320967566309951
layer3.0.projection,230,0.039505213499069214,0.00031106467322101746
layer3.0.projection,231,0.057926077395677567,0.00045611084563525645
layer3.0.projection,232,0.08347246795892715,0.0006572635272356469
layer3.0.projection,233,0.10055861622095108,0.0007918001277240242
layer3.0.projection,234,0.03382629156112671,0.0002663487524498166
layer3.0.projection,235,0.12223753333091736,0.0009625002624481682
layer3.0.projection,236,0.08697707206010818,0.000684858835118962
layer3.0.projection,237,0.02999996207654476,0.0002362201738310611
layer3.0.projection,238,0.06861693412065506,0.0005402908198476776
layer3.0.projection,239,0.12344781309366226,0.0009720300243595453
layer3.0.projection,240,0.03978629410266876,0.0003132779063202265
layer3.0.projection,241,0.20920121669769287,0.0016472536747849833
layer3.0.projection,242,0.09695691615343094,0.0007634402846726845
layer3.0.projection,243,0.1512352079153061,0.0011908284087819377
layer3.0.projection,244,0.04185663163661957,0.0003295797766662958
layer3.0.projection,245,0.01873345486819744,0.00014750751864722395
layer3.0.projection,246,0.15254272520542145,0.0012011238205151295
layer3.0.projection,247,0.09370310604572296,0.0007378197326434879
layer3.0.projection,248,0.11660786718130112,0.0009181721825299301
layer3.0.projection,249,0.09753434360027313,0.0007679869574824656
layer3.0.projection,250,0.08225347101688385,0.0006476651261171956
layer3.0.projection,251,0.10091458261013031,0.0007946030126781915
layer3.0.projection,252,0.06342147290706635,0.0004993816764335933
layer3.0.projection,253,0.08878382295370102,0.000699085220107882
layer3.0.projection,254,0.10192299634218216,0.0008025432782848989
layer3.0.projection,255,0.10544326156377792,0.0008302619020769916
layer3.1.conv1,0,0.06275002658367157,0.000494094697509225
layer3.1.conv1,1,0.07920432090759277,0.0006236560701385257
layer3.1.conv1,2,0.08491171896457672,0.0006685962123195017
layer3.1.conv1,3,0.16534025967121124,0.0013018918084347342
layer3.1.conv1,4,0.08748487383127213,0.0006888572742619853
layer3.1.conv1,5,0.07700765132904053,0.0006063594592837836
layer3.1.conv1,6,0.1477840095758438,0.0011636536187074316
layer3.1.conv1,7,0.13856856524944305,0.0010910910649562446
layer3.1.conv1,8,0.05742356926202774,0.00045215408867738376
layer3.1.conv1,9,0.10943196713924408,0.0008616690325924731
layer3.1.conv1,10,0.08109091967344284,0.000638511178531046
layer3.1.conv1,11,0.08995752781629562,0.0007083269906794931
layer3.1.conv1,12,0.08949753642082214,0.000704705011187576
layer3.1.conv1,13,0.07723863422870636,0.0006081782222732785
layer3.1.conv1,14,0.11843213438987732,0.0009325364912588765
layer3.1.conv1,15,0.1652226746082306,0.0013009659417970913
layer3.1.conv1,16,0.12095087021589279,0.0009523690568180535
layer3.1.conv1,17,0.057531218975782394,0.000453001724218759
layer3.1.conv1,18,0.10705618560314178,0.0008429620913633211
layer3.1.conv1,19,0.1239803284406662,0.0009762230585879228
layer3.1.conv1,20,0.0958307534456253,0.0007545728617765772
layer3.1.conv1,21,0.07369564473628998,0.0005802806672148817
layer3.1.conv1,22,0.07859078794717789,0.0006188251019462826
layer3.1.conv1,23,0.04402635991573334,0.0003466642513049869
layer3.1.conv1,24,0.09228653460741043,0.0007266656268300034
layer3.1.conv1,25,0.06971491873264313,0.0005489363679735679
layer3.1.conv1,26,0.04891340434551239,0.00038514491610639677
layer3.1.conv1,27,0.1370617002248764,0.0010792259860226488
layer3.1.conv1,28,0.12677869200706482,0.0009982574173784632
layer3.1.conv1,29,0.17841511964797974,0.001404843461795116
layer3.1.conv1,30,0.05375303700566292,0.0004232522598871096
layer3.1.conv1,31,0.07640710473060608,0.0006016307459102841
layer3.1.conv1,32,0.1379823386669159,0.001086475107613511
layer3.1.conv1,33,0.08089034259319305,0.000636931831442465
layer3.1.conv1,34,0.08728615939617157,0.0006872925936706423
layer3.1.conv1,35,0.06807521730661392,0.0005360253331229442
layer3.1.conv1,36,0.09175489097833633,0.0007224794565223333
layer3.1.conv1,37,0.07880318909883499,0.0006204975519593307
layer3.1.conv1,38,0.060575395822525024,0.00047697162064980333
layer3.1.conv1,39,0.0600767619907856,0.0004730453700061858
layer3.1.conv1,40,0.14123353362083435,0.0011120750678805854
layer3.1.conv1,41,0.2135428637266159,0.0016814398718631174
layer3.1.conv1,42,0.09067635238170624,0.0007139870266276081
layer3.1.conv1,43,0.08455750346183777,0.0006658071138727383
layer3.1.conv1,44,0.1013219878077507,0.0007978109276200843
layer3.1.conv1,45,0.04705051705241203,0.0003704765122237168
layer3.1.conv1,46,0.12184134870767593,0.0009593806984856373
layer3.1.conv1,47,0.08021628856658936,0.0006316243194219634
layer3.1.conv1,48,0.08450622856616974,0.0006654033745367696
layer3.1.conv1,49,0.0673985481262207,0.0005306972293403205
layer3.1.conv1,50,0.07819531112909317,0.0006157111112527022
layer3.1.conv1,51,0.20637597143650055,0.0016250076491063036
layer3.1.conv1,52,0.0741172581911087,0.0005836004581977063
layer3.1.conv1,53,0.06444082409143448,0.0005074080637120825
layer3.1.conv1,54,0.07060105353593826,0.0005559138073695926
layer3.1.conv1,55,0.07307463884353638,0.0005753908570357195
layer3.1.conv1,56,0.04510682448744774,0.0003551718463578562
layer3.1.conv1,57,0.09845615178346634,0.0007752452896335932
layer3.1.conv1,58,0.09556153416633606,0.00075245302493178
layer3.1.conv1,59,0.10753584653139114,0.000846738949066072
layer3.1.conv1,60,0.060934342443943024,0.0004797979719995514
layer3.1.conv1,61,0.0958557277917862,0.0007547695101715448
layer3.1.conv1,62,0.1033899262547493,0.000814093907517711
layer3.1.conv1,63,0.1665453016757965,0.001311380328155878
layer3.1.conv1,64,0.08235382288694382,0.0006484552983223922
layer3.1.conv1,65,0.14138254523277283,0.0011132483876596286
layer3.1.conv1,66,0.16777242720127106,0.001321042733868276
layer3.1.conv1,67,0.056175220757722855,0.00044232457289545554
layer3.1.conv1,68,0.18566961586475372,0.0014619654792500294
layer3.1.conv1,69,0.13356511294841766,0.0010516938027434462
layer3.1.conv1,70,0.10046195238828659,0.000791038995183359
layer3.1.conv1,71,0.0680578276515007,0.0005358884067047299
layer3.1.conv1,72,0.08970217406749725,0.0007063163312401358
layer3.1.conv1,73,0.11369117349386215,0.0008952060905028516
layer3.1.conv1,74,0.04877205938100815,0.00038403196362998544
layer3.1.conv1,75,0.06700102984905243,0.0005275671641657672
layer3.1.conv1,76,0.10307171195745468,0.0008115882831295644
layer3.1.conv1,77,0.18193495273590088,0.0014325586829598495
layer3.1.conv1,78,0.18409866094589233,0.001449595755479467
layer3.1.conv1,79,0.0652889609336853,0.0005140863065644512
layer3.1.conv1,80,0.1439618319272995,0.0011335577317110198
layer3.1.conv1,81,0.07848655432462692,0.0006180043647608419
layer3.1.conv1,82,0.05741776153445244,0.0004521083585389956
layer3.1.conv1,83,0.11308468133211136,0.0008904305616701682
layer3.1.conv1,84,0.05957591533660889,0.0004691016955638495
layer3.1.conv1,85,0.06728284806013107,0.0005297862051978824
layer3.1.conv1,86,0.06063157692551613,0.0004774139915394971
layer3.1.conv1,87,0.11255650222301483,0.0008862716710473609
layer3.1.conv1,88,0.16062690317630768,0.001264778765167777
layer3.1.conv1,89,0.08032779395580292,0.0006325023146126214
layer3.1.conv1,90,0.06242290511727333,0.0004915189379312861
layer3.1.conv1,91,0.06888134032487869,0.0005423727584636117
layer3.1.conv1,92,0.0876937061548233,0.0006905016232663252
layer3.1.conv1,93,0.09838162362575531,0.0007746584537461048
layer3.1.conv1,94,0.09912536293268204,0.0007805146687612759
layer3.1.conv1,95,0.09235640615224838,0.0007272157964743968
layer3.1.conv1,96,0.14267048239707947,0.0011233896251738541
layer3.1.conv1,97,0.10757793486118317,0.0008470703532376628
layer3.1.conv1,98,0.08663450926542282,0.0006821614902789198
layer3.1.conv1,99,0.05338890850543976,0.00042038510634204537
layer3.1.conv1,100,0.06895303726196289,0.0005429373012752984
layer3.1.conv1,101,0.06947515904903412,0.0005470484964490875
layer3.1.conv1,102,0.06718610972166061,0.0005290244859973277
layer3.1.conv1,103,0.0860658511519432,0.0006776838673381354
layer3.1.conv1,104,0.09135784953832626,0.000719353145971073
layer3.1.conv1,105,0.15434058010578156,0.0012152801583132406
layer3.1.conv1,106,0.05046185106039047,0.00039733740992433443
layer3.1.conv1,107,0.08189177513122559,0.0006448171270175243
layer3.1.conv1,108,0.09324858337640762,0.0007342408139874616
layer3.1.conv1,109,0.08235413581132889,0.0006484577622939282
layer3.1.conv1,110,0.1431918740272522,0.001127495071080726
layer3.1.conv1,111,0.05825072154402733,0.0004586670987718687
layer3.1.conv1,112,0.08427443355321884,0.0006635782169544791
layer3.1.conv1,113,0.10488901287317276,0.0008258977391588406
layer3.1.conv1,114,0.07067307829856873,0.0005564809314847931
layer3.1.conv1,115,0.08704238384962082,0.0006853731011781166
layer3.1.conv1,116,0.08317635953426361,0.0006549319648367213
layer3.1.conv1,117,0.09281471371650696,0.0007308245174528107
layer3.1.conv1,118,0.09438281506299973,0.0007431717721496042
layer3.1.conv1,119,0.11528424173593521,0.0009077499349286237
layer3.1.conv1,120,0.10468954592943192,0.0008243271333026135
layer3.1.conv1,121,0.1228148564696312,0.0009670461139341038
layer3.1.conv1,122,0.04947551712393761,0.00038957100097588665
layer3.1.conv1,123,0.07090205699205399,0.0005582839133232597
layer3.1.conv1,124,0.0966804102063179,0.0007612630724906921
layer3.1.conv1,125,0.05669986829161644,0.0004464556558394995
layer3.1.conv1,126,0.07001940906047821,0.0005513339296100647
layer3.1.conv1,127,0.07817735522985458,0.0006155697262193275
layer3.1.conv1,128,0.1728808730840683,0.0013612667171973881
layer3.1.conv1,129,0.08190110325813293,0.0006448905768356923
layer3.1.conv1,130,0.05279456824064255,0.0004157052617373429
layer3.1.conv1,131,0.14852942526340485,0.001169523033570117
layer3.1.conv1,132,0.09280932694673538,0.0007307821019427983
layer3.1.conv1,133,0.09698626399040222,0.000763671370003167
layer3.1.conv1,134,0.055111393332481384,0.0004339479789959164
layer3.1.conv1,135,0.08313775807619095,0.0006546280163479602
layer3.1.conv1,136,0.15022115409374237,0.0011828437330215936
layer3.1.conv1,137,0.08657310903072357,0.0006816780238639652
layer3.1.conv1,138,0.06729567795991898,0.0005298872280308581
layer3.1.conv1,139,0.10327558219432831,0.0008131935605852623
layer3.1.conv1,140,0.06369318068027496,0.0005015211077187005
layer3.1.conv1,141,0.05506147816777229,0.00043355494620293144
layer3.1.conv1,142,0.13862153887748718,0.0010915081801376944
layer3.1.conv1,143,0.05881016328930855,0.0004630721518843193
layer3.1.conv1,144,0.09433009475469589,0.0007427566516117787
layer3.1.conv1,145,0.07500771433115005,0.0005906119238673232
layer3.1.conv1,146,0.09804809093475342,0.0007720322120846726
layer3.1.conv1,147,0.11747045814990997,0.0009249642374008659
layer3.1.conv1,148,0.12113644927740097,0.0009538303092708738
layer3.1.conv1,149,0.08800045400857925,0.0006929169606974744
layer3.1.conv1,150,0.12140483409166336,0.0009559435755249083
layer3.1.conv1,151,0.09143874794244766,0.0007199901412791155
layer3.1.conv1,152,0.06006183102726936,0.0004729278033643257
layer3.1.conv1,153,0.07041718065738678,0.0005544659894282423
layer3.1.conv1,154,0.06836249679327011,0.0005382873763249615
layer3.1.conv1,155,0.0878690779209137,0.0006918825033142811
layer3.1.conv1,156,0.10512719303369522,0.0008277731734936632
layer3.1.conv1,157,0.06836999952793121,0.0005383464529758363
layer3.1.conv1,158,0.046661198139190674,0.0003674110089700053
layer3.1.conv1,159,0.1035977229475975,0.0008157301019495867
layer3.1.conv1,160,0.11425347626209259,0.0008996336713550598
layer3.1.conv1,161,0.1625424325466156,0.0012798616735953984
layer3.1.conv1,162,0.09351955354213715,0.0007363744373396626
layer3.1.conv1,163,0.04500193148851395,0.0003543459172323933
layer3.1.conv1,164,0.06538105756044388,0.0005148114768538888
layer3.1.conv1,165,0.1063474640250206,0.0008373816064962252
layer3.1.conv1,166,0.08535340428352356,0.0006720740494765635
layer3.1.conv1,167,0.1881335824728012,0.001481366791124419
layer3.1.conv1,168,0.1439531296491623,0.0011334892098359235
layer3.1.conv1,169,0.08492814004421234,0.0006687255121591523
layer3.1.conv1,170,0.06271124631166458,0.000493789341036729
layer3.1.conv1,171,0.08274245262145996,0.0006515153749721257
layer3.1.conv1,172,0.0946788415312767,0.0007455026892226512
layer3.1.conv1,173,0.06400037556886673,0.0005039399651091868
layer3.1.conv1,174,0.13028842210769653,0.0010258930874621774
layer3.1.conv1,175,0.248378187417984,0.0019557337591967244
layer3.1.conv1,176,0.08419226109981537,0.0006629311897623257
layer3.1.conv1,177,0.09336654841899872,0.0007351696725905411
layer3.1.conv1,178,0.11213333159685135,0.0008829396188728452
layer3.1.conv1,179,0.0561632439494133,0.000442230267318215
layer3.1.conv1,180,0.11359815299510956,0.0008944736456307839
layer3.1.conv1,181,0.0828644186258316,0.0006524757372112725
layer3.1.conv1,182,0.10207860171794891,0.0008037685174641647
layer3.1.conv1,183,0.096697598695755,0.0007613984149272047
layer3.1.conv1,184,0.07110893726348877,0.0005599128918384942
layer3.1.conv1,185,0.15587152540683746,0.0012273348457231296
layer3.1.conv1,186,0.27238303422927856,0.0021447483010179416
layer3.1.conv1,187,0.08547662198543549,0.0006730442676018542
layer3.1.conv1,188,0.09536471962928772,0.0007509033041676198
layer3.1.conv1,189,0.08157476037740707,0.000642320947853599
layer3.1.conv1,190,0.07216639816761017,0.0005682393556504738
layer3.1.conv1,191,0.14597471058368683,0.00114940716995029
layer3.1.conv1,192,0.15794974565505981,0.0012436987846855103
layer3.1.conv1,193,0.07593201845884323,0.0005978899091247499
layer3.1.conv1,194,0.07047241926193237,0.0005549009390703336
layer3.1.conv1,195,0.07096516340970993,0.0005587808142496845
layer3.1.conv1,196,0.11584506183862686,0.0009121658412490304
layer3.1.conv1,197,0.07586619257926941,0.0005973715951123576
layer3.1.conv1,198,0.12234459072351456,0.0009633432340434217
layer3.1.conv1,199,0.1578005850315094,0.0012425242915866882
layer3.1.conv1,200,0.071433424949646,0.0005624679129893385
layer3.1.conv1,201,0.08924400806427002,0.000702708724915512
layer3.1.conv1,202,0.1107092872262001,0.0008717266710724417
layer3.1.conv1,203,0.10092280060052872,0.0007946677212640056
layer3.1.conv1,204,0.10768745094537735,0.0008479326846092704
layer3.1.conv1,205,0.17876629531383514,0.001407608624518387
layer3.1.conv1,206,0.11326789855957031,0.0008918732170044906
layer3.1.conv1,207,0.11316752433776855,0.0008910828688013272
layer3.1.conv1,208,0.05006797984242439,0.0003942360617513732
layer3.1.conv1,209,0.08226574212312698,0.0006477617490009998
layer3.1.conv1,210,0.07233915477991104,0.0005695996439363074
layer3.1.conv1,211,0.2096797674894333,0.0016510217912553801
layer3.1.conv1,212,0.11707243323326111,0.0009218301829390639
layer3.1.conv1,213,0.0647720918059349,0.0005100164709128733
layer3.1.conv1,214,0.16519510746002197,0.0013007488776379684
layer3.1.conv1,215,0.08705757558345795,0.0006854927211295902
layer3.1.conv1,216,0.1358584463596344,0.0010697515461388536
layer3.1.conv1,217,0.10151929408311844,0.0007993645203395153
layer3.1.conv1,218,0.07505820691585541,0.000591009503274452
layer3.1.conv1,219,0.2243785262107849,0.0017667600489038183
layer3.1.conv1,220,0.08459201455116272,0.0006660788547335647
layer3.1.conv1,221,0.10067965090274811,0.000792753156714552
layer3.1.conv1,222,0.09043540805578232,0.0007120898272108844
layer3.1.conv1,223,0.09104081988334656,0.0007168568494751698
layer3.1.conv1,224,0.10156663507223129,0.0007997372840333173
layer3.1.conv1,225,0.12339644134044647,0.0009716255223657203
layer3.1.conv1,226,0.12053333967924118,0.0009490814147971746
layer3.1.conv1,227,0.0543958880007267,0.0004283140787458795
layer3.1.conv1,228,0.19174326956272125,0.0015097895241159155
layer3.1.conv1,229,0.058667052537202835,0.00046194529556852626
layer3.1.conv1,230,0.06232278421521187,0.0004907305843717469
layer3.1.conv1,231,0.13392634689807892,0.0010545381645518026
layer3.1.conv1,232,0.10366672277450562,0.0008162734076732726
layer3.1.conv1,233,0.09942696243524551,0.0007828894679940591
layer3.1.conv1,234,0.12155275791883469,0.0009571083300695645
layer3.1.conv1,235,0.11891718208789825,0.0009363557644716398
layer3.1.conv1,236,0.04494182765483856,0.00035387265869951624
layer3.1.conv1,237,0.07704558223485947,0.0006066581278335392
layer3.1.conv1,238,0.06144344061613083,0.0004838066190246522
layer3.1.conv1,239,0.1135023757815361,0.000893719494342804
layer3.1.conv1,240,0.18306425213813782,0.0014414508042373056
layer3.1.conv1,241,0.07314714044332504,0.000575961735774213
layer3.1.conv1,242,0.09605886787176132,0.0007563690383603253
layer3.1.conv1,243,0.07463287562131882,0.0005876604379631403
layer3.1.conv1,244,0.1706191450357437,0.0013434578349271159
layer3.1.conv1,245,0.1135018989443779,0.000893715739719511
layer3.1.conv1,246,0.12789727747440338,0.0010070651769638062
layer3.1.conv1,247,0.12371175736188889,0.0009741083256841644
layer3.1.conv1,248,0.10087414085865021,0.0007942845736901591
layer3.1.conv1,249,0.07712346315383911,0.000607271363416056
layer3.1.conv1,250,0.06627947837114334,0.0005218856564656956
layer3.1.conv1,251,0.056356728076934814,0.0004437537643853135
layer3.1.conv1,252,0.059901438653469086,0.00047166487128715815
layer3.1.conv1,253,0.10422798246145248,0.0008206927752870274
layer3.1.conv1,254,0.07087380439043045,0.0005580614518931531
layer3.1.conv1,255,0.06690186262130737,0.000526786319852814
layer3.1.conv2,0,0.13977186381816864,0.0011005658568359734
layer3.1.conv2,1,0.14639636874198914,0.0011527273129290482
layer3.1.conv2,2,0.0845295637845993,0.0006655871164141677
layer3.1.conv2,3,0.15049633383750916,0.0011850105026575523
layer3.1.conv2,4,0.10611435770988464,0.0008355461236998791
layer3.1.conv2,5,0.07059196382761002,0.000555842234863071
layer3.1.conv2,6,0.16819332540035248,0.0013243568929161612
layer3.1.conv2,7,0.1271340548992157,0.001001055550387525
layer3.1.conv2,8,0.10750145465135574,0.0008464681468610688
layer3.1.conv2,9,0.07857237011194229,0.0006186800796215929
layer3.1.conv2,10,0.10237458348274231,0.0008060990825412781
layer3.1.conv2,11,0.05457880720496178,0.00042975438744064393
layer3.1.conv2,12,0.16817735135555267,0.0013242311130358478
layer3.1.conv2,13,0.22773687541484833,0.0017932037434240026
layer3.1.conv2,14,0.3335019648075104,0.0026259997228937825
layer3.1.conv2,15,0.13662613928318024,0.0010757963723085058
layer3.1.conv2,16,0.2352990210056305,0.0018527481968947284
layer3.1.conv2,17,0.17471353709697723,0.0013756971424958837
layer3.1.conv2,18,0.24794860184192657,0.001952351195605721
layer3.1.conv2,19,0.3614167273044586,0.0028458010023973117
layer3.1.conv2,20,0.29964679479599,0.0023594235810707872
layer3.1.conv2,21,0.5046260356903076,0.003973433351892186
layer3.1.conv2,22,0.4915282130241394,0.0038703008899538534
layer3.1.conv2,23,0.3466745615005493,0.0027297209566972385
layer3.1.conv2,24,0.15134723484516144,0.0011917105105918224
layer3.1.conv2,25,0.2499525398015976,0.001968130234658249
layer3.1.conv2,26,0.11487041413784027,0.0009044914499042541
layer3.1.conv2,27,0.5034173130989075,0.0039639158511725
layer3.1.conv2,28,0.08953527361154556,0.0007050021544216187
layer3.1.conv2,29,0.3571142256259918,0.0028119230364251325
layer3.1.conv2,30,0.10417025536298752,0.0008202382312046261
layer3.1.conv2,31,0.09243293106555939,0.0007278183548469243
layer3.1.conv2,32,0.11922132968902588,0.0009387506274726447
layer3.1.conv2,33,0.027029499411582947,0.00021283070402821217
layer3.1.conv2,34,0.10681948065757751,0.0008410982728943112
layer3.1.conv2,35,0.1613284796476364,0.0012703029893514678
layer3.1.conv2,36,0.31168752908706665,0.002454232512496588
layer3.1.conv2,37,0.052119337022304535,0.0004103884804905869
layer3.1.conv2,38,0.052894581109285355,0.00041649276464004217
layer3.1.conv2,39,0.1525350958108902,0.0012010637465424425
layer3.1.conv2,40,0.23508810997009277,0.0018510874800794707
layer3.1.conv2,41,0.11748283356428146,0.0009250616816085154
layer3.1.conv2,42,0.038263753056526184,0.0003012893941458755
layer3.1.conv2,43,0.08688721805810928,0.000684151323292199
layer3.1.conv2,44,0.19121842086315155,0.0015056568571901697
layer3.1.conv2,45,0.05837076157331467,0.00045961229585287137
layer3.1.conv2,46,0.09997519850730896,0.0007872062874591257
layer3.1.conv2,47,0.2630188763141632,0.002071014774127269
layer3.1.conv2,48,0.23243926465511322,0.0018302304303552221
layer3.1.conv2,49,0.3605467677116394,0.0028389509268633025
layer3.1.conv2,50,0.11726969480514526,0.0009233834236625611
layer3.1.conv2,51,0.36569318175315857,0.0028794738720721146
layer3.1.conv2,52,0.15773949027061462,0.0012420432304772805
layer3.1.conv2,53,0.08831486105918884,0.0006953926067652665
layer3.1.conv2,54,0.12389956414699554,0.0009755871192676814
layer3.1.conv2,55,0.13169462978839874,0.0010369655888850294
layer3.1.conv2,56,0.10698369890451431,0.0008423913299568056
layer3.1.conv2,57,0.06368020176887512,0.0005014189115659459
layer3.1.conv2,58,0.17570923268795013,0.0013835372652594498
layer3.1.conv2,59,0.1559695154428482,0.0012281064208098285
layer3.1.conv2,60,0.0747903361916542,0.0005889002849736552
layer3.1.conv2,61,0.03913203254342079,0.0003081262404993763
layer3.1.conv2,62,0.13907542824745178,0.0010950821121846596
layer3.1.conv2,63,0.1830165982246399,0.0014410755765719677
layer3.1.conv2,64,0.20995739102363586,0.0016532078033357155
layer3.1.conv2,65,0.11983095109462738,0.000943550796020688
layer3.1.conv2,66,0.515023946762085,0.004055306667417992
layer3.1.conv2,67,0.17543525993824005,0.0013813799995137013
layer3.1.conv2,68,0.09221657365560532,0.0007261147531937427
layer3.1.conv2,69,0.2722908556461334,0.0021440224854026254
layer3.1.conv2,70,0.10638728737831116,0.0008376951762071745
layer3.1.conv2,71,0.04847951605916023,0.0003817284729067735
layer3.1.conv2,72,0.06235973536968231,0.0004910215383439553
layer3.1.conv2,73,0.1195647120475769,0.0009414544255714717
layer3.1.conv2,74,0.2313677817583084,0.0018217935571520347
layer3.1.conv2,75,0.12281373143196106,0.0009670372553697721
layer3.1.conv2,76,0.1352701038122177,0.0010651189276552576
layer3.1.conv2,77,0.2055651694536209,0.0016186233815245741
layer3.1.conv2,78,0.07051409035921097,0.000555229057946543
layer3.1.conv2,79,0.1001829132437706,0.0007888418365651228
layer3.1.conv2,80,0.2436896413564682,0.001918816073672978
layer3.1.conv2,81,0.07918092608451843,0.000623471858933216
layer3.1.conv2,82,0.18057133257389069,0.001421821516329848
layer3.1.conv2,83,0.1606137901544571,0.0012646755130272212
layer3.1.conv2,84,0.19494357705116272,0.0015349887956784467
layer3.1.conv2,85,0.07073335349559784,0.0005569555393354161
layer3.1.conv2,86,0.34722259640693665,0.0027340361921806035
layer3.1.conv2,87,0.17979441583156586,0.001415704061665873
layer3.1.conv2,88,0.3021354377269745,0.0023790191947005864
layer3.1.conv2,89,0.11565549671649933,0.0009106732024921207
layer3.1.conv2,90,0.06726060807704926,0.0005296110872208602
layer3.1.conv2,91,0.29325932264328003,0.0023091285247502365
layer3.1.conv2,92,0.2976090908050537,0.0023433786677563282
layer3.1.conv2,93,0.07983668148517609,0.0006286352872848511
layer3.1.conv2,94,0.1067843809723854,0.0008408218974203575
layer3.1.conv2,95,0.06805091351270676,0.0005358339646669824
layer3.1.conv2,96,0.15854845941066742,0.0012484130662257277
layer3.1.conv2,97,0.09237457066774368,0.0007273588241554621
layer3.1.conv2,98,0.0769038051366806,0.0006055417727297685
layer3.1.conv2,99,0.1650795340538025,0.0012998388508173424
layer3.1.conv2,100,0.49822667241096497,0.003923044664653268
layer3.1.conv2,101,0.18064787983894348,0.0014224242507003425
layer3.1.conv2,102,0.10214946419000626,0.0008043264896850887
layer3.1.conv2,103,0.08163280785083771,0.0006427780145735252
layer3.1.conv2,104,0.042711373418569565,0.0003363100269178706
layer3.1.conv2,105,0.33293431997299194,0.0026215300785274957
layer3.1.conv2,106,0.07569091022014618,0.0005959914190562691
layer3.1.conv2,107,0.2430371195077896,0.0019136781063605482
layer3.1.conv2,108,0.5233197808265686,0.004120628195484792
layer3.1.conv2,109,0.0809004008769989,0.0006370110305275504
layer3.1.conv2,110,0.11143417656421661,0.0008774344611355639
layer3.1.conv2,111,0.027195340022444725,0.00021413653560980097
layer3.1.conv2,112,0.28118547797203064,0.0022140588816695326
layer3.1.conv2,113,0.2923741042613983,0.0023021583012708528
layer3.1.conv2,114,0.31513217091560364,0.002481355676500816
layer3.1.conv2,115,0.07453206926584244,0.0005868666871326176
layer3.1.conv2,116,0.2201945036649704,0.001733814989487956
layer3.1.conv2,117,0.3413533866405487,0.0026878219420515648
layer3.1.conv2,118,0.22495977580547333,0.0017713368173659318
layer3.1.conv2,119,0.1320039927959442,0.0010394015180783009
layer3.1.conv2,120,0.2485942542552948,0.001957435072876337
layer3.1.conv2,121,0.19560590386390686,0.0015402039674323376
layer3.1.conv2,122,0.3637494742870331,0.002864169088874276
layer3.1.conv2,123,0.14590324461460114,0.0011488444457842608
layer3.1.conv2,124,0.21508720517158508,0.0016936000407211424
layer3.1.conv2,125,0.07060742378234863,0.0005559639667901467
layer3.1.conv2,126,0.23001772165298462,0.001811163162621926
layer3.1.conv2,127,0.23362360894680023,0.001839555975959057
layer3.1.conv2,128,0.635185182094574,0.005001458126728929
layer3.1.conv2,129,0.03929995372891426,0.00030944845455838
layer3.1.conv2,130,0.08911062031984329,0.0007016584277153015
layer3.1.conv2,131,0.16439834237098694,0.0012944751367794248
layer3.1.conv2,132,0.0884508341550827,0.0006964632610636433
layer3.1.conv2,133,0.14627188444137573,0.0011517471215856357
layer3.1.conv2,134,0.1253037303686142,0.0009866435462095606
layer3.1.conv2,135,0.30099135637283325,0.0023700106801010493
layer3.1.conv2,136,0.055004000663757324,0.00043310236743116003
layer3.1.conv2,137,0.39926376938819885,0.003143809207781093
layer3.1.conv2,138,0.136894091963768,0.0010779062359351811
layer3.1.conv2,139,0.16929537057876587,0.0013330344140060305
layer3.1.conv2,140,0.07406281679868698,0.0005831717858164329
layer3.1.conv2,141,0.6343026757240295,0.004994509257669524
layer3.1.conv2,142,0.11823350191116333,0.000930972455993412
layer3.1.conv2,143,0.12531152367591858,0.0009867049108340045
layer3.1.conv2,144,0.2254038155078888,0.0017748331929755023
layer3.1.conv2,145,0.37480905652046204,0.002951252413546945
layer3.1.conv2,146,0.15270449221134186,0.0012023975764672587
layer3.1.conv2,147,0.12868942320346832,0.0010133025449091994
layer3.1.conv2,148,0.2029155194759369,0.0015977599958735189
layer3.1.conv2,149,0.5649178624153137,0.00444817214500247
layer3.1.conv2,150,0.5606052279472351,0.004414214393285315
layer3.1.conv2,151,0.04462335631251335,0.0003513650103347508
layer3.1.conv2,152,0.10120803117752075,0.000796913631319061
layer3.1.conv2,153,0.2757841646671295,0.002171528855646689
layer3.1.conv2,154,0.3607497215270996,0.002840548988402359
layer3.1.conv2,155,0.2242654711008072,0.0017658698511874582
layer3.1.conv2,156,0.12710687518119812,0.0010008415368598278
layer3.1.conv2,157,0.08042076975107193,0.0006332344074887554
layer3.1.conv2,158,0.22524984180927277,0.001773620801647817
layer3.1.conv2,159,0.09852531552314758,0.0007757898860090361
layer3.1.conv2,160,0.397978812456131,0.0031336914366624485
layer3.1.conv2,161,0.13179969787597656,0.0010377928966612327
layer3.1.conv2,162,0.08201191574335098,0.0006457631160893778
layer3.1.conv2,163,0.33833181858062744,0.0026640300675639956
layer3.1.conv2,164,0.2673684358596802,0.0021052632744856708
layer3.1.conv2,165,0.2147558033466339,0.0016909905775325505
layer3.1.conv2,166,0.2101583629846573,0.0016547902597217109
layer3.1.conv2,167,0.49628564715385437,0.003907761001211452
layer3.1.conv2,168,0.23900389671325684,0.0018819204465610774
layer3.1.conv2,169,0.2244996577501297,0.0017677138405522025
layer3.1.conv2,170,0.5619876384735107,0.004425099515539455
layer3.1.conv2,171,0.03984437510371208,0.000313735237037103
layer3.1.conv2,172,0.1885036677122116,0.0014842808481276505
layer3.1.conv2,173,0.2849743962287903,0.002243892883691262
layer3.1.conv2,174,0.12622013688087463,0.000993859345518698
layer3.1.conv2,175,0.19989942014217377,0.0015740111822218406
layer3.1.conv2,176,0.15018914639949799,0.001182591703933055
layer3.1.conv2,177,0.14947468042373657,0.001176965987588477
layer3.1.conv2,178,0.30431482195854187,0.0023961797004609597
layer3.1.conv2,179,0.1794116348028183,0.001412690037817467
layer3.1.conv2,180,0.2454560548067093,0.001932724840997711
layer3.1.conv2,181,0.3897469937801361,0.0030688739667727254
layer3.1.conv2,182,0.23738916218280792,0.0018692060014394326
layer3.1.conv2,183,0.2994973063468933,0.002358246506668451
layer3.1.conv2,184,0.20790863037109375,0.0016370758296936517
layer3.1.conv2,185,0.11599281430244446,0.0009133292464759406
layer3.1.conv2,186,0.13742755353450775,0.0010821067207441555
layer3.1.conv2,187,0.5854558944702148,0.004609888932836337
layer3.1.conv2,188,0.23129674792289734,0.0018212342356133649
layer3.1.conv2,189,0.24397167563438416,0.0019210368160187728
layer3.1.conv2,190,0.10120764374732971,0.0007969105806876355
layer3.1.conv2,191,0.12497241050004959,0.0009840347283468472
layer3.1.conv2,192,0.17596806585788727,0.0013855753217156478
layer3.1.conv2,193,0.1861792653799057,0.0014659784675583125
layer3.1.conv2,194,0.08888017386198044,0.0006998438886770113
layer3.1.conv2,195,0.1646965593099594,0.0012968233016532238
layer3.1.conv2,196,0.17090728878974915,0.0013457266833838515
layer3.1.conv2,197,0.0920257717370987,0.0007246123758826669
layer3.1.conv2,198,0.25170275568962097,0.001981911462123
layer3.1.conv2,199,0.4007251262664795,0.0031553159548541694
layer3.1.conv2,200,0.315645694732666,0.0024853991711233543
layer3.1.conv2,201,0.22407247126102448,0.0017643501674096415
layer3.1.conv2,202,0.08392192423343658,0.0006608025530191857
layer3.1.conv2,203,0.35726314783096313,0.0028130956522123083
layer3.1.conv2,204,0.36198654770851135,0.002850287777232373
layer3.1.conv2,205,0.970120906829834,0.007638747297872709
layer3.1.conv2,206,0.13423053920269012,0.001056933379548741
layer3.1.conv2,207,0.263070672750473,0.002071422620082465
layer3.1.conv2,208,0.04409968480467796,0.00034724161263525956
layer3.1.conv2,209,0.1379411220550537,0.0010861505673626277
layer3.1.conv2,210,0.06648862361907959,0.0005235324694415716
layer3.1.conv2,211,0.23690620064735413,0.0018654031547035758
layer3.1.conv2,212,0.03782706335186958,0.00029785089253440614
layer3.1.conv2,213,0.23866604268550873,0.001879260178626053
layer3.1.conv2,214,0.5623036623001099,0.004427587892126849
layer3.1.conv2,215,0.234954833984375,0.0018500380628690945
layer3.1.conv2,216,0.2636953592300415,0.0020763414112601694
layer3.1.conv2,217,0.08180253952741623,0.0006441144844678443
layer3.1.conv2,218,0.1987329125404358,0.0015648260829955573
layer3.1.conv2,219,0.3401748239994049,0.002678541921255157
layer3.1.conv2,220,0.15801720321178436,0.0012442299465494832
layer3.1.conv2,221,0.1736365258693695,0.0013672167391288938
layer3.1.conv2,222,0.10167056322097778,0.0008005556159132109
layer3.1.conv2,223,0.2468477338552475,0.0019436829437421063
layer3.1.conv2,224,0.2673535943031311,0.002105146411835678
layer3.1.conv2,225,0.31236737966537476,0.002459585666656494
layer3.1.conv2,226,0.3987886607646942,0.003140068194997592
layer3.1.conv2,227,0.3166517913341522,0.002493321191607498
layer3.1.conv2,228,0.12190314382314682,0.0009598672741980064
layer3.1.conv2,229,0.7278895974159241,0.005731414152881292
layer3.1.conv2,230,0.0895645022392273,0.0007052323010962779
layer3.1.conv2,231,0.1434745192527771,0.001129720624037615
layer3.1.conv2,232,0.3630383312702179,0.0028585695375607707
layer3.1.conv2,233,0.15886828303337097,0.001250931362467488
layer3.1.conv2,234,0.22739489376544952,0.0017905109745310985
layer3.1.conv2,235,0.08085063844919205,0.0006366192003873389
layer3.1.conv2,236,0.13941267132759094,0.0010977375695085901
layer3.1.conv2,237,0.1099788174033165,0.0008659749401835944
layer3.1.conv2,238,0.04304904118180275,0.0003389688282031713
layer3.1.conv2,239,0.09531372040510178,0.0007505017354732423
layer3.1.conv2,240,0.09030787646770477,0.0007110856414779904
layer3.1.conv2,241,0.20758894085884094,0.0016345585894396925
layer3.1.conv2,242,0.23278996348381042,0.0018329918384552002
layer3.1.conv2,243,0.041596669703722,0.00032753283231277166
layer3.1.conv2,244,0.09242764115333557,0.0007277767019947683
layer3.1.conv2,245,0.1048312708735466,0.0008254430777444614
layer3.1.conv2,246,0.47380903363227844,0.003730779792380145
layer3.1.conv2,247,0.16086064279079437,0.001266619234573184
layer3.1.conv2,248,0.49497008323669434,0.0038974022302101915
layer3.1.conv2,249,0.06966572254896164,0.0005485489964485168
layer3.1.conv2,250,0.2571307420730591,0.002024651512386292
layer3.1.conv2,251,0.18543018400669098,0.001460080189029063
layer3.1.conv2,252,0.27652880549430847,0.0021773921692465233
layer3.1.conv2,253,0.18270505964756012,0.0014386225169099223
layer3.1.conv2,254,0.1256013959646225,0.0009889873698001772
layer3.1.conv2,255,0.15572898089885712,0.0012262124480224969
layer4.0.conv1,0,0.07694430649280548,0.0006058606810457124
layer4.0.conv1,1,0.04980641230940819,0.0003921764748772298
layer4.0.conv1,2,0.08796775341033936,0.0006926594756719634
layer4.0.conv1,3,0.07234891504049301,0.0005696764963818347
layer4.0.conv1,4,0.04981464520096779,0.00039224130079502196
layer4.0.conv1,5,0.07257027924060822,0.0005714195215795922
layer4.0.conv1,6,0.05734511837363243,0.00045153636514671207
layer4.0.conv1,7,0.1309656947851181,0.0010312259431899064
layer4.0.conv1,8,0.0650782361626625,0.0005124270563989174
layer4.0.conv1,9,0.10909892618656158,0.0008590466628863117
layer4.0.conv1,10,0.0727241188287735,0.0005726308569194763
layer4.0.conv1,11,0.059684883803129196,0.0004699597149852693
layer4.0.conv1,12,0.1328786313533783,0.0010462884358533723
layer4.0.conv1,13,0.06915689259767532,0.0005445424613990183
layer4.0.conv1,14,0.07519596815109253,0.0005920942374101774
layer4.0.conv1,15,0.07721731066703796,0.0006080103202128974
layer4.0.conv1,16,0.11633888632059097,0.0009160542229967793
layer4.0.conv1,17,0.06679513305425644,0.0005259459295610744
layer4.0.conv1,18,0.06537089496850967,0.000514731456444958
layer4.0.conv1,19,0.05657719448208809,0.00044548972033140225
layer4.0.conv1,20,0.04990863427519798,0.0003929813722456534
layer4.0.conv1,21,0.09113585203886032,0.0007176051341642545
layer4.0.conv1,22,0.08091449737548828,0.0006371220265786479
layer4.0.conv1,23,0.08621297031641006,0.0006788422859559847
layer4.0.conv1,24,0.05544274300336838,0.00043655703152258566
layer4.0.conv1,25,0.060457296669483185,0.0004760417060589227
layer4.0.conv1,26,0.08343952149152756,0.0006570041062325004
layer4.0.conv1,27,0.07995948940515518,0.0006296022787807495
layer4.0.conv1,28,0.047669749706983566,0.0003753523598975084
layer4.0.conv1,29,0.0738445520401001,0.0005814531656700795
layer4.0.conv1,30,0.06403277069330215,0.0005041950448291508
layer4.0.conv1,31,0.07284149527549744,0.0005735550809094287
layer4.0.conv1,32,0.07758145779371262,0.000610877620422934
layer4.0.conv1,33,0.0967651754617691,0.0007619305154470008
layer4.0.conv1,34,0.060988057404756546,0.00048022092444690196
layer4.0.conv1,35,0.0629555732011795,0.000495713174812437
layer4.0.conv1,36,0.08611799776554108,0.0006780944705948117
layer4.0.conv1,37,0.09316281974315643,0.0007335655097886333
layer4.0.conv1,38,0.052511945366859436,0.00041347988477842074
layer4.0.conv1,39,0.11538796126842499,0.0009085666241608266
layer4.0.conv1,40,0.061532776802778244,0.000484510053565183
layer4.0.conv1,41,0.13844925165176392,0.0010901515878091648
layer4.0.conv1,42,0.07495041191577911,0.0005901607237462922
layer4.0.conv1,43,0.05869508907198906,0.00046216605568495325
layer4.0.conv1,44,0.07026349753141403,0.0005532558860741262
layer4.0.conv1,45,0.05918393284082413,0.0004660152192190876
layer4.0.conv1,46,0.06382373720407486,0.0005025491118431091
layer4.0.conv1,47,0.06067720428109169,0.0004777732620558401
layer4.0.conv1,48,0.07767336070537567,0.0006116012653966588
layer4.0.conv1,49,0.05455785244703293,0.00042958938934671597
layer4.0.conv1,50,0.06571081280708313,0.0005174079748589223
layer4.0.conv1,51,0.04751311615109444,0.00037411902481176724
layer4.0.conv1,52,0.10937708616256714,0.0008612368989178515
layer4.0.conv1,53,0.07265786826610565,0.0005721091989457138
layer4.0.conv1,54,0.15935738384723663,0.0012547825499782412
layer4.0.conv1,55,0.06318293511867523,0.0004975034261313011
layer4.0.conv1,56,0.10837628692388535,0.0008533565899518531
layer4.0.conv1,57,0.08637658506631851,0.0006801305910733741
layer4.0.conv1,58,0.05030568316578865,0.0003961077414629028
layer4.0.conv1,59,0.08932427316904068,0.0007033407336144936
layer4.0.conv1,60,0.070302315056324,0.000553561535876567
layer4.0.conv1,61,0.07494688779115677,0.0005901329747335179
layer4.0.conv1,62,0.04687171056866646,0.000369068587154854
layer4.0.conv1,63,0.11857380717992783,0.0009336520250388017
layer4.0.conv1,64,0.04370243474841118,0.0003441136594363085
layer4.0.conv1,65,0.08648938685655594,0.0006810187941461098
layer4.0.conv1,66,0.08667636662721634,0.0006824910758048531
layer4.0.conv1,67,0.16123560070991516,0.0012695716591331902
layer4.0.conv1,68,0.07772005349397659,0.000611968925149422
layer4.0.conv1,69,0.11332084983587265,0.0008922901561879736
layer4.0.conv1,70,0.06163715571165085,0.0004853319347374083
layer4.0.conv1,71,0.09926651418209076,0.0007816260959219745
layer4.0.conv1,72,0.05174058675765991,0.00040740619494220406
layer4.0.conv1,73,0.06615617871284485,0.0005209147930145264
layer4.0.conv1,74,0.10331256687641144,0.0008134847785544208
layer4.0.conv1,75,0.06769515573978424,0.0005330327223605058
layer4.0.conv1,76,0.08244673907756805,0.0006491869218706146
layer4.0.conv1,77,0.05044036731123924,0.0003971682465451909
layer4.0.conv1,78,0.0874755010008812,0.0006887834724478834
layer4.0.conv1,79,0.07797309011220932,0.0006139613394662151
layer4.0.conv1,80,0.05706242844462395,0.00044931046019388936
layer4.0.conv1,81,0.09309925884008408,0.0007330650302368825
layer4.0.conv1,82,0.12137991189956665,0.0009557473377918633
layer4.0.conv1,83,0.07535058259963989,0.0005933116740129126
layer4.0.conv1,84,0.05431684851646423,0.00042769172060208056
layer4.0.conv1,85,0.05692358687520027,0.00044821721948976593
layer4.0.conv1,86,0.14953778684139252,0.0011774628885149016
layer4.0.conv1,87,0.049390219151973724,0.0003888993634013679
layer4.0.conv1,88,0.1076592430472374,0.0008477105751750977
layer4.0.conv1,89,0.06278550624847412,0.0004943740649486152
layer4.0.conv1,90,0.0678287222981453,0.0005340844275444511
layer4.0.conv1,91,0.06435133516788483,0.0005067034265187781
layer4.0.conv1,92,0.1364303082227707,0.0010742543954548873
layer4.0.conv1,93,0.10594604164361954,0.0008342208003434609
layer4.0.conv1,94,0.08522246032953262,0.0006710429947207293
layer4.0.conv1,95,0.05306412652134895,0.00041782776788463745
layer4.0.conv1,96,0.05499935895204544,0.0004330658185200428
layer4.0.conv1,97,0.07357826083898544,0.0005793563845589405
layer4.0.conv1,98,0.05809313431382179,0.0004574262544395417
layer4.0.conv1,99,0.05222303047776222,0.0004112049643918285
layer4.0.conv1,100,0.07766415178775787,0.000611528754234314
layer4.0.conv1,101,0.07404939085245132,0.0005830660697043412
layer4.0.conv1,102,0.06014060601592064,0.00047354807886551683
layer4.0.conv1,103,0.099623903632164,0.0007844401860800316
layer4.0.conv1,104,0.06194574385881424,0.00048776176266782865
layer4.0.conv1,105,0.09149549156427383,0.0007204369414509751
layer4.0.conv1,106,0.051539331674575806,0.0004058215092486284
layer4.0.conv1,107,0.10974838584661484,0.0008641605184772822
layer4.0.conv1,108,0.07565391808748245,0.0005957001424211217
layer4.0.conv1,109,0.08932513743638992,0.000703347538869212
layer4.0.conv1,110,0.06550626456737518,0.0005157973587982298
layer4.0.conv1,111,0.05794055014848709,0.000456224804318796
layer4.0.conv1,112,0.05674266442656517,0.0004467926332800407
layer4.0.conv1,113,0.0647946447134018,0.0005101940528614314
layer4.0.conv1,114,0.08630827069282532,0.0006795926826206718
layer4.0.conv1,115,0.11738668382167816,0.0009243045970210879
layer4.0.conv1,116,0.06970997154712677,0.0005488974137569038
layer4.0.conv1,117,0.05493761599063873,0.0004325796534695963
layer4.0.conv1,118,0.05989496409893036,0.00047161389054275874
layer4.0.conv1,119,0.04768482595682144,0.00037547107052615306
layer4.0.conv1,120,0.08226379752159119,0.0006477464371778833
layer4.0.conv1,121,0.12089179456233978,0.0009519038941916519
layer4.0.conv1,122,0.10001266002655029,0.0007875012600515771
layer4.0.conv1,123,0.07959306240081787,0.0006267170267780935
layer4.0.conv1,124,0.0675613209605217,0.0005319789052009583
layer4.0.conv1,125,0.06841680407524109,0.0005387149927184337
layer4.0.conv1,126,0.08825801312923431,0.0006949449852695615
layer4.0.conv1,127,0.10269977897405624,0.0008086596769610728
layer4.0.conv1,128,0.09633518010377884,0.000758544725226605
layer4.0.conv1,129,0.08487298339605331,0.0006682912078429395
layer4.0.conv1,130,0.06740259379148483,0.0005307290849723216
layer4.0.conv1,131,0.06650541722774506,0.0005236647025806697
layer4.0.conv1,132,0.07999181747436523,0.0006298568305068129
layer4.0.conv1,133,0.0473693422973156,0.00037298694722295747
layer4.0.conv1,134,0.09188032150268555,0.0007234670984463429
layer4.0.conv1,135,0.0947849303483963,0.000746338034239341
layer4.0.conv1,136,0.04408782720565796,0.0003471482457138422
layer4.0.conv1,137,0.08189933001995087,0.0006448766143303218
layer4.0.conv1,138,0.08176492899656296,0.0006438183385556139
layer4.0.conv1,139,0.08936832845211029,0.0007036876256071677
layer4.0.conv1,140,0.10069744288921356,0.0007928932510961698
layer4.0.conv1,141,0.09132824838161469,0.000719120065996966
layer4.0.conv1,142,0.05687660723924637,0.0004478473010964281
layer4.0.conv1,143,0.06502685695886612,0.0005120224957391033
layer4.0.conv1,144,0.09413670003414154,0.0007412338585365475
layer4.0.conv1,145,0.05597435310482979,0.0004407429378333054
layer4.0.conv1,146,0.07302939146757126,0.0005750345784848131
layer4.0.conv1,147,0.0682545155286789,0.0005374371301470779
layer4.0.conv1,148,0.05426013469696045,0.00042724515509417674
layer4.0.conv1,149,0.052147381007671356,0.0004106092992730028
layer4.0.conv1,150,0.06013677269220352,0.00047351789521420096
layer4.0.conv1,151,0.08709419518709183,0.00068578106446529
layer4.0.conv1,152,0.08586201816797256,0.0006760788832123824
layer4.0.conv1,153,0.060605283826589584,0.00047720695926448494
layer4.0.conv1,154,0.09108423441648483,0.000717198696192794
layer4.0.conv1,155,0.12538909912109375,0.0009873157411109743
layer4.0.conv1,156,0.1233295202255249,0.000971098584452952
layer4.0.conv1,157,0.05246447026729584,0.00041310606509681764
layer4.0.conv1,158,0.10260963439941406,0.0008079498771607406
layer4.0.conv1,159,0.07180352509021759,0.000565382087324548
layer4.0.conv1,160,0.0957186296582222,0.0007536899973088362
layer4.0.conv1,161,0.07777833938598633,0.0006124278691809947
layer4.0.conv1,162,0.05940745025873184,0.0004677751988876523
layer4.0.conv1,163,0.07092058658599854,0.0005584298156377837
layer4.0.conv1,164,0.08942916989326477,0.0007041666920729509
layer4.0.conv1,165,0.06544990092515945,0.0005153535505918067
layer4.0.conv1,166,0.07125108689069748,0.0005610321802417124
layer4.0.conv1,167,0.14791882038116455,0.0011647151211115318
layer4.0.conv1,168,0.06917288154363632,0.0005446683586113096
layer4.0.conv1,169,0.1209573969244957,0.0009524204482243755
layer4.0.conv1,170,0.05334746465086937,0.00042005877677849895
layer4.0.conv1,171,0.06593151390552521,0.000519145778783663
layer4.0.conv1,172,0.06642339378595352,0.0005230188487082955
layer4.0.conv1,173,0.0923779085278511,0.0007273851065185126
layer4.0.conv1,174,0.13243678212165833,0.0010428093080445536
layer4.0.conv1,175,0.06247996538877487,0.0004919682314076762
layer4.0.conv1,176,0.10924827307462692,0.0008602226226348576
layer4.0.conv1,177,0.10030116140842438,0.0007897729244757825
layer4.0.conv1,178,0.06619272381067276,0.0005212025496903367
layer4.0.conv1,179,0.049152716994285583,0.00038702926767154004
layer4.0.conv1,180,0.07445887476205826,0.0005862903524571516
layer4.0.conv1,181,0.07401539385318756,0.0005827983767967525
layer4.0.conv1,182,0.06015167012810707,0.0004736351978591108
layer4.0.conv1,183,0.07420232146978378,0.0005842702477935731
layer4.0.conv1,184,0.06279868632555008,0.0004944778450830714
layer4.0.conv1,185,0.07349338382482529,0.0005786880616127975
layer4.0.conv1,186,0.05683886632323265,0.00044755012852939097
layer4.0.conv1,187,0.05950983986258507,0.0004685814162408273
layer4.0.conv1,188,0.09738863259553909,0.0007668396267365283
layer4.0.conv1,189,0.0822024941444397,0.0006472637334207851
layer4.0.conv1,190,0.08321855962276459,0.0006552642489981463
layer4.0.conv1,191,0.07794956117868423,0.0006137760722731042
layer4.0.conv1,192,0.08903796225786209,0.00070108631699104
layer4.0.conv1,193,0.06717320531606674,0.0005289228765044626
layer4.0.conv1,194,0.0370718315243721,0.0002919041852312764
layer4.0.conv1,195,0.06413494795560837,0.0005049995902016407
layer4.0.conv1,196,0.11561088263988495,0.0009103219105502752
layer4.0.conv1,197,0.0773000568151474,0.0006086618646862
layer4.0.conv1,198,0.07464707642793655,0.0005877722553380831
layer4.0.conv1,199,0.05178079754114151,0.00040772281528457885
layer4.0.conv1,200,0.05991313233971596,0.0004717569475568186
layer4.0.conv1,201,0.05577835068106651,0.000439199611661941
layer4.0.conv1,202,0.060563597828149796,0.0004768787230562976
layer4.0.conv1,203,0.06537825614213943,0.0005147894184420428
layer4.0.conv1,204,0.08082641661167145,0.0006364284772572555
layer4.0.conv1,205,0.10730310529470444,0.0008449063409031846
layer4.0.conv1,206,0.15016181766986847,0.0011823765170855785
layer4.0.conv1,207,0.10003871470689774,0.0007877064150149428
layer4.0.conv1,208,0.07492023706436157,0.000589923126491036
layer4.0.conv1,209,0.14358878135681152,0.0011306203256441852
layer4.0.conv1,210,0.07499627023935318,0.0005905218129082928
layer4.0.conv1,211,0.07896087318658829,0.0006217391589495141
layer4.0.conv1,212,0.06516869366168976,0.0005131393201707855
layer4.0.conv1,213,0.06438193470239639,0.0005069443677354047
layer4.0.conv1,214,0.06348568201065063,0.0004998872599263829
layer4.0.conv1,215,0.06138575077056885,0.00048335236827219566
layer4.0.conv1,216,0.30162283778190613,0.002374982974660678
layer4.0.conv1,217,0.06637028604745865,0.0005226006775390445
layer4.0.conv1,218,0.05377466604113579,0.0004234225672530377
layer4.0.conv1,219,0.0681295171380043,0.0005364528908504276
layer4.0.conv1,220,0.0615072026848793,0.00048430868255810473
layer4.0.conv1,221,0.07675420492887497,0.0006043638183375982
layer4.0.conv1,222,0.07512679696083069,0.0005915495823687456
layer4.0.conv1,223,0.06489623337984085,0.0005109939636207941
layer4.0.conv1,224,0.07359332591295242,0.0005794750071886018
layer4.0.conv1,225,0.07980562746524811,0.0006283907674428984
layer4.0.conv1,226,0.061386868357658386,0.0004833611681705385
layer4.0.conv1,227,0.056089505553245544,0.0004416496500255555
layer4.0.conv1,228,0.05499570071697235,0.00043303701351946733
layer4.0.conv1,229,0.1416243314743042,0.0011151522163331039
layer4.0.conv1,230,0.06899036467075348,0.0005432312178799487
layer4.0.conv1,231,0.04832517355680466,0.00038051317761263507
layer4.0.conv1,232,0.06510446220636368,0.000512633560680029
layer4.0.conv1,233,0.09819626808166504,0.0007731989612729531
layer4.0.conv1,234,0.07612145692110062,0.0005993815505598473
layer4.0.conv1,235,0.051357727497816086,0.00040439155510091406
layer4.0.conv1,236,0.06137782335281372,0.00048328994765995054
layer4.0.conv1,237,0.0728423148393631,0.0005735615341682133
layer4.0.conv1,238,0.08175892382860184,0.0006437710537685184
layer4.0.conv1,239,0.12099134922027588,0.0009526877891360305
layer4.0.conv1,240,0.0631486102938652,0.0004972331519201985
layer4.0.conv1,241,0.08138053864240646,0.0006407916428535942
layer4.0.conv1,242,0.1531750112771988,0.0012061024510015652
layer4.0.conv1,243,0.07200543582439423,0.0005669719356251513
layer4.0.conv1,244,0.09746383875608444,0.0007674318012290114
layer4.0.conv1,245,0.061726562678813934,0.00048603592660483415
layer4.0.conv1,246,0.050516754388809204,0.00039776971959692287
layer4.0.conv1,247,0.08332758396863937,0.0006561227084144833
layer4.0.conv1,248,0.07367774844169617,0.0005801397515094186
layer4.0.conv1,249,0.09483625739812851,0.0007467421842372323
layer4.0.conv1,250,0.05572417750954628,0.0004387730512562699
layer4.0.conv1,251,0.07282664626836777,0.000573438159593447
layer4.0.conv1,252,0.05739883705973625,0.0004519593469270571
layer4.0.conv1,253,0.09992323815822601,0.0007867971508521733
layer4.0.conv1,254,0.07189629971981049,0.0005661125962189802
layer4.0.conv1,255,0.07755943387746811,0.0006107042037595914
layer4.0.conv1,256,0.07507170736789703,0.0005911158060464333
layer4.0.conv1,257,0.05866394564509392,0.0004619208318511332
layer4.0.conv1,258,0.09327956289052963,0.0007344847471695247
layer4.0.conv1,259,0.13241082429885864,0.0010426049157390444
layer4.0.conv1,260,0.07463307678699493,0.000587662021944842
layer4.0.conv1,261,0.08969957381486893,0.0007062958568099916
layer4.0.conv1,262,0.10991441458463669,0.000865467831375092
layer4.0.conv1,263,0.10261555016040802,0.0008079964579559687
layer4.0.conv1,264,0.0542282871901989,0.0004269943873244008
layer4.0.conv1,265,0.09315225481987,0.0007334823214162992
layer4.0.conv1,266,0.05400336906313896,0.0004252233784499131
layer4.0.conv1,267,0.06853490322828293,0.0005396449073093144
layer4.0.conv1,268,0.06727724522352219,0.0005297420883741905
layer4.0.conv1,269,0.07407566159963608,0.0005832729259813864
layer4.0.conv1,270,0.07326279580593109,0.0005768724079207173
layer4.0.conv1,271,0.07742686569690704,0.0006096603598181656
layer4.0.conv1,272,0.08215373009443283,0.0006468797645230931
layer4.0.conv1,273,0.0824103057384491,0.0006489000451846386
layer4.0.conv1,274,0.09704254567623138,0.0007641145328837116
layer4.0.conv1,275,0.16533927619457245,0.0013018840645241925
layer4.0.conv1,276,0.0623176209628582,0.0004906899288414032
layer4.0.conv1,277,0.08317924290895462,0.0006549546685744458
layer4.0.conv1,278,0.047321952879428864,0.0003726138022002273
layer4.0.conv1,279,0.05342850834131241,0.00042069691607332605
layer4.0.conv1,280,0.047755949199199677,0.00037603109605669036
layer4.0.conv1,281,0.08287078142166138,0.0006525258379658376
layer4.0.conv1,282,0.07094639539718628,0.000558633034623514
layer4.0.conv1,283,0.0661311075091362,0.0005207173819617024
layer4.0.conv1,284,0.046381037682294846,0.00036520502112043186
layer4.0.conv1,285,0.06529761850833893,0.0005141544764436136
layer4.0.conv1,286,0.20971769094467163,0.0016513204011391466
layer4.0.conv1,287,0.07954319566488266,0.0006263243753140367
layer4.0.conv1,288,0.0751740038394928,0.0005919212900747465
layer4.0.conv1,289,0.09076500684022903,0.0007146850932301499
layer4.0.conv1,290,0.04529646411538124,0.00035666507177465543
layer4.0.conv1,291,0.06831837445497513,0.0005379399563383868
layer4.0.conv1,292,0.06843941658735275,0.0005388930439949036
layer4.0.conv1,293,0.08621490746736526,0.0006788575391131123
layer4.0.conv1,294,0.10630947351455688,0.0008370824686185582
layer4.0.conv1,295,0.0634685605764389,0.0004997524454837709
layer4.0.conv1,296,0.05966025963425636,0.0004697658238917824
layer4.0.conv1,297,0.07815011590719223,0.0006153552433637183
layer4.0.conv1,298,0.09070108085870743,0.0007141817390449404
layer4.0.conv1,299,0.06851273775100708,0.0005394703759921817
layer4.0.conv1,300,0.09195401519536972,0.0007240473637430687
layer4.0.conv1,301,0.06360744684934616,0.0005008460381838281
layer4.0.conv1,302,0.0741690918803215,0.0005840085974828465
layer4.0.conv1,303,0.05160381644964218,0.0004063292633830093
layer4.0.conv1,304,0.05419013649225235,0.0004266939881279713
layer4.0.conv1,305,0.09219492226839066,0.0007259442698298477
layer4.0.conv1,306,0.08938800543546677,0.0007038425624839903
layer4.0.conv1,307,0.06590539216995239,0.0005189400958263968
layer4.0.conv1,308,0.0505082942545414,0.0003977031043664677
layer4.0.conv1,309,0.05140252783894539,0.00040474431369248335
layer4.0.conv1,310,0.06753812730312347,0.0005317962779773502
layer4.0.conv1,311,0.07459194958209991,0.0005873381856858261
layer4.0.conv1,312,0.05391005054116249,0.00042448858693828735
layer4.0.conv1,313,0.06698252260684967,0.00052742143784921
layer4.0.conv1,314,0.08233317732810974,0.0006482927348670059
layer4.0.conv1,315,0.058096256107091904,0.0004574508354889126
layer4.0.conv1,316,0.06312791258096695,0.0004970701778028893
layer4.0.conv1,317,0.07369933277368546,0.0005803097068794131
layer4.0.conv1,318,0.08354781568050385,0.00065785681638192
layer4.0.conv1,319,0.15309040248394012,0.0012054362400310246
layer4.0.conv1,320,0.0551472045481205,0.0004342299570718149
layer4.0.conv1,321,0.06925145536661148,0.000545287050130799
layer4.0.conv1,322,0.0650113970041275,0.0005119007638120275
layer4.0.conv1,323,0.08837186545133591,0.0006958414602467395
layer4.0.conv1,324,0.07066334038972855,0.0005564042550372327
layer4.0.conv1,325,0.11358961462974548,0.0008944064144074447
layer4.0.conv1,326,0.08237607032060623,0.0006486304749654034
layer4.0.conv1,327,0.09033993631601334,0.0007113380812284514
layer4.0.conv1,328,0.12970611453056335,0.0010213079884296328
layer4.0.conv1,329,0.060373805463314056,0.00047538429498672485
layer4.0.conv1,330,0.06931022554636002,0.0005457498074516537
layer4.0.conv1,331,0.0649169534444809,0.0005111571137360701
layer4.0.conv1,332,0.08880739659070969,0.0006992708392969267
layer4.0.conv1,333,0.08115921914577484,0.0006390489696517704
layer4.0.conv1,334,0.12987224757671356,0.0010226161226512878
layer4.0.conv1,335,0.11048848927021027,0.0008699881044898447
layer4.0.conv1,336,0.05872168764472008,0.0004623754932655124
layer4.0.conv1,337,0.05986853688955307,0.00047140580227994543
layer4.0.conv1,338,0.12825386226177216,0.0010098729311950564
layer4.0.conv1,339,0.11668701469898224,0.0009187953913305688
layer4.0.conv1,340,0.0867769867181778,0.0006832833599856519
layer4.0.conv1,341,0.06459683924913406,0.0005086365295207407
layer4.0.conv1,342,0.07646331191062927,0.0006020733221309392
layer4.0.conv1,343,0.0685516893863678,0.0005397770817824236
layer4.0.conv1,344,0.06373438239097595,0.0005018455306376059
layer4.0.conv1,345,0.07424857467412949,0.0005846344462529881
layer4.0.conv1,346,0.05635447055101395,0.000443735988590661
layer4.0.conv1,347,0.12626956403255463,0.0009942485356894066
layer4.0.conv1,348,0.11808758974075317,0.0009298235412657731
layer4.0.conv1,349,0.12004636973142624,0.0009452470057592617
layer4.0.conv1,350,0.06631137430667877,0.0005221368055643998
layer4.0.conv1,351,0.054320331662893295,0.0004277191469519157
layer4.0.conv1,352,0.12256033718585968,0.0009650420250855092
layer4.0.conv1,353,0.05353355407714844,0.0004215240478515625
layer4.0.conv1,354,0.06976458430290222,0.000549327435455923
layer4.0.conv1,355,0.08460692316293716,0.000666196245377458
layer4.0.conv1,356,0.06518065184354782,0.0005132334790830537
layer4.0.conv1,357,0.055969901382923126,0.0004407078849049065
layer4.0.conv1,358,0.06699656695127487,0.0005275320232383848
layer4.0.conv1,359,0.03752565756440163,0.0002954776186173356
layer4.0.conv1,360,0.08120492845773697,0.0006394088854939919
layer4.0.conv1,361,0.10928493738174438,0.0008605113179664912
layer4.0.conv1,362,0.11147897690534592,0.0008777872197271332
layer4.0.conv1,363,0.08795623481273651,0.0006925687780530434
layer4.0.conv1,364,0.07676322013139725,0.0006044348041842303
layer4.0.conv1,365,0.07767269760370255,0.0006115960441236421
layer4.0.conv1,366,0.07574080675840378,0.0005963843051842818
layer4.0.conv1,367,0.052447378635406494,0.00041297148531816135
layer4.0.conv1,368,0.10417641699314117,0.0008202867479774896
layer4.0.conv1,369,0.07424459606409073,0.0005846031186148876
layer4.0.conv1,370,0.06606875360012054,0.0005202264063001617
layer4.0.conv1,371,0.08309304714202881,0.0006542759617482583
layer4.0.conv1,372,0.04271688312292099,0.0003363534104167007
layer4.0.conv1,373,0.06524278223514557,0.0005137226947649257
layer4.0.conv1,374,0.09661969542503357,0.0007607850033467211
layer4.0.conv1,375,0.0575055256485939,0.0004527994145558575
layer4.0.conv1,376,0.09505195915699005,0.0007484406232833862
layer4.0.conv1,377,0.06707363575696945,0.0005281388642281059
layer4.0.conv1,378,0.18402308225631714,0.0014490006476875366
layer4.0.conv1,379,0.06294116377830505,0.0004955997147898036
layer4.0.conv1,380,0.09365249425172806,0.0007374212145805359
layer4.0.conv1,381,0.07062508910894394,0.0005561030638499523
layer4.0.conv1,382,0.07486078143119812,0.0005894549718991978
layer4.0.conv1,383,0.09247546643018723,0.0007281532789778522
layer4.0.conv1,384,0.07232733815908432,0.0005695065996778293
layer4.0.conv1,385,0.06853236258029938,0.0005396249022070817
layer4.0.conv1,386,0.11777541041374207,0.0009273654363286777
layer4.0.conv1,387,0.07545735687017441,0.0005941524163005859
layer4.0.conv1,388,0.06765632331371307,0.0005327269552260872
layer4.0.conv1,389,0.07823729515075684,0.0006160416941004475
layer4.0.conv1,390,0.0650690346956253,0.0005123546039025614
layer4.0.conv1,391,0.062003131955862045,0.00048821363744773266
layer4.0.conv1,392,0.07204224914312363,0.000567261804276564
layer4.0.conv1,393,0.07959350943565369,0.0006267205467374306
layer4.0.conv1,394,0.06959813088178635,0.0005480167785967429
layer4.0.conv1,395,0.08071432262659073,0.0006355458474534703
layer4.0.conv1,396,0.09268748760223389,0.0007298227370254636
layer4.0.conv1,397,0.06014138087630272,0.00047355418012836784
layer4.0.conv1,398,0.053000301122665405,0.0004173252056902788
layer4.0.conv1,399,0.17037634551525116,0.001341546027679143
layer4.0.conv1,400,0.07542482763528824,0.0005938962805928208
layer4.0.conv1,401,0.047644682228565216,0.0003751549781776789
layer4.0.conv1,402,0.07371366024017334,0.000580422521576168
layer4.0.conv1,403,0.1303645372390747,0.0010264924192053125
layer4.0.conv1,404,0.057579707354307175,0.0004533835224748596
layer4.0.conv1,405,0.06958605349063873,0.0005479216810286515
layer4.0.conv1,406,0.08394121378660202,0.0006609544392645829
layer4.0.conv1,407,0.09079056233167648,0.0007148863175722558
layer4.0.conv1,408,0.041078127920627594,0.000323449826146674
layer4.0.conv1,409,0.06380430608987808,0.0005023961109439219
layer4.0.conv1,410,0.05868769809603691,0.00046210785902391267
layer4.0.conv1,411,0.05678926780819893,0.00044715958904093645
layer4.0.conv1,412,0.0546518974006176,0.0004303299007922646
layer4.0.conv1,413,0.05911833792924881,0.00046549872385235285
layer4.0.conv1,414,0.11050736159086227,0.0008701367054398605
layer4.0.conv1,415,0.12507781386375427,0.0009848646760925533
layer4.0.conv1,416,0.1044573038816452,0.0008224984557609859
layer4.0.conv1,417,0.05883790925145149,0.0004632906240271771
layer4.0.conv1,418,0.08317818492650986,0.0006549463380040146
layer4.0.conv1,419,0.07844378799200058,0.0006176676219842565
layer4.0.conv1,420,0.05004727095365524,0.00039407299963508063
layer4.0.conv1,421,0.08669152855873108,0.0006826104610923707
layer4.0.conv1,422,0.06691101938486099,0.0005268584203532361
layer4.0.conv1,423,0.06213033199310303,0.0004892152125441184
layer4.0.conv1,424,0.0536060705780983,0.00042209504392203386
layer4.0.conv1,425,0.06839429587125778,0.0005385377627658093
layer4.0.conv1,426,0.07534974068403244,0.0005933050447561609
layer4.0.conv1,427,0.07452601939439774,0.0005868190503495885
layer4.0.conv1,428,0.07140911370515823,0.0005622764858673877
layer4.0.conv1,429,0.0597408227622509,0.00047040017923032204
layer4.0.conv1,430,0.05848223343491554,0.0004604900270465791
layer4.0.conv1,431,0.09272646903991699,0.0007301296774796614
layer4.0.conv1,432,0.10544005781412125,0.0008302366757017421
layer4.0.conv1,433,0.10089211165904999,0.0007944260760555117
layer4.0.conv1,434,0.10092506557703018,0.0007946855557246471
layer4.0.conv1,435,0.039324015378952026,0.000309637916369701
layer4.0.conv1,436,0.07638899236917496,0.0006014881288911414
layer4.0.conv1,437,0.08232491463422775,0.0006482276742852579
layer4.0.conv1,438,0.0849577933549881,0.0006689590027951818
layer4.0.conv1,439,0.07487675547599792,0.0005895807517795112
layer4.0.conv1,440,0.07442603260278702,0.0005860317527778506
layer4.0.conv1,441,0.06142149120569229,0.00048363378902119915
layer4.0.conv1,442,0.059225864708423615,0.00046634539140491034
layer4.0.conv1,443,0.05838554725050926,0.00045972871850794695
layer4.0.conv1,444,0.08264734596014023,0.0006507665036231514
layer4.0.conv1,445,0.04962027817964554,0.00039071085180823257
layer4.0.conv1,446,0.047078799456357956,0.0003706992083177792
layer4.0.conv1,447,0.07621460407972336,0.0006001149927537272
layer4.0.conv1,448,0.08714471012353897,0.0006861788198703856
layer4.0.conv1,449,0.1083487793803215,0.0008531399951206418
layer4.0.conv1,450,0.0724315494298935,0.0005703271608653031
layer4.0.conv1,451,0.064473457634449,0.0005076650207436929
layer4.0.conv1,452,0.0947520062327385,0.0007460787892341614
layer4.0.conv1,453,0.0692962110042572,0.0005456394567264347
layer4.0.conv1,454,0.04946143552660942,0.0003894601222567671
layer4.0.conv1,455,0.05872592329978943,0.00046240884488023173
layer4.0.conv1,456,0.06282127648591995,0.0004946557203615744
layer4.0.conv1,457,0.04692136123776436,0.00036945953730523117
layer4.0.conv1,458,0.08827900141477585,0.0006951102473604397
layer4.0.conv1,459,0.08995772153139114,0.0007083285159952058
layer4.0.conv1,460,0.08888114988803864,0.0006998515739215641
layer4.0.conv1,461,0.09215857833623886,0.000725658097135739
layer4.0.conv1,462,0.12971137464046478,0.001021349406617833
layer4.0.conv1,463,0.14891938865184784,0.0011725936114318728
layer4.0.conv1,464,0.08689142018556595,0.0006841844109099681
layer4.0.conv1,465,0.05608009919524193,0.00044157558421450337
layer4.0.conv1,466,0.13406601548194885,0.0010556379171806996
layer4.0.conv1,467,0.10816074907779694,0.0008516594415574562
layer4.0.conv1,468,0.09735974669456482,0.0007666121786973608
layer4.0.conv1,469,0.050218094140291214,0.0003954180640967812
layer4.0.conv1,470,0.08612479269504547,0.000678147973976736
layer4.0.conv1,471,0.08720733225345612,0.0006866719075075285
layer4.0.conv1,472,0.10198937356472015,0.0008030659335804736
layer4.0.conv1,473,0.10310797393321991,0.0008118738104977946
layer4.0.conv1,474,0.04364112764596939,0.00034363092634621565
layer4.0.conv1,475,0.054449956864118576,0.0004287398178277053
layer4.0.conv1,476,0.113283172249794,0.0008919934822818426
layer4.0.conv1,477,0.11427745968103409,0.0008998225171734967
layer4.0.conv1,478,0.045877277851104736,0.0003612384082764152
layer4.0.conv1,479,0.08482076972723007,0.0006678800765923628
layer4.0.conv1,480,0.061128515750169754,0.00048132689567062796
layer4.0.conv1,481,0.03420902043581009,0.0002693623656362999
layer4.0.conv1,482,0.05981641262769699,0.00047099537502123616
layer4.0.conv1,483,0.06440999358892441,0.0005071653038497985
layer4.0.conv1,484,0.15917062759399414,0.0012533120282991665
layer4.0.conv1,485,0.10858091711997986,0.0008549678513384241
layer4.0.conv1,486,0.08900707215070724,0.0007008430878008444
layer4.0.conv1,487,0.04804595187306404,0.0003783145816776696
layer4.0.conv1,488,0.05106620118021965,0.0004020960722851941
layer4.0.conv1,489,0.054983533918857574,0.0004329412119595085
layer4.0.conv1,490,0.04355993494391441,0.00034299161373160954
layer4.0.conv1,491,0.08623726665973663,0.0006790335957459578
layer4.0.conv1,492,0.060338377952575684,0.00047510533820925734
layer4.0.conv1,493,0.06285688281059265,0.0004949360851227767
layer4.0.conv1,494,0.06907875090837479,0.000543927172506888
layer4.0.conv1,495,0.09677118062973022,0.0007619778002340963
layer4.0.conv1,496,0.15783652663230896,0.0012428072963173934
layer4.0.conv1,497,0.10448609292507172,0.000822725141142297
layer4.0.conv1,498,0.0745849534869194,0.0005872830983222001
layer4.0.conv1,499,0.05182119831442833,0.00040804093160967187
layer4.0.conv1,500,0.11242154240608215,0.0008852089953234815
layer4.0.conv1,501,0.10540596395730972,0.000829968220136297
layer4.0.conv1,502,0.058317068964242935,0.00045918951940348765
layer4.0.conv1,503,0.09448922425508499,0.0007440096398038189
layer4.0.conv1,504,0.04451528191566467,0.0003505140308320053
layer4.0.conv1,505,0.10967665910720825,0.0008635957410016398
layer4.0.conv1,506,0.060010429471731186,0.0004725230667065448
layer4.0.conv1,507,0.07857906073331833,0.0006187327616796719
layer4.0.conv1,508,0.08627814054489136,0.0006793554373613493
layer4.0.conv1,509,0.08400113880634308,0.000661426289813725
layer4.0.conv1,510,0.07874435186386108,0.0006200342666445754
layer4.0.conv1,511,0.12327998131513596,0.0009707085142924091
layer4.0.conv2,0,0.31146255135536194,0.0024524610342941885
layer4.0.conv2,1,0.3005611002445221,0.00236662283657104
layer4.0.conv2,2,0.30747249722480774,0.0024210432852347064
layer4.0.conv2,3,0.22968274354934692,0.0018085255397586372
layer4.0.conv2,4,0.26619753241539,0.0020960435623259056
layer4.0.conv2,5,0.1693335920572281,0.001333335370529355
layer4.0.conv2,6,0.35897111892700195,0.0028265442435197003
layer4.0.conv2,7,0.37318480014801025,0.0029384629932914194
layer4.0.conv2,8,0.17866045236587524,0.0014067752154793326
layer4.0.conv2,9,0.42350250482559204,0.0033346653923274966
layer4.0.conv2,10,0.2998509407043457,0.0023610310291680764
layer4.0.conv2,11,0.23287063837051392,0.001833627073783574
layer4.0.conv2,12,0.3060552775859833,0.0024098840754801835
layer4.0.conv2,13,0.44540226459503174,0.0035071044456301713
layer4.0.conv2,14,0.21793848276138306,0.0017160510453652208
layer4.0.conv2,15,0.24176575243473053,0.0019036673420057522
layer4.0.conv2,16,0.2423488199710846,0.00190825842496917
layer4.0.conv2,17,0.33606722950935364,0.0026461986575539655
layer4.0.conv2,18,0.26594898104667664,0.002094086464934462
layer4.0.conv2,19,0.2984284460544586,0.0023498302838933748
layer4.0.conv2,20,0.30893799662590027,0.00243258265059764
layer4.0.conv2,21,0.5216593742370605,0.004107554127850871
layer4.0.conv2,22,0.20748929679393768,0.0016337739905034462
layer4.0.conv2,23,0.33821696043014526,0.002663125672678309
layer4.0.conv2,24,0.23968468606472015,0.0018872809926355919
layer4.0.conv2,25,0.39119696617126465,0.0030802910722146823
layer4.0.conv2,26,0.21974126994609833,0.0017302462200480184
layer4.0.conv2,27,0.19249023497104645,0.0015156711415043028
layer4.0.conv2,28,0.21056191623210907,0.0016579678443473156
layer4.0.conv2,29,0.4739840626716614,0.0037321579737926093
layer4.0.conv2,30,0.3510785698890686,0.0027643981881029026
layer4.0.conv2,31,0.35257187485694885,0.0027761564949366053
layer4.0.conv2,32,0.21994554996490479,0.0017318547241331086
layer4.0.conv2,33,0.3627897799015045,0.002856612440169327
layer4.0.conv2,34,0.33486783504486084,0.0026367546066524477
layer4.0.conv2,35,0.5731404423713684,0.004512916869065893
layer4.0.conv2,36,0.22768467664718628,0.0017927927295054039
layer4.0.conv2,37,0.25454938411712646,0.002004325859189972
layer4.0.conv2,38,0.2628666162490845,0.002069815875977043
layer4.0.conv2,39,0.22762712836265564,0.0017923395934067374
layer4.0.conv2,40,0.2049320936203003,0.0016136385324433094
layer4.0.conv2,41,0.2320128083229065,0.0018268725064795788
layer4.0.conv2,42,0.41737279295921326,0.0032863999445607345
layer4.0.conv2,43,0.22382037341594696,0.0017623651450074565
layer4.0.conv2,44,0.29029610753059387,0.0022857961222881406
layer4.0.conv2,45,0.4621186852455139,0.0036387298050827867
layer4.0.conv2,46,0.24902597069740295,0.0019608344149401806
layer4.0.conv2,47,0.24094408750534058,0.0018971975394121306
layer4.0.conv2,48,0.22674940526485443,0.0017854283879122396
layer4.0.conv2,49,0.264775812625885,0.0020848489183140553
layer4.0.conv2,50,0.19806396961212158,0.001559558815843477
layer4.0.conv2,51,0.4018092453479767,0.0031638523255746198
layer4.0.conv2,52,0.4886071979999542,0.003847300771653183
layer4.0.conv2,53,0.3619098961353302,0.002849684221538033
layer4.0.conv2,54,0.2084972858428955,0.0016417109121487836
layer4.0.conv2,55,0.3228372037410736,0.002542025226307666
layer4.0.conv2,56,0.28541332483291626,0.0022473490144324115
layer4.0.conv2,57,0.1804341822862625,0.0014207415928052167
layer4.0.conv2,58,0.24300412833690643,0.001913418333361468
layer4.0.conv2,59,0.21120424568653107,0.001663025556586859
layer4.0.conv2,60,0.31178468465805054,0.002454997516992524
layer4.0.conv2,61,0.441078245639801,0.003473057052281898
layer4.0.conv2,62,0.20096904039382935,0.0015824333889277902
layer4.0.conv2,63,0.4475991725921631,0.00352440293379656
layer4.0.conv2,64,0.2393590211868286,0.001884716702258493
layer4.0.conv2,65,0.21038705110549927,0.0016565909535866084
layer4.0.conv2,66,0.1877441108226776,0.001478300085217934
layer4.0.conv2,67,0.5666185617446899,0.004461563478304645
layer4.0.conv2,68,0.7565922737121582,0.00595741947804849
layer4.0.conv2,69,0.2743147015571594,0.002159958279977633
layer4.0.conv2,70,0.2556855082511902,0.0020132717185133084
layer4.0.conv2,71,0.29959818720817566,0.0023590408441588637
layer4.0.conv2,72,0.22162176668643951,0.0017450532809955867
layer4.0.conv2,73,0.4665599763393402,0.003673700601097167
layer4.0.conv2,74,0.34618842601776123,0.0027258931182500886
layer4.0.conv2,75,0.45566487312316895,0.003587912386796606
layer4.0.conv2,76,0.5417189598083496,0.004265503620538186
layer4.0.conv2,77,0.22476811707019806,0.0017698276934661264
layer4.0.conv2,78,0.2900661528110504,0.0022839854552051215
layer4.0.conv2,79,0.32826903462409973,0.002584795548221258
layer4.0.conv2,80,0.409074068069458,0.0032210556540902204
layer4.0.conv2,81,0.22123028337955475,0.0017419707352720846
layer4.0.conv2,82,0.3652651607990265,0.0028761036283387912
layer4.0.conv2,83,0.32755547761917114,0.002579176989127332
layer4.0.conv2,84,0.4276282787322998,0.003367151801041731
layer4.0.conv2,85,0.17201216518878937,0.0013544264975495226
layer4.0.conv2,86,0.26191893219947815,0.0020623537968462845
layer4.0.conv2,87,0.20219124853610992,0.0015920570750874797
layer4.0.conv2,88,0.22226794064044952,0.0017501412648854293
layer4.0.conv2,89,0.20994184911251068,0.0016530854260827612
layer4.0.conv2,90,0.20211021602153778,0.0015914190237916361
layer4.0.conv2,91,0.1789773851633072,0.0014092707493173794
layer4.0.conv2,92,0.22384504973888397,0.001762559446762866
layer4.0.conv2,93,0.24256528913974762,0.001909962906612186
layer4.0.conv2,94,0.21337781846523285,0.0016801403028758493
layer4.0.conv2,95,0.2033994197845459,0.0016015702345239834
layer4.0.conv2,96,0.3559180796146393,0.0028025045638947975
layer4.0.conv2,97,0.20369184017181396,0.0016038727572583776
layer4.0.conv2,98,0.32964611053466797,0.0025956386656273067
layer4.0.conv2,99,0.4017334282398224,0.0031632553404710422
layer4.0.conv2,100,0.22222572565078735,0.0017498088633920263
layer4.0.conv2,101,0.2493024319410324,0.0019630112751262392
layer4.0.conv2,102,0.37316861748695374,0.002938335570763415
layer4.0.conv2,103,0.203569695353508,0.001602910987035496
layer4.0.conv2,104,0.23838472366333008,0.0018770450682151975
layer4.0.conv2,105,0.3067493736743927,0.002415349399010966
layer4.0.conv2,106,0.27247685194015503,0.002145487023150827
layer4.0.conv2,107,0.2917284667491913,0.002297074541332215
layer4.0.conv2,108,0.4080236852169037,0.0032127849229677454
layer4.0.conv2,109,0.2616036832332611,0.002059871521521741
layer4.0.conv2,110,0.3175569772720337,0.002500448639937273
layer4.0.conv2,111,0.2822120785713196,0.002222142350955272
layer4.0.conv2,112,0.266983300447464,0.0021022307121847557
layer4.0.conv2,113,0.5116634964942932,0.004028846429088923
layer4.0.conv2,114,0.4725322425365448,0.0037207263191853922
layer4.0.conv2,115,0.2552053928375244,0.0020094912821852317
layer4.0.conv2,116,0.259041965007782,0.002039700511872299
layer4.0.conv2,117,0.19938896596431732,0.0015699918579867506
layer4.0.conv2,118,0.27632302045822144,0.002175771814631665
layer4.0.conv2,119,0.20828968286514282,0.0016400762430326206
layer4.0.conv2,120,0.18859951198101044,0.001485035527409531
layer4.0.conv2,121,0.31199491024017334,0.002456652836536798
layer4.0.conv2,122,0.3178672790527344,0.0025028919610451525
layer4.0.conv2,123,0.2647114098072052,0.002084341809505553
layer4.0.conv2,124,0.3025835156440735,0.002382547367276169
layer4.0.conv2,125,0.39471912384033203,0.0031080245971679688
layer4.0.conv2,126,0.4225706160068512,0.0033273276850933164
layer4.0.conv2,127,0.27276426553726196,0.0021477501223406453
layer4.0.conv2,128,0.18542711436748505,0.0014600560186416145
layer4.0.conv2,129,0.23652274906635284,0.0018623838509161641
layer4.0.conv2,130,0.40258967876434326,0.00316999747058538
layer4.0.conv2,131,0.2638572156429291,0.0020776158712041658
layer4.0.conv2,132,0.17653952538967133,0.0013900750030682782
layer4.0.conv2,133,0.28112664818763733,0.0022135956550207664
layer4.0.conv2,134,0.42732709646224976,0.003364780287104329
layer4.0.conv2,135,0.2503066956996918,0.0019709188637771005
layer4.0.conv2,136,0.35551726818084717,0.0027993485683531273
layer4.0.conv2,137,0.3432535231113434,0.002702783646546011
layer4.0.conv2,138,0.1987530142068863,0.0015649843638337504
layer4.0.conv2,139,0.26398831605911255,0.0020786481579457682
layer4.0.conv2,140,0.215358704328537,0.001695737829358559
layer4.0.conv2,141,0.5772644877433777,0.0045453896672706905
layer4.0.conv2,142,0.16164004802703857,0.001272756283677469
layer4.0.conv2,143,0.20602980256080627,0.0016222819099276085
layer4.0.conv2,144,0.31562983989715576,0.0024852743298988643
layer4.0.conv2,145,0.4319618046283722,0.003401274052191907
layer4.0.conv2,146,0.39285802841186523,0.003093370302455632
layer4.0.conv2,147,0.23589837551116943,0.0018574675237099955
layer4.0.conv2,148,0.32446861267089844,0.002554870965912586
layer4.0.conv2,149,0.20967979729175568,0.001651022025919336
layer4.0.conv2,150,0.2370670735836029,0.0018666698707370307
layer4.0.conv2,151,0.2319953888654709,0.0018267353453974085
layer4.0.conv2,152,0.3669053614139557,0.002889018593810675
layer4.0.conv2,153,0.5830798149108887,0.004591179644967627
layer4.0.conv2,154,0.6600766181945801,0.005197453686571497
layer4.0.conv2,155,0.500579833984375,0.00394157349593996
layer4.0.conv2,156,0.1778896600008011,0.0014007059842582764
layer4.0.conv2,157,0.1954645812511444,0.001539091190953893
layer4.0.conv2,158,0.1750972419977188,0.0013787184409269197
layer4.0.conv2,159,0.21874046325683594,0.001722365852416031
layer4.0.conv2,160,0.4432416260242462,0.0034900915434980017
layer4.0.conv2,161,0.3742755651473999,0.002947051694074015
layer4.0.conv2,162,0.374756783246994,0.002950840812968457
layer4.0.conv2,163,0.05195745825767517,0.0004091138445486234
layer4.0.conv2,164,0.8916939496994019,0.007021212202357495
layer4.0.conv2,165,0.24455571174621582,0.0019256355255607544
layer4.0.conv2,166,0.26158469915390015,0.002059722040581891
layer4.0.conv2,167,0.2379734069108963,0.0018738063536291047
layer4.0.conv2,168,0.3995388448238373,0.003145975156093207
layer4.0.conv2,169,0.3706720471382141,0.002918677536521371
layer4.0.conv2,170,0.2516333758831024,0.0019813651644338772
layer4.0.conv2,171,0.2738533914089203,0.0021563259166056717
layer4.0.conv2,172,0.2436353713274002,0.0019183887506094505
layer4.0.conv2,173,0.5569276809692383,0.004385257330466443
layer4.0.conv2,174,0.25515618920326233,0.0020091038519941917
layer4.0.conv2,175,0.17020367085933685,0.0013401863847191879
layer4.0.conv2,176,0.24766534566879272,0.001950120832037738
layer4.0.conv2,177,0.2500971555709839,0.00196926894150381
layer4.0.conv2,178,0.21481840312480927,0.0016914834891717265
layer4.0.conv2,179,0.41609761118888855,0.003276359143219595
layer4.0.conv2,180,0.34255602955818176,0.0026972915713242658
layer4.0.conv2,181,0.23979046940803528,0.0018881139323467344
layer4.0.conv2,182,0.1567438542842865,0.001234203577041626
layer4.0.conv2,183,0.19824180006980896,0.001560959055667787
layer4.0.conv2,184,0.24197372794151306,0.0019053049444213628
layer4.0.conv2,185,0.19770099222660065,0.001556700726193706
layer4.0.conv2,186,0.25690463185310364,0.002022871116953572
layer4.0.conv2,187,0.35197409987449646,0.002771449605310996
layer4.0.conv2,188,0.21220073103904724,0.001670871897945254
layer4.0.conv2,189,0.42136311531066895,0.0033178198055958184
layer4.0.conv2,190,0.2517695426940918,0.001982437344047967
layer4.0.conv2,191,0.49578857421875,0.00390384704109252
layer4.0.conv2,192,0.28233426809310913,0.0022231044731740876
layer4.0.conv2,193,0.24776260554790497,0.0019508866578575195
layer4.0.conv2,194,0.21925513446331024,0.001726418381600868
layer4.0.conv2,195,0.3794100880622864,0.0029874810083644595
layer4.0.conv2,196,0.25582072138786316,0.0020143363888808124
layer4.0.conv2,197,0.4856605529785156,0.0038240988423505168
layer4.0.conv2,198,0.2098492532968521,0.001652356325172064
layer4.0.conv2,199,0.2725568413734436,0.002146116861208217
layer4.0.conv2,200,0.3562965989112854,0.002805485030797523
layer4.0.conv2,201,0.45276162028312683,0.0035650521282135973
layer4.0.conv2,202,0.3825088143348694,0.0030118804278336173
layer4.0.conv2,203,0.21953770518302917,0.0017286433478978676
layer4.0.conv2,204,0.3774411380290985,0.0029719774647960513
layer4.0.conv2,205,0.3899471163749695,0.00307044973523598
layer4.0.conv2,206,0.2743515372276306,0.002160248324627013
layer4.0.conv2,207,0.2777983844280243,0.0021873888537639707
layer4.0.conv2,208,0.23249806463718414,0.0018306934223400327
layer4.0.conv2,209,0.22533494234085083,0.0017742908845736285
layer4.0.conv2,210,0.24787341058254242,0.001951759138445216
layer4.0.conv2,211,0.24545419216156006,0.001932710174500473
layer4.0.conv2,212,0.2656468451023102,0.002091707441750474
layer4.0.conv2,213,0.17628513276576996,0.0013880719115414958
layer4.0.conv2,214,0.35547178983688354,0.0027989904711565633
layer4.0.conv2,215,0.20543846487998962,0.0016176257077164537
layer4.0.conv2,216,0.21532712876796722,0.0016954892028973798
layer4.0.conv2,217,0.3471360206604004,0.0027333544933889793
layer4.0.conv2,218,0.2548341155052185,0.0020065678386237676
layer4.0.conv2,219,0.43228885531425476,0.0034038492544429507
layer4.0.conv2,220,0.2806622087955475,0.0022099386519334446
layer4.0.conv2,221,0.32163506746292114,0.0025325595863222136
layer4.0.conv2,222,0.28092578053474426,0.0022120140199586164
layer4.0.conv2,223,0.39731889963150024,0.0031284952726889784
layer4.0.conv2,224,0.2879079282283783,0.0022669915608533723
layer4.0.conv2,225,0.2474106401205063,0.0019481152765394197
layer4.0.conv2,226,0.21564669907093048,0.0016980055044955155
layer4.0.conv2,227,0.330171674489975,0.002599776964487992
layer4.0.conv2,228,0.21808618307113647,0.0017172140399302086
layer4.0.conv2,229,0.31595373153686523,0.0024878246577705924
layer4.0.conv2,230,0.22301489114761353,0.0017560227649418387
layer4.0.conv2,231,0.5214278697967529,0.004105731258242149
layer4.0.conv2,232,0.3039403557777405,0.0023932311478562242
layer4.0.conv2,233,0.22750313580036163,0.0017913632740185956
layer4.0.conv2,234,0.3210360109806061,0.0025278426061465047
layer4.0.conv2,235,0.2805001735687256,0.0022086627840057133
layer4.0.conv2,236,0.2946753203868866,0.0023202781132825715
layer4.0.conv2,237,0.2191864401102066,0.001725877481182729
layer4.0.conv2,238,0.1899993121623993,0.001496057576081884
layer4.0.conv2,239,0.44626757502555847,0.0035139179135870746
layer4.0.conv2,240,0.2695005238056183,0.0021220513685481753
layer4.0.conv2,241,0.45149731636047363,0.003555096979216328
layer4.0.conv2,242,0.48880839347839355,0.0038488849880188468
layer4.0.conv2,243,0.1961485892534256,0.0015444770807356346
layer4.0.conv2,244,0.7789512872695923,0.006133474702910175
layer4.0.conv2,245,0.42518898844718933,0.0033479447909227507
layer4.0.conv2,246,0.44322171807289124,0.0034899347879755217
layer4.0.conv2,247,0.2752836346626282,0.002167587674508883
layer4.0.conv2,248,0.3245956599712372,0.0025558713383561985
layer4.0.conv2,249,0.19095520675182343,0.001503584305132468
layer4.0.conv2,250,0.2941555678844452,0.0023161855738932694
layer4.0.conv2,251,0.31377890706062317,0.002470700055595458
layer4.0.conv2,252,0.31095442175865173,0.0024484600138476513
layer4.0.conv2,253,0.43029406666755676,0.0033881422572248562
layer4.0.conv2,254,0.14130693674087524,0.0011126530452037421
layer4.0.conv2,255,0.199388325214386,0.0015699868127117007
layer4.0.conv2,256,0.31364643573760986,0.0024696569743118887
layer4.0.conv2,257,0.22367674112319946,0.0017612341820724367
layer4.0.conv2,258,0.18559910356998444,0.001461410264330586
layer4.0.conv2,259,0.27215686440467834,0.0021429674362573098
layer4.0.conv2,260,0.2711784541606903,0.0021352634185881126
layer4.0.conv2,261,0.3154791593551636,0.0024840878689382957
layer4.0.conv2,262,0.19363565742969513,0.0015246902159818513
layer4.0.conv2,263,0.22818446159362793,0.0017967280440443145
layer4.0.conv2,264,0.19886349141597748,0.0015658542631179328
layer4.0.conv2,265,0.18925650417804718,0.001490208694315332
layer4.0.conv2,266,0.5958237648010254,0.004691525707094688
layer4.0.conv2,267,0.6330320239067078,0.004984504125249667
layer4.0.conv2,268,0.20325089991092682,0.0016004007867002111
layer4.0.conv2,269,0.21335828304290771,0.0016799864806528167
layer4.0.conv2,270,0.1720772534608841,0.0013549390036290087
layer4.0.conv2,271,0.6420291662216187,0.005055347765524556
layer4.0.conv2,272,0.4427042305469513,0.0034858600830468605
layer4.0.conv2,273,0.3973233103752136,0.003128530002954438
layer4.0.conv2,274,1.080802321434021,0.00851025449948048
layer4.0.conv2,275,0.22154702246189117,0.0017444647437944187
layer4.0.conv2,276,0.2186301201581955,0.0017214970091196495
layer4.0.conv2,277,0.2656220495700836,0.002091512201339241
layer4.0.conv2,278,0.23476342856884003,0.0018485309336129137
layer4.0.conv2,279,0.2228328138589859,0.001754589085503826
layer4.0.conv2,280,0.2545906603336334,0.002004650868768767
layer4.0.conv2,281,0.1950792372226715,0.0015360569860052875
layer4.0.conv2,282,0.3679139018058777,0.0028969598567391945
layer4.0.conv2,283,0.22154903411865234,0.0017444805836114357
layer4.0.conv2,284,0.35220953822135925,0.0027733034505618838
layer4.0.conv2,285,0.2035459578037262,0.0016027240771946945
layer4.0.conv2,286,0.2920588254928589,0.0022996757912823536
layer4.0.conv2,287,0.42030489444732666,0.003309487357852966
layer4.0.conv2,288,0.13152943551540375,0.0010356648465779824
layer4.0.conv2,289,0.4408130347728729,0.003470968777739157
layer4.0.conv2,290,0.19416750967502594,0.0015288780289372122
layer4.0.conv2,291,0.28670305013656616,0.0022575043317839857
layer4.0.conv2,292,0.15683309733867645,0.0012349062782572948
layer4.0.conv2,293,0.2762494385242462,0.0021751924293247735
layer4.0.conv2,294,0.2563619017601013,0.002018597651654341
layer4.0.conv2,295,0.40672767162323,0.003202580091521496
layer4.0.conv2,296,0.3397192060947418,0.0026749543786987544
layer4.0.conv2,297,0.3174215853214264,0.0024993825615860347
layer4.0.conv2,298,0.3084728717803955,0.0024289202502393347
layer4.0.conv2,299,0.13441134989261627,0.001058357085768632
layer4.0.conv2,300,0.25753673911094666,0.002027848339456273
layer4.0.conv2,301,0.2751476764678955,0.0021665171375424845
layer4.0.conv2,302,0.28852516412734985,0.0022718516860421247
layer4.0.conv2,303,0.22949868440628052,0.0018070762551675632
layer4.0.conv2,304,0.34036850929260254,0.002680067002303957
layer4.0.conv2,305,0.12226049602031708,0.0009626810710261188
layer4.0.conv2,306,0.2808477580547333,0.0022113996697223095
layer4.0.conv2,307,0.24123671650886536,0.0018995017047942154
layer4.0.conv2,308,0.2483878880739212,0.00195581014231434
layer4.0.conv2,309,0.24197523295879364,0.001905316794951131
layer4.0.conv2,310,0.23678328096866608,0.001864435283217843
layer4.0.conv2,311,0.21405117213726044,0.0016854423002933892
layer4.0.conv2,312,0.2488175630569458,0.001959193409897211
layer4.0.conv2,313,0.23905722796916962,0.0018823403777099969
layer4.0.conv2,314,0.2833743095397949,0.002231293775903897
layer4.0.conv2,315,0.2559090256690979,0.002015031698181873
layer4.0.conv2,316,0.2201266586780548,0.0017332807769925576
layer4.0.conv2,317,0.3335384726524353,0.002626287186239648
layer4.0.conv2,318,0.26377493143081665,0.0020769679640221784
layer4.0.conv2,319,0.5120005011558533,0.004031500009101207
layer4.0.conv2,320,0.16923341155052185,0.0013325465476419043
layer4.0.conv2,321,0.44026198983192444,0.0034666298411962556
layer4.0.conv2,322,0.338797003030777,0.0026676929372502125
layer4.0.conv2,323,0.49489066004753113,0.0038967768507679615
layer4.0.conv2,324,0.36516767740249634,0.0028753360425393414
layer4.0.conv2,325,0.29360926151275635,0.0023118839489193414
layer4.0.conv2,326,0.343699187040329,0.002706292811341173
layer4.0.conv2,327,0.45875683426856995,0.003612258537547795
layer4.0.conv2,328,0.20648621022701263,0.0016258756710788396
layer4.0.conv2,329,0.34819352626800537,0.0027416813091968926
layer4.0.conv2,330,0.19829097390174866,0.0015613462511948712
layer4.0.conv2,331,0.22714610397815704,0.0017885519998280081
layer4.0.conv2,332,0.4386098384857178,0.003453620775478093
layer4.0.conv2,333,0.40475597977638245,0.0031870549588691533
layer4.0.conv2,334,0.37349095940589905,0.0029408736961094415
layer4.0.conv2,335,0.15977294743061066,0.0012580547041780366
layer4.0.conv2,336,0.22188763320446014,0.0017471467181453555
layer4.0.conv2,337,0.3150472640991211,0.0024806871188907172
layer4.0.conv2,338,0.3196604251861572,0.002517011221938246
layer4.0.conv2,339,0.18138611316680908,0.0014282371115496779
layer4.0.conv2,340,0.2934599816799164,0.002310708517164696
layer4.0.conv2,341,0.6812586188316345,0.0053642410931624765
layer4.0.conv2,342,0.1914197951555252,0.0015072424815395686
layer4.0.conv2,343,0.2582475543022156,0.0020334453094662643
layer4.0.conv2,344,0.24196745455265045,0.001905255547658665
layer4.0.conv2,345,0.4284244775772095,0.0033734210832851138
layer4.0.conv2,346,0.3132213354110718,0.0024663097276462344
layer4.0.conv2,347,0.183555468916893,0.0014453186528889212
layer4.0.conv2,348,0.1307537704706192,0.0010295572478001512
layer4.0.conv2,349,0.5797711610794067,0.004565127252593754
layer4.0.conv2,350,0.20898351073265076,0.0016455394545878013
layer4.0.conv2,351,0.22244693338871002,0.0017515506566040159
layer4.0.conv2,352,0.19889062643051147,0.0015660679246496966
layer4.0.conv2,353,0.37061381340026855,0.0029182190031517207
layer4.0.conv2,354,0.23900212347507477,0.0018819064840557068
layer4.0.conv2,355,0.2636047303676605,0.0020756277981705553
layer4.0.conv2,356,0.2689816653728485,0.002117965869077547
layer4.0.conv2,357,0.2412780076265335,0.0018998268317049882
layer4.0.conv2,358,0.29807594418525696,0.0023470546786240705
layer4.0.conv2,359,0.5731796026229858,0.004513225217503826
layer4.0.conv2,360,0.13858921825885773,0.00109125368707762
layer4.0.conv2,361,0.6626858115196228,0.005217998515902542
layer4.0.conv2,362,0.17417195439338684,0.0013714327117589516
layer4.0.conv2,363,0.34198904037475586,0.002692827089565007
layer4.0.conv2,364,0.1917618066072464,0.0015099354850964283
layer4.0.conv2,365,0.26135939359664917,0.002057947981075978
layer4.0.conv2,366,0.4507693648338318,0.0035493650774317464
layer4.0.conv2,367,0.28975245356559753,0.00228151538240628
layer4.0.conv2,368,0.24849893152713776,0.001956684500213683
layer4.0.conv2,369,0.29718324542045593,0.002340025554491779
layer4.0.conv2,370,0.25442177057266235,0.0020033210281312
layer4.0.conv2,371,0.27993160486221313,0.002204185865056796
layer4.0.conv2,372,0.6911644339561462,0.00544223963744997
layer4.0.conv2,373,0.47670257091522217,0.00375356355051356
layer4.0.conv2,374,0.23885145783424377,0.0018807201404271163
layer4.0.conv2,375,0.3235400319099426,0.002547559306377501
layer4.0.conv2,376,0.2187410593032837,0.0017223705456951472
layer4.0.conv2,377,0.2968122363090515,0.0023371042229059173
layer4.0.conv2,378,0.33453941345214844,0.0026341686098594365
layer4.0.conv2,379,0.4604357182979584,0.003625478096834318
layer4.0.conv2,380,0.14945727586746216,0.0011768289438382846
layer4.0.conv2,381,0.2714466452598572,0.0021373751595264345
layer4.0.conv2,382,0.23228323459625244,0.001829001847214586
layer4.0.conv2,383,0.34909477829933167,0.002748777781884501
layer4.0.conv2,384,0.223027765750885,0.0017561241397707481
layer4.0.conv2,385,0.2595698833465576,0.002043857349185493
layer4.0.conv2,386,0.15818220376968384,0.0012455291635408176
layer4.0.conv2,387,0.9205630421638489,0.007248527891053928
layer4.0.conv2,388,0.14800575375556946,0.0011653996358706256
layer4.0.conv2,389,0.30904388427734375,0.002433416411632628
layer4.0.conv2,390,0.34639495611190796,0.0027275193394638423
layer4.0.conv2,391,0.2582058608531952,0.002033117014592088
layer4.0.conv2,392,0.540370523929596,0.004254886015193669
layer4.0.conv2,393,0.297012060880661,0.0023386776447296143
layer4.0.conv2,394,0.32996436953544617,0.0025981446420113873
layer4.0.conv2,395,0.27735480666160583,0.0021838961154457153
layer4.0.conv2,396,0.20820462703704834,0.0016394065121027427
layer4.0.conv2,397,0.22784462571144104,0.0017940521709562287
layer4.0.conv2,398,0.21252106130123138,0.0016733941834742628
layer4.0.conv2,399,0.2443033903837204,0.0019236487431789008
layer4.0.conv2,400,0.5897982716560364,0.004644080879181388
layer4.0.conv2,401,0.25370603799819946,0.0019976853385684995
layer4.0.conv2,402,0.3020414113998413,0.0023782788299200105
layer4.0.conv2,403,0.22133800387382507,0.0017428189281403549
layer4.0.conv2,404,0.2921915352344513,0.0023007207498775693
layer4.0.conv2,405,0.17377085983753204,0.0013682744869097012
layer4.0.conv2,406,0.41481396555900574,0.0032662516973150056
layer4.0.conv2,407,0.504473865032196,0.003972235157733827
layer4.0.conv2,408,0.18264012038707733,0.0014381111841502152
layer4.0.conv2,409,0.2759217619895935,0.0021726122991306577
layer4.0.conv2,410,0.2720721662044525,0.0021423005212949015
layer4.0.conv2,411,0.41331472992897034,0.003254446692354097
layer4.0.conv2,412,0.40395450592041016,0.0031807441411055917
layer4.0.conv2,413,0.27711448073387146,0.0021820037853060746
layer4.0.conv2,414,0.25581642985343933,0.002014302597271176
layer4.0.conv2,415,0.2757164537906647,0.002170995699139092
layer4.0.conv2,416,0.17275065183639526,0.0013602413530424825
layer4.0.conv2,417,0.3672429621219635,0.0028916768671020747
layer4.0.conv2,418,0.4950646162033081,0.0038981465842780165
layer4.0.conv2,419,0.6953990459442139,0.005475583038930818
layer4.0.conv2,420,0.2782483696937561,0.0021909320448327252
layer4.0.conv2,421,0.19851233065128326,0.0015630892177266398
layer4.0.conv2,422,0.18742607533931732,0.0014757958688135222
layer4.0.conv2,423,0.3321910500526428,0.0026156775594696285
layer4.0.conv2,424,0.26848840713500977,0.002114081945944959
layer4.0.conv2,425,0.3598647713661194,0.0028335808768985777
layer4.0.conv2,426,0.31911158561706543,0.0025126896505280744
layer4.0.conv2,427,0.263653963804245,0.002076015463025551
layer4.0.conv2,428,0.22893458604812622,0.0018026345358120176
layer4.0.conv2,429,0.4435287415981293,0.003492352296048262
layer4.0.conv2,430,0.38964322209358215,0.0030680568668785997
layer4.0.conv2,431,0.3139916658401489,0.0024723753215759757
layer4.0.conv2,432,0.33119937777519226,0.0026078691163400965
layer4.0.conv2,433,0.35852354764938354,0.0028230200602313666
layer4.0.conv2,434,0.3403470814228058,0.0026798982789197306
layer4.0.conv2,435,0.3029024600982666,0.0023850587409312333
layer4.0.conv2,436,0.26437029242515564,0.0020816558458673674
layer4.0.conv2,437,0.35627859830856323,0.0028053432937682143
layer4.0.conv2,438,0.24720481038093567,0.0019464945699286273
layer4.0.conv2,439,0.29691460728645325,0.0023379102935941203
layer4.0.conv2,440,0.47958704829216003,0.00377627597080441
layer4.0.conv2,441,0.41769587993621826,0.0032889439365056555
layer4.0.conv2,442,0.25312110781669617,0.0019930795891078437
layer4.0.conv2,443,0.2333676666021347,0.0018375406819065726
layer4.0.conv2,444,0.23460505902767181,0.0018472839293517465
layer4.0.conv2,445,0.4350743591785431,0.0034257823557365596
layer4.0.conv2,446,0.2391434609889984,0.0018830193778661293
layer4.0.conv2,447,0.31894707679748535,0.0025113943054920107
layer4.0.conv2,448,1.1437747478485107,0.009006100376759927
layer4.0.conv2,449,0.5497717261314392,0.004328911229381411
layer4.0.conv2,450,0.2936995327472687,0.002312594746041486
layer4.0.conv2,451,0.36930134892463684,0.002907884637201865
layer4.0.conv2,452,0.35601067543029785,0.002803233664805495
layer4.0.conv2,453,0.30829641222953796,0.002427530804956992
layer4.0.conv2,454,0.2641078233718872,0.0020795891604085607
layer4.0.conv2,455,0.238817036151886,0.0018804491035581575
layer4.0.conv2,456,0.20210717618465424,0.0015913950880681435
layer4.0.conv2,457,0.2368139922618866,0.001864677104424304
layer4.0.conv2,458,0.32360631227493286,0.0025480811990152195
layer4.0.conv2,459,0.21966415643692017,0.0017296390270623635
layer4.0.conv2,460,0.23858968913555145,0.0018786589695712712
layer4.0.conv2,461,0.19899529218673706,0.0015668920644624966
layer4.0.conv2,462,0.3371780812740326,0.002654945521842776
layer4.0.conv2,463,0.2978426516056061,0.0023452177291780007
layer4.0.conv2,464,0.31963446736335754,0.0025168068296327365
layer4.0.conv2,465,0.17526181042194366,0.001380014255290895
layer4.0.conv2,466,0.3687247633934021,0.0029033445936488354
layer4.0.conv2,467,0.27374452352523804,0.0021554686891751026
layer4.0.conv2,468,0.40795525908470154,0.003212246134525209
layer4.0.conv2,469,0.4190138876438141,0.003299321949951292
layer4.0.conv2,470,0.21949347853660583,0.0017282951065874476
layer4.0.conv2,471,0.21824093163013458,0.0017184325325207447
layer4.0.conv2,472,0.19063442945480347,0.0015010584996441219
layer4.0.conv2,473,0.3839919865131378,0.003023558948922345
layer4.0.conv2,474,0.22138817608356476,0.0017432139849099587
layer4.0.conv2,475,0.3785165846347809,0.002980445548305361
layer4.0.conv2,476,0.3734278678894043,0.0029403769125149943
layer4.0.conv2,477,0.28316184878349304,0.002229620856562937
layer4.0.conv2,478,0.3838467299938202,0.003022415196801734
layer4.0.conv2,479,0.33949166536331177,0.0026731627193961557
layer4.0.conv2,480,0.2124132364988327,0.0016725451692821472
layer4.0.conv2,481,0.2614419758319855,0.0020585982348975233
layer4.0.conv2,482,0.25155389308929443,0.0019807393156637356
layer4.0.conv2,483,0.17479489743709564,0.0013763377750952413
layer4.0.conv2,484,0.32873716950416565,0.0025884816496390996
layer4.0.conv2,485,0.3054423928260803,0.002405058211228979
layer4.0.conv2,486,0.18166866898536682,0.0014304619605146993
layer4.0.conv2,487,0.26697465777397156,0.0021021626596375714
layer4.0.conv2,488,0.2587648630142212,0.0020375186064111907
layer4.0.conv2,489,0.33544009923934937,0.0026412606239318848
layer4.0.conv2,490,0.4036923944950104,0.003178680271614255
layer4.0.conv2,491,0.17766396701335907,0.0013989288741209375
layer4.0.conv2,492,0.2884451448917389,0.0022712216133207786
layer4.0.conv2,493,0.35093510150909424,0.0027632685158196398
layer4.0.conv2,494,0.47042980790138245,0.003704171715758917
layer4.0.conv2,495,0.2868506908416748,0.0022586668570210616
layer4.0.conv2,496,0.3907836675643921,0.003077036752475528
layer4.0.conv2,497,0.31883111596107483,0.0025104812280399595
layer4.0.conv2,498,0.19954392313957214,0.0015712119932249776
layer4.0.conv2,499,0.5105090141296387,0.004019756016768809
layer4.0.conv2,500,0.19779670238494873,0.0015574543494877853
layer4.0.conv2,501,0.2044600397348404,0.0016099215727152787
layer4.0.conv2,502,0.2244933843612671,0.0017676644437895047
layer4.0.conv2,503,0.1963658630847931,0.0015461878983054574
layer4.0.conv2,504,0.2560824453830719,0.0020163972077407236
layer4.0.conv2,505,0.18535442650318146,0.0014594836732533974
layer4.0.conv2,506,0.2832317054271698,0.0022301709088753527
layer4.0.conv2,507,0.36049526929855347,0.0028385454275476653
layer4.0.conv2,508,0.23325373232364655,0.001836643561603516
layer4.0.conv2,509,0.2433788925409317,0.0019163692326057615
layer4.0.conv2,510,0.4464959502220154,0.003515716143480436
layer4.0.conv2,511,0.32213902473449707,0.0025365277538149373
layer4.0.projection,0,0.1302436888217926,0.0010255408568645087
layer4.0.projection,1,0.22915484011173248,0.001804368819777421
layer4.0.projection,2,0.19153495132923126,0.001508149223064813
layer4.0.projection,3,0.5744884610176086,0.004523531189115029
layer4.0.projection,4,0.12589812278747559,0.0009913238014761857
layer4.0.projection,5,0.17504137754440308,0.0013782785633417564
layer4.0.projection,6,0.2469051629304886,0.0019441351411849494
layer4.0.projection,7,0.5237520933151245,0.0041240322308277524
layer4.0.projection,8,0.09809943288564682,0.0007724364794145419
layer4.0.projection,9,0.18326081335544586,0.0014429985303578414
layer4.0.projection,10,0.07931368798017502,0.0006245172281903545
layer4.0.projection,11,0.15173225104808807,0.001194742134236914
layer4.0.projection,12,0.33272504806518555,0.0026198822682298073
layer4.0.projection,13,0.05451296269893646,0.0004292359267632792
layer4.0.projection,14,0.1925475150346756,0.0015161221656273668
layer4.0.projection,15,0.20056016743183136,0.0015792139167860738
layer4.0.projection,16,0.34117698669433594,0.002686432966097133
layer4.0.projection,17,0.2488170862197876,0.001959189655273918
layer4.0.projection,18,0.2697966992855072,0.0021243834589410016
layer4.0.projection,19,0.28329670429229736,0.0022306827109629715
layer4.0.projection,20,0.14374272525310516,0.0011318324823079147
layer4.0.projection,21,0.34747079014778137,0.0027359904736045776
layer4.0.projection,22,0.258858859539032,0.002038258736527811
layer4.0.projection,23,0.29743313789367676,0.0023419932117612345
layer4.0.projection,24,0.19844146072864532,0.0015625311868397269
layer4.0.projection,25,0.1135738343000412,0.0008942821598428441
layer4.0.projection,26,0.3314919173717499,0.002610172577730314
layer4.0.projection,27,0.19475612044334412,0.0015335127593964105
layer4.0.projection,28,0.31140387058258057,0.0024519989809652014
layer4.0.projection,29,0.18957002460956573,0.001492677359130439
layer4.0.projection,30,0.2365381270647049,0.0018625049375173613
layer4.0.projection,31,0.32299068570137024,0.002543233745680081
layer4.0.projection,32,0.1862676739692688,0.001466674598183219
layer4.0.projection,33,0.31580373644828796,0.0024866435940810077
layer4.0.projection,34,0.17113801836967468,0.0013475434517297219
layer4.0.projection,35,0.3464892506599426,0.002728261816220021
layer4.0.projection,36,0.11731592565774918,0.0009237474461240093
layer4.0.projection,37,0.1972459852695465,0.0015531179942483977
layer4.0.projection,38,0.23226799070835114,0.00182888181660119
layer4.0.projection,39,0.48475560545921326,0.003816973271332388
layer4.0.projection,40,0.1627509444952011,0.0012815034999622134
layer4.0.projection,41,0.1906815618276596,0.001501429620690233
layer4.0.projection,42,0.36638274788856506,0.002884903526681615
layer4.0.projection,43,0.42242804169654846,0.003326205052728728
layer4.0.projection,44,0.19719742238521576,0.0015527356093324076
layer4.0.projection,45,0.1624494194984436,0.0012791292873893198
layer4.0.projection,46,0.26369473338127136,0.0020763364833170975
layer4.0.projection,47,0.36904624104499817,0.002905875913740143
layer4.0.projection,48,0.15598121285438538,0.0012281985264124833
layer4.0.projection,49,0.2331417053937912,0.0018357614597936315
layer4.0.projection,50,0.17038507759571075,0.0013416147842181948
layer4.0.projection,51,0.41548940539360046,0.0032715701212094523
layer4.0.projection,52,0.2226463109254837,0.0017531205584683756
layer4.0.projection,53,0.16737708449363708,0.0013179297991624968
layer4.0.projection,54,0.20595768094062805,0.0016217140231545516
layer4.0.projection,55,0.4712022840976715,0.0037102542054934765
layer4.0.projection,56,0.33162546157836914,0.0026112241069162923
layer4.0.projection,57,0.19453011453151703,0.0015317331852875357
layer4.0.projection,58,0.22316208481788635,0.0017571817702195776
layer4.0.projection,59,0.09418101608753204,0.000741582803838835
layer4.0.projection,60,0.4975362718105316,0.003917608439453005
layer4.0.projection,61,0.40871384739875793,0.0032182192708563617
layer4.0.projection,62,0.09556041657924652,0.0007524442250334372
layer4.0.projection,63,0.27600860595703125,0.0021732961098978837
layer4.0.projection,64,0.12945270538330078,0.001019312640813392
layer4.0.projection,65,0.3967798352241516,0.003124250671056312
layer4.0.projection,66,0.26212236285209656,0.0020639556130086344
layer4.0.projection,67,0.19725540280342102,0.0015531921480584332
layer4.0.projection,68,0.5724785923957825,0.004507705451935295
layer4.0.projection,69,0.24916763603687286,0.001961949890054117
layer4.0.projection,70,0.11962084472179413,0.0009418964151322372
layer4.0.projection,71,0.17409071326255798,0.0013707930178154173
layer4.0.projection,72,0.21498063206672668,0.0016927608824151708
layer4.0.projection,73,0.07890955358743668,0.0006213350676176116
layer4.0.projection,74,0.35347360372543335,0.0027832567222475066
layer4.0.projection,75,0.17183734476566315,0.0013530499587847491
layer4.0.projection,76,0.5413073301315308,0.004262262441980557
layer4.0.projection,77,0.24632346630096436,0.001939554852763499
layer4.0.projection,78,0.19145724177360535,0.001507537336800042
layer4.0.projection,79,0.2788132131099701,0.002195379630787166
layer4.0.projection,80,0.3259734511375427,0.002566720087697187
layer4.0.projection,81,0.23946139216423035,0.0018855227729466957
layer4.0.projection,82,0.24219930171966553,0.0019070811159028781
layer4.0.projection,83,0.08851421624422073,0.0006969623326316593
layer4.0.projection,84,0.22761023044586182,0.0017922065389437939
layer4.0.projection,85,0.15121667087078094,0.0011906824478014248
layer4.0.projection,86,0.36137744784355164,0.0028454917153035563
layer4.0.projection,87,0.3638283908367157,0.0028647904790292575
layer4.0.projection,88,0.13492073118686676,0.0010623679621013132
layer4.0.projection,89,0.12816636264324188,0.0010091839578208021
layer4.0.projection,90,0.15901879966259003,0.0012521165327762994
layer4.0.projection,91,0.13499772548675537,0.0010629742164311447
layer4.0.projection,92,0.21334828436374664,0.0016799077508956428
layer4.0.projection,93,0.5882638692855835,0.004631998970752626
layer4.0.projection,94,0.16079212725162506,0.00126607974213878
layer4.0.projection,95,0.14325527846813202,0.0011279943186467088
layer4.0.projection,96,0.3139530122280121,0.002472070962425292
layer4.0.projection,97,0.21868443489074707,0.0017219246841791108
layer4.0.projection,98,0.3061234951019287,0.0024104212212750294
layer4.0.projection,99,0.18866196274757385,0.001485527265728928
layer4.0.projection,100,0.17597460746765137,0.0013856268304539478
layer4.0.projection,101,0.18459786474704742,0.0014535264940712396
layer4.0.projection,102,0.142219677567482,0.0011198399808463148
layer4.0.projection,103,0.22421793639659882,0.0017654955621779435
layer4.0.projection,104,0.3321800231933594,0.002615590733805979
layer4.0.projection,105,0.4399583637714386,0.003464239084814477
layer4.0.projection,106,0.08768647909164429,0.0006904447172570416
layer4.0.projection,107,0.20991581678390503,0.0016528804471173625
layer4.0.projection,108,0.15603215992450714,0.0012285996844449381
layer4.0.projection,109,0.287345826625824,0.002262565563982866
layer4.0.projection,110,0.3790208399295807,0.0029844160624376433
layer4.0.projection,111,0.20973502099514008,0.0016514568582294495
layer4.0.projection,112,0.34484824538230896,0.00271534051482133
layer4.0.projection,113,0.4031706154346466,0.0031745717750759576
layer4.0.projection,114,0.20406052470207214,0.0016067757850556862
layer4.0.projection,115,0.24773471057415009,0.0019506670123948825
layer4.0.projection,116,0.09279844164848328,0.0007306963909329392
layer4.0.projection,117,0.9982080459594727,0.007859905873696635
layer4.0.projection,118,0.28073498606681824,0.0022105117013135295
layer4.0.projection,119,0.2052074372768402,0.0016158065927310253
layer4.0.projection,120,0.11411092430353165,0.0008985112149884381
layer4.0.projection,121,0.17992879450321198,0.001416762161442614
layer4.0.projection,122,0.04071308299899101,0.0003205754566849686
layer4.0.projection,123,0.26071494817733765,0.002052873607695572
layer4.0.projection,124,0.21068038046360016,0.0016589006335716548
layer4.0.projection,125,0.17588824033737183,0.0013849467743100143
layer4.0.projection,126,0.15469355881214142,0.001218059518205838
layer4.0.projection,127,0.1315988451242447,0.0010362113789310606
layer4.0.projection,128,0.22150501608848572,0.0017441339849487065
layer4.0.projection,129,0.12459351122379303,0.0009810512694786852
layer4.0.projection,130,0.21484051644802094,0.0016916576098269364
layer4.0.projection,131,0.14889182150363922,0.0011723765472727498
layer4.0.projection,132,0.15935218334197998,0.0012547416011179527
layer4.0.projection,133,0.28354305028915405,0.0022326224432216856
layer4.0.projection,134,0.4982089400291443,0.0039229050395995614
layer4.0.projection,135,0.31932204961776733,0.0025143468473839948
layer4.0.projection,136,0.09508011490106583,0.0007486623220556365
layer4.0.projection,137,0.2372635304927826,0.0018682167755337212
layer4.0.projection,138,0.11806409060955048,0.0009296385087366179
layer4.0.projection,139,0.3383249044418335,0.002663975625526248
layer4.0.projection,140,0.25052231550216675,0.001972616657497376
layer4.0.projection,141,0.7815905809402466,0.006154256542836588
layer4.0.projection,142,0.17792394757270813,0.0014009759651394341
layer4.0.projection,143,0.1636989265680313,0.00128896792573253
layer4.0.projection,144,0.18991070985794067,0.0014953599201412652
layer4.0.projection,145,0.32063519954681396,0.0025246866106048344
layer4.0.projection,146,0.296953022480011,0.0023382127754331575
layer4.0.projection,147,0.385589063167572,0.0030361343556501736
layer4.0.projection,148,0.12968268990516663,0.0010211235425603672
layer4.0.projection,149,0.24663269519805908,0.001941989725968969
layer4.0.projection,150,0.12138545513153076,0.0009557909852876438
layer4.0.projection,151,0.11421553790569305,0.0008993349441393153
layer4.0.projection,152,0.30848997831344604,0.002429054947349969
layer4.0.projection,153,0.21297681331634521,0.0016769827820184663
layer4.0.projection,154,0.5641836524009705,0.004442390963787169
layer4.0.projection,155,0.15818209946155548,0.0012455283422169723
layer4.0.projection,156,0.21305140852928162,0.0016775701458998553
layer4.0.projection,157,0.14467263221740723,0.0011391545843890333
layer4.0.projection,158,0.17280057072639465,0.0013606344151684618
layer4.0.projection,159,0.2177143543958664,0.0017142862550855622
layer4.0.projection,160,0.3052666187286377,0.0024036741632176197
layer4.0.projection,161,0.5607945919036865,0.004415705448060523
layer4.0.projection,162,0.2640073001384735,0.0020787976388856183
layer4.0.projection,163,0.7776978015899658,0.006123604736928865
layer4.0.projection,164,0.3781208097934723,0.0029773292109722227
layer4.0.projection,165,0.058822907507419586,0.00046317250005842195
layer4.0.projection,166,0.32470253109931946,0.002556712843301728
layer4.0.projection,167,0.1595517098903656,0.0012563126763020912
layer4.0.projection,168,0.28400856256484985,0.0022362878942114163
layer4.0.projection,169,0.20569346845149994,0.0016196336098543303
layer4.0.projection,170,0.18425822257995605,0.0014508521462988666
layer4.0.projection,171,0.2961597144603729,0.0023319662555934878
layer4.0.projection,172,0.23261548578739166,0.0018316179983259187
layer4.0.projection,173,0.36203905940055847,0.0028507012551225075
layer4.0.projection,174,0.2579261064529419,0.0020309142240389124
layer4.0.projection,175,0.2004559338092804,0.001578393179600633
layer4.0.projection,176,0.30805784463882446,0.002425652319990744
layer4.0.projection,177,0.18407388031482697,0.0014494006324002123
layer4.0.projection,178,0.1522880494594574,0.001199118499680767
layer4.0.projection,179,0.21259567141532898,0.0016739816646876298
layer4.0.projection,180,0.6328516602516174,0.004983083938989114
layer4.0.projection,181,0.3535566031932831,0.0027839102613644337
layer4.0.projection,182,0.12639281153678894,0.000995218988478653
layer4.0.projection,183,0.16530832648277283,0.0013016403660060852
layer4.0.projection,184,0.3643603026866913,0.00286897876131253
layer4.0.projection,185,0.33239126205444336,0.002617254031924751
layer4.0.projection,186,0.16321828961372375,0.0012851833827852263
layer4.0.projection,187,0.2363763004541397,0.0018612307122373205
layer4.0.projection,188,0.19441702961921692,0.0015308427529072198
layer4.0.projection,189,0.243031308054924,0.0019136323468891654
layer4.0.projection,190,0.231485977768898,0.0018227242344007718
layer4.0.projection,191,0.5194113850593567,0.004089853425664226
layer4.0.projection,192,0.3482459783554077,0.002742094317759116
layer4.0.projection,193,0.6742534041404724,0.005309081922365924
layer4.0.projection,194,0.11946883797645569,0.0009406995116256353
layer4.0.projection,195,0.3729325830936432,0.002936477032233411
layer4.0.projection,196,0.19207818806171417,0.0015124266776512926
layer4.0.projection,197,0.2511849105358124,0.001977833941226869
layer4.0.projection,198,0.2373804897069931,0.001869137714228292
layer4.0.projection,199,0.16052164137363434,0.0012639499320758608
layer4.0.projection,200,0.08030598610639572,0.0006323305992629584
layer4.0.projection,201,0.27100521326065063,0.0021338993170129973
layer4.0.projection,202,0.28706976771354675,0.0022603918717602105
layer4.0.projection,203,0.1480695605278015,0.001165902051400012
layer4.0.projection,204,0.3282529413700104,0.002584668829685121
layer4.0.projection,205,0.24799878895282745,0.0019527463697073027
layer4.0.projection,206,0.1801481992006302,0.001418489757485277
layer4.0.projection,207,0.6728812456130981,0.005298277524512584
layer4.0.projection,208,0.3116327226161957,0.002453800965481856
layer4.0.projection,209,0.35700321197509766,0.002811048913189745
layer4.0.projection,210,0.203275665640831,0.001600595792447488
layer4.0.projection,211,0.1882862150669098,0.0014825686225740928
layer4.0.projection,212,0.19070762395858765,0.0015016348343195878
layer4.0.projection,213,0.23417317867279053,0.001843883296636146
layer4.0.projection,214,0.19339875876903534,0.0015228248721971286
layer4.0.projection,215,0.18929432332515717,0.0014905064828752532
layer4.0.projection,216,0.16519935429096222,0.001300782317251671
layer4.0.projection,217,0.23502489924430847,0.0018505897578292006
layer4.0.projection,218,0.17384885251522064,0.0013688886024820523
layer4.0.projection,219,0.20301921665668488,0.0015985765091077549
layer4.0.projection,220,0.30433937907218933,0.002396373063560546
layer4.0.projection,221,0.8328508734703064,0.0065578808934669795
layer4.0.projection,222,0.31826913356781006,0.0025060561698252762
layer4.0.projection,223,0.2058839350938797,0.0016211333471959032
layer4.0.projection,224,0.31795188784599304,0.0025035581720156933
layer4.0.projection,225,0.24189841747283936,0.0019047119486050343
layer4.0.projection,226,0.2265845388174057,0.0017841302269087063
layer4.0.projection,227,0.20781540870666504,0.0016363418008398822
layer4.0.projection,228,0.24775460362434387,0.0019508236505853848
layer4.0.projection,229,0.16534240543842316,0.0013019087042395524
layer4.0.projection,230,0.10904735326766968,0.0008586405769107849
layer4.0.projection,231,0.227542445063591,0.001791672795776307
layer4.0.projection,232,0.1629418432712555,0.0012830066399311456
layer4.0.projection,233,0.16208478808403015,0.001276258173890001
layer4.0.projection,234,0.16830773651599884,0.0013252577678425105
layer4.0.projection,235,0.46355319023132324,0.003650025119931679
layer4.0.projection,236,0.13657988607883453,0.0010754321738490908
layer4.0.projection,237,0.1999671757221222,0.0015745446907253716
layer4.0.projection,238,0.19443528354167938,0.0015309864845801527
layer4.0.projection,239,0.10070765763521194,0.0007929736821670232
layer4.0.projection,240,0.17122134566307068,0.0013481995721501628
layer4.0.projection,241,0.2109033614397049,0.001660656389289015
layer4.0.projection,242,0.3415338695049286,0.0026892430669679416
layer4.0.projection,243,0.2094144970178604,0.0016489330473847276
layer4.0.projection,244,0.2021317332983017,0.0015915884511677298
layer4.0.projection,245,0.23417241871356964,0.0018438773127052728
layer4.0.projection,246,0.2681145966053009,0.002111138555947251
layer4.0.projection,247,0.21727396547794342,0.001710818625810578
layer4.0.projection,248,0.21840094029903412,0.0017196924432994812
layer4.0.projection,249,0.11970574408769608,0.0009425649140763471
layer4.0.projection,250,0.29817020893096924,0.0023477969207162932
layer4.0.projection,251,0.4792957007884979,0.0037739818959724248
layer4.0.projection,252,0.32840681076049805,0.002585880399688961
layer4.0.projection,253,0.27077484130859375,0.0021320853646345965
layer4.0.projection,254,0.15784011781215668,0.0012428355733240684
layer4.0.projection,255,0.15676483511924744,0.0012343687804665152
layer4.0.projection,256,0.4650392234325409,0.0036617261687601644
layer4.0.projection,257,0.2604115903377533,0.002050484963289396
layer4.0.projection,258,0.10860440880060196,0.0008551528252015902
layer4.0.projection,259,0.5253047347068787,0.00413625775359747
layer4.0.projection,260,0.1450158804655075,0.001141857326500059
layer4.0.projection,261,0.18928742408752441,0.0014904521581694836
layer4.0.projection,262,0.06555858254432678,0.0005162093113726518
layer4.0.projection,263,0.2189694046974182,0.0017241685409245529
layer4.0.projection,264,0.25809726119041443,0.0020322618991371216
layer4.0.projection,265,0.12061605602502823,0.0009497327246065215
layer4.0.projection,266,0.3319631516933441,0.00261388308419956
layer4.0.projection,267,0.3484058082103729,0.0027433528205541174
layer4.0.projection,268,0.6761553287506104,0.0053240577066977195
layer4.0.projection,269,0.19441284239292145,0.0015308097826214288
layer4.0.projection,270,0.1137644499540329,0.000895783070504196
layer4.0.projection,271,0.22657084465026855,0.0017840223988210121
layer4.0.projection,272,0.17256063222885132,0.0013587451356602467
layer4.0.projection,273,0.2916131615638733,0.002296166626487191
layer4.0.projection,274,0.4032168984413147,0.003174936208199328
layer4.0.projection,275,0.14550991356372833,0.0011457473508954988
layer4.0.projection,276,0.19640801846981049,0.0015465198304709486
layer4.0.projection,277,0.13442590832710266,0.0010584717191110446
layer4.0.projection,278,0.1893637478351593,0.0014910531325603095
layer4.0.projection,279,0.1938728243112564,0.0015265576717421764
layer4.0.projection,280,0.14710183441638947,0.0011582821607589722
layer4.0.projection,281,0.24785757064819336,0.0019516344145527036
layer4.0.projection,282,0.19348429143428802,0.0015234983577502993
layer4.0.projection,283,0.3248845636844635,0.002558146170743807
layer4.0.projection,284,0.03335634618997574,0.00026264839519665934
layer4.0.projection,285,0.23679925501346588,0.0018645610630981565
layer4.0.projection,286,0.26824548840522766,0.0021121692000411626
layer4.0.projection,287,0.29961979389190674,0.0023592109755268247
layer4.0.projection,288,0.11474010348320007,0.0009034653817574809
layer4.0.projection,289,0.3478558361530304,0.0027390223319136253
layer4.0.projection,290,0.16527625918388367,0.001301387867589635
layer4.0.projection,291,0.2634273171424866,0.0020742308436416264
layer4.0.projection,292,0.37757572531700134,0.002973037207220483
layer4.0.projection,293,0.16759364306926727,0.00131963498479738
layer4.0.projection,294,0.21941253542900085,0.0017276577592834712
layer4.0.projection,295,0.46976250410079956,0.003698917355124406
layer4.0.projection,296,0.2644655704498291,0.0020824060665340875
layer4.0.projection,297,0.4376485049724579,0.003446051220255574
layer4.0.projection,298,0.21022188663482666,0.001655290445943517
layer4.0.projection,299,0.11896900087594986,0.0009367637864248021
layer4.0.projection,300,0.48436805605888367,0.0038139217012510525
layer4.0.projection,301,0.2016514092683792,0.0015878063721919623
layer4.0.projection,302,0.14124932885169983,0.001112199439777164
layer4.0.projection,303,0.24277722835540771,0.001911631719333919
layer4.0.projection,304,0.3513033986091614,0.0027661684929855225
layer4.0.projection,305,0.22015510499477386,0.0017335047637383769
layer4.0.projection,306,0.07911080121994019,0.0006229196946451983
layer4.0.projection,307,0.3230047821998596,0.002543344741731178
layer4.0.projection,308,0.20744633674621582,0.0016334357224111482
layer4.0.projection,309,0.17294004559516907,0.0013617326424816463
layer4.0.projection,310,0.27359679341316223,0.0021543054599461593
layer4.0.projection,311,0.16749368607997894,0.001318847921889598
layer4.0.projection,312,0.2764037549495697,0.0021764075192879503
layer4.0.projection,313,0.3847084939479828,0.003029200739747896
layer4.0.projection,314,0.13694952428340912,0.0010783427108929852
layer4.0.projection,315,0.21892580389976501,0.0017238252275572049
layer4.0.projection,316,0.10583817958831787,0.0008333714928214005
layer4.0.projection,317,0.3684694766998291,0.0029013344622033786
layer4.0.projection,318,0.28351277112960815,0.002232384024642584
layer4.0.projection,319,0.043677959591150284,0.00034392094166260065
layer4.0.projection,320,0.14783915877342224,0.0011640878643576554
layer4.0.projection,321,0.17594429850578308,0.0013853881772108905
layer4.0.projection,322,0.37723031640052795,0.002970317451972661
layer4.0.projection,323,0.3103967607021332,0.0024440689819065606
layer4.0.projection,324,0.2672309875488281,0.002104181004321481
layer4.0.projection,325,0.31420138478279114,0.002474026651833001
layer4.0.projection,326,0.08803857117891312,0.0006932170958969537
layer4.0.projection,327,0.3095923960208893,0.002437735401739286
layer4.0.projection,328,0.1967688649892807,0.0015493611416478796
layer4.0.projection,329,0.31641846895217896,0.0024914840074974722
layer4.0.projection,330,0.11878660321235657,0.0009353275843492643
layer4.0.projection,331,0.23184983432292938,0.0018255892466372391
layer4.0.projection,332,0.17310164868831635,0.0013630051077820184
layer4.0.projection,333,0.23367586731910706,0.0018399674592055673
layer4.0.projection,334,0.3238082826137543,0.0025496715166437346
layer4.0.projection,335,0.23537567257881165,0.0018533517525890681
layer4.0.projection,336,0.08159513026475906,0.0006424813406673942
layer4.0.projection,337,0.2876279056072235,0.0022647866583245945
layer4.0.projection,338,0.25822198390960693,0.0020332439677921807
layer4.0.projection,339,0.15783335268497467,0.0012427823046060997
layer4.0.projection,340,0.07795096188783646,0.0006137871014790272
layer4.0.projection,341,0.022745536640286446,0.00017909871370304288
layer4.0.projection,342,0.29668542742729187,0.0023361057277739516
layer4.0.projection,343,0.16501782834529877,0.0012993529790968406
layer4.0.projection,344,0.16608677804470062,0.0013077699058637845
layer4.0.projection,345,0.1657494604587555,0.0013051138618799644
layer4.0.projection,346,0.1939055472612381,0.0015268153327656544
layer4.0.projection,347,0.236587792634964,0.0018628960049997165
layer4.0.projection,348,0.10960172116756439,0.000863005678484759
layer4.0.projection,349,0.08372896909713745,0.0006592832212373028
layer4.0.projection,350,0.21849441528320312,0.001720428466796875
layer4.0.projection,351,0.3105914890766144,0.002445602276193814
layer4.0.projection,352,0.4615360200405121,0.0036341418900827723
layer4.0.projection,353,0.2387796938419342,0.0018801550696215291
layer4.0.projection,354,0.17614880204200745,0.0013869984412756492
layer4.0.projection,355,0.5365908741950989,0.004225124993662196
layer4.0.projection,356,0.2003525346517563,0.001577579013005955
layer4.0.projection,357,0.3702305853366852,0.002915201459343978
layer4.0.projection,358,0.299600750207901,0.002359061025259063
layer4.0.projection,359,0.29269227385520935,0.0023046635736630656
layer4.0.projection,360,0.10472826659679413,0.0008246320204471978
layer4.0.projection,361,0.2999114990234375,0.0023615078663262795
layer4.0.projection,362,0.0978679358959198,0.0007706136684718094
layer4.0.projection,363,0.15428273379802704,0.001214824675575016
layer4.0.projection,364,0.22889651358127594,0.001802334752608472
layer4.0.projection,365,0.2615857422351837,0.002059730253820344
layer4.0.projection,366,0.2142171710729599,0.0016867493785272434
layer4.0.projection,367,0.27028176188468933,0.0021282028494857426
layer4.0.projection,368,0.2488425374031067,0.0019593900582921785
layer4.0.projection,369,0.08104044198989868,0.0006381137164558951
layer4.0.projection,370,0.2569444179534912,0.0020231843933345766
layer4.0.projection,371,0.1457384079694748,0.0011475465194446834
layer4.0.projection,372,0.11814505606889725,0.000930276032038561
layer4.0.projection,373,0.19305658340454102,0.0015201305779885118
layer4.0.projection,374,0.16782943904399872,0.001321491646015738
layer4.0.projection,375,0.17271588742733002,0.0013599676175380317
layer4.0.projection,376,0.26759153604507446,0.002107019968858854
layer4.0.projection,377,0.23214083909988403,0.0018278806228337325
layer4.0.projection,378,0.3349226117134094,0.002637185919003224
layer4.0.projection,379,0.5236907005310059,0.004123548823078786
layer4.0.projection,380,0.2011544406414032,0.0015838932333968757
layer4.0.projection,381,0.48130348324775696,0.003789791206675252
layer4.0.projection,382,0.232296884059906,0.0018291093233063465
layer4.0.projection,383,0.39877957105636597,0.0031399966224910708
layer4.0.projection,384,0.23535609245300293,0.0018531975783701018
layer4.0.projection,385,0.21600201725959778,0.001700803285508644
layer4.0.projection,386,0.22273296117782593,0.001753802843919889
layer4.0.projection,387,0.4891416132450104,0.003851508765708743
layer4.0.projection,388,0.260589599609375,0.002051886611097441
layer4.0.projection,389,0.22254393994808197,0.001752314487780173
layer4.0.projection,390,0.2628989517688751,0.0020700704863690954
layer4.0.projection,391,0.32650208473205566,0.00257088255694532
layer4.0.projection,392,0.3159293234348297,0.002487632467990785
layer4.0.projection,393,0.17080621421337128,0.0013449308205777267
layer4.0.projection,394,0.5771609544754028,0.004544574444688212
layer4.0.projection,395,0.2585045099258423,0.0020354685820932463
layer4.0.projection,396,0.4036453068256378,0.0031783095025640774
layer4.0.projection,397,0.23777107894420624,0.00187221322003312
layer4.0.projection,398,0.1360844224691391,0.0010715308855837723
layer4.0.projection,399,0.27618011832237244,0.0021746466009635625
layer4.0.projection,400,0.35333871841430664,0.002782194633183517
layer4.0.projection,401,0.25075677037239075,0.0019744627588377224
layer4.0.projection,402,0.1762371063232422,0.0013876937505767101
layer4.0.projection,403,0.20086900889873505,0.0015816457393601185
layer4.0.projection,404,0.2162541300058365,0.001702788425242807
layer4.0.projection,405,0.15208427608013153,0.0011975139848829255
layer4.0.projection,406,0.25892767310142517,0.002038800575601773
layer4.0.projection,407,0.22423753142356873,0.0017656498537288877
layer4.0.projection,408,0.2382373809814453,0.0018758848896176796
layer4.0.projection,409,0.16054633259773254,0.0012641443511632485
layer4.0.projection,410,0.19729918241500854,0.001553536869409516
layer4.0.projection,411,0.20566566288471222,0.0016194146683835607
layer4.0.projection,412,0.4712062180042267,0.003710285181135643
layer4.0.projection,413,0.13917165994644165,0.0010958398420979657
layer4.0.projection,414,0.12977749109268188,0.0010218700086037944
layer4.0.projection,415,0.29276758432388306,0.002305256569479394
layer4.0.projection,416,0.4067045748233795,0.003202398226955744
layer4.0.projection,417,0.1773107349872589,0.0013961475195847159
layer4.0.projection,418,0.21865122020244598,0.0017216631512003621
layer4.0.projection,419,0.1983363777399063,0.0015617037617315457
layer4.0.projection,420,0.13592256605625153,0.0010702564256397757
layer4.0.projection,421,0.20070327818393707,0.0015803407731018668
layer4.0.projection,422,0.17670923471450806,0.0013914112969646304
layer4.0.projection,423,0.29928189516067505,0.0023565503555958663
layer4.0.projection,424,0.08467955142259598,0.0006667681214377636
layer4.0.projection,425,0.22215496003627777,0.001749251653828959
layer4.0.projection,426,0.36969107389450073,0.0029109533377519744
layer4.0.projection,427,0.15376168489456177,0.0012107219283036359
layer4.0.projection,428,0.05744386091828346,0.00045231386549829497
layer4.0.projection,429,0.26326099038124084,0.0020729211841042585
layer4.0.projection,430,0.30034422874450684,0.002364915186964621
layer4.0.projection,431,0.09777405858039856,0.0007698744770110123
layer4.0.projection,432,0.3830581605434418,0.0030162059885310375
layer4.0.projection,433,0.09929265081882477,0.0007818318962112186
layer4.0.projection,434,0.33113181591033936,0.002607337133152278
layer4.0.projection,435,0.3480754792690277,0.002740751805267935
layer4.0.projection,436,0.12143950164318085,0.0009562165483715027
layer4.0.projection,437,0.27932706475257874,0.0021994257067132184
layer4.0.projection,438,0.2045053094625473,0.001610278027264152
layer4.0.projection,439,0.10474029928445816,0.0008247267660193556
layer4.0.projection,440,0.12813974916934967,0.001008974402908265
layer4.0.projection,441,0.1856316477060318,0.0014616665173703292
layer4.0.projection,442,0.2004266083240509,0.0015781622702681173
layer4.0.projection,443,0.31957074999809265,0.0025163051180952176
layer4.0.projection,444,0.18045251071453094,0.001420885911138039
layer4.0.projection,445,0.17549699544906616,0.0013818661058981588
layer4.0.projection,446,0.15347549319267273,0.0012084684503360058
layer4.0.projection,447,0.1748167872428894,0.0013765101357707827
layer4.0.projection,448,0.7216733694076538,0.005682467475650817
layer4.0.projection,449,0.637829065322876,0.005022276104904536
layer4.0.projection,450,0.2585020959377289,0.002035449574312826
layer4.0.projection,451,0.44596487283706665,0.0035115344317879263
layer4.0.projection,452,0.153879776597023,0.0012116517842285276
layer4.0.projection,453,0.3040466606616974,0.0023940681941865935
layer4.0.projection,454,0.22627830505371094,0.0017817189374307947
layer4.0.projection,455,0.0902545228600502,0.000710665534331104
layer4.0.projection,456,0.16291575133800507,0.0012828011916378352
layer4.0.projection,457,0.1697816401720047,0.001336863308440982
layer4.0.projection,458,0.35111501812934875,0.0027646851821208564
layer4.0.projection,459,0.31189724802970886,0.0024558838427536133
layer4.0.projection,460,0.417686402797699,0.0032888693133677083
layer4.0.projection,461,0.08453487604856491,0.0006656289452642906
layer4.0.projection,462,0.13580948114395142,0.00106936599325946
layer4.0.projection,463,0.1526513248682022,0.0012019789359700962
layer4.0.projection,464,0.4657136797904968,0.0036670368487440696
layer4.0.projection,465,0.20427994430065155,0.0016085034984303272
layer4.0.projection,466,0.2786334156990051,0.0021939639031417725
layer4.0.projection,467,0.33688297867774963,0.002652621879352359
layer4.0.projection,468,0.10924733430147171,0.0008602152307202497
layer4.0.projection,469,0.2670929729938507,0.0021030942755421314
layer4.0.projection,470,0.13446538150310516,0.001058782531520513
layer4.0.projection,471,0.17124253511428833,0.0013483664182227428
layer4.0.projection,472,0.1365971565246582,0.0010755681616114818
layer4.0.projection,473,0.29508981108665466,0.002323541819579958
layer4.0.projection,474,0.3256731331348419,0.0025643553790145033
layer4.0.projection,475,0.21255825459957123,0.001673687044091112
layer4.0.projection,476,0.189423605799675,0.001491524455115551
layer4.0.projection,477,0.17061282694339752,0.0013434080861684844
layer4.0.projection,478,0.2960633635520935,0.0023312075870243584
layer4.0.projection,479,0.18809761106967926,0.001481083551729758
layer4.0.projection,480,0.37515461444854736,0.0029539733421145463
layer4.0.projection,481,0.14373621344566345,0.0011317812082335705
layer4.0.projection,482,0.3253686726093292,0.0025619580520419623
layer4.0.projection,483,0.09345516562461853,0.000735867445863138
layer4.0.projection,484,0.20143739879131317,0.0015861212503253007
layer4.0.projection,485,0.0751168429851532,0.0005914712046075055
layer4.0.projection,486,0.21280524134635925,0.001675631821624876
layer4.0.projection,487,0.38680052757263184,0.003045673445453794
layer4.0.projection,488,0.661342203617096,0.005207418926118866
layer4.0.projection,489,0.2840031683444977,0.002236245420035415
layer4.0.projection,490,0.42868325114250183,0.0033754586704134
layer4.0.projection,491,0.3560548424720764,0.002803581436788003
layer4.0.projection,492,0.16055819392204285,0.0012642377474176602
layer4.0.projection,493,0.2344425469636917,0.0018460043068007222
layer4.0.projection,494,0.14114557206630707,0.0011113824572150162
layer4.0.projection,495,0.26812222599983215,0.002111198629919938
layer4.0.projection,496,0.32012495398521423,0.002520668929017435
layer4.0.projection,497,0.1778964102268219,0.001400759135644267
layer4.0.projection,498,0.21865493059158325,0.0017216923668628603
layer4.0.projection,499,0.25245192646980286,0.001987810444644117
layer4.0.projection,500,0.1832360476255417,0.0014428035246105645
layer4.0.projection,501,0.2941674292087555,0.002316278970147681
layer4.0.projection,502,0.26678666472435,0.0021006823994043303
layer4.0.projection,503,0.16132992506027222,0.0012703143705533246
layer4.0.projection,504,0.2362619787454605,0.0018603305413028386
layer4.0.projection,505,0.3524664342403412,0.0027753262538609542
layer4.0.projection,506,0.28561779856681824,0.0022489590438332144
layer4.0.projection,507,0.44594183564186096,0.0035113530365500864
layer4.0.projection,508,0.22940696775913239,0.0018063540768435621
layer4.0.projection,509,0.3329155445098877,0.002621382240235336
layer4.0.projection,510,0.41578084230422974,0.003273864900033305
layer4.0.projection,511,0.25094205141067505,0.0019759216646509847
layer4.1.conv1,0,0.05660481005907059,0.00044570716581945343
layer4.1.conv1,1,0.09029597789049149,0.0007109919518936337
layer4.1.conv1,2,0.05835689976811409,0.0004595031477804259
layer4.1.conv1,3,0.05544096603989601,0.00043654303968422055
layer4.1.conv1,4,0.05427202954888344,0.0004273388153455389
layer4.1.conv1,5,0.05223198980093002,0.0004112755102435435
layer4.1.conv1,6,0.056694962084293365,0.0004464170242857745
layer4.1.conv1,7,0.07208651304244995,0.0005676103389169288
layer4.1.conv1,8,0.058324217796325684,0.0004592458094198873
layer4.1.conv1,9,0.049590952694416046,0.0003904799424757169
layer4.1.conv1,10,0.07568486034870148,0.0005959437822732399
layer4.1.conv1,11,0.07452922314405441,0.0005868442767248379
layer4.1.conv1,12,0.06172866001725197,0.00048605244108072414
layer4.1.conv1,13,0.08176547288894653,0.0006438226211728074
layer4.1.conv1,14,0.10887275636196136,0.0008572657981256801
layer4.1.conv1,15,0.13436627388000488,0.0010580021565354716
layer4.1.conv1,16,0.06948772072792053,0.0005471474073064609
layer4.1.conv1,17,0.14842596650123596,0.0011687083976475272
layer4.1.conv1,18,0.03273158520460129,0.00025772901735906525
layer4.1.conv1,19,0.07619788497686386,0.0005999833462745186
layer4.1.conv1,20,0.06539306044578552,0.0005149059877620907
layer4.1.conv1,21,0.09219063818454742,0.0007259105368862002
layer4.1.conv1,22,0.07956597954034805,0.0006265037759082524
layer4.1.conv1,23,0.06979988515377045,0.0005496053949115784
layer4.1.conv1,24,0.09454848617315292,0.0007444762690799443
layer4.1.conv1,25,0.060816939920186996,0.00047887354267863775
layer4.1.conv1,26,0.1710701286792755,0.0013470088872383898
layer4.1.conv1,27,0.0739700198173523,0.0005824411009240338
layer4.1.conv1,28,0.142436683177948,0.0011215486864405355
layer4.1.conv1,29,0.09617998450994492,0.0007573227126767316
layer4.1.conv1,30,0.06437716633081436,0.0005069068215024753
layer4.1.conv1,31,0.05956069007515907,0.0004689818116154258
layer4.1.conv1,32,0.04433097317814827,0.00034906278093030135
layer4.1.conv1,33,0.0790834128856659,0.0006227040384698102
layer4.1.conv1,34,0.07788121700286865,0.0006132379291564461
layer4.1.conv1,35,0.07547097653150558,0.0005942596577283904
layer4.1.conv1,36,0.07541333138942719,0.0005938057589718677
layer4.1.conv1,37,0.05596882104873657,0.00044069937833650846
layer4.1.conv1,38,0.04903024435043335,0.0003860649161451445
layer4.1.conv1,39,0.059717386960983276,0.00047021564536207304
layer4.1.conv1,40,0.0503324456512928,0.0003963184696952189
layer4.1.conv1,41,0.07627400010824203,0.0006005826780176539
layer4.1.conv1,42,0.04738451540470123,0.00037310642050945853
layer4.1.conv1,43,0.04653710126876831,0.0003664338682580182
layer4.1.conv1,44,0.0646551102399826,0.0005090953562203354
layer4.1.conv1,45,0.05662029981613159,0.000445829132410485
layer4.1.conv1,46,0.060397617518901825,0.00047557179148741596
layer4.1.conv1,47,0.07252666354179382,0.0005710760908802663
layer4.1.conv1,48,0.0794188529253006,0.0006253452986244142
layer4.1.conv1,49,0.05025877058506012,0.0003957383510634655
layer4.1.conv1,50,0.06388299912214279,0.0005030157411192346
layer4.1.conv1,51,0.032061703503131866,0.0002524543582923769
layer4.1.conv1,52,0.0641467347741127,0.000505092399796163
layer4.1.conv1,53,0.10873490571975708,0.0008561803599980872
layer4.1.conv1,54,0.06381983309984207,0.0005025183708648982
layer4.1.conv1,55,0.05645301565527916,0.0004445119342935367
layer4.1.conv1,56,0.09441214054822922,0.0007434026814821199
layer4.1.conv1,57,0.06842325627803802,0.0005387657974648664
layer4.1.conv1,58,0.06650131195783615,0.000523632377620757
layer4.1.conv1,59,0.06298211216926575,0.0004959221430650846
layer4.1.conv1,60,0.0837031677365303,0.0006590800609175614
layer4.1.conv1,61,0.10243426263332367,0.0008065689971127848
layer4.1.conv1,62,0.05332932993769646,0.00041991598376138944
layer4.1.conv1,63,0.20725935697555542,0.0016319634407524048
layer4.1.conv1,64,0.2932627201080322,0.0023091552764411987
layer4.1.conv1,65,0.0539819560945034,0.0004250547723976646
layer4.1.conv1,66,0.031955402344465256,0.000251617341295002
layer4.1.conv1,67,0.0734761580824852,0.0005785524258463402
layer4.1.conv1,68,0.07585372775793076,0.0005972734469128406
layer4.1.conv1,69,0.1118190735578537,0.0008804651461248323
layer4.1.conv1,70,0.0765974149107933,0.000603129251266089
layer4.1.conv1,71,0.11774604767560959,0.0009271342336662173
layer4.1.conv1,72,0.09555235505104065,0.000752380748433391
layer4.1.conv1,73,0.08826594799757004,0.0006950074645477956
layer4.1.conv1,74,0.07245469093322754,0.0005705093774269885
layer4.1.conv1,75,0.057832956314086914,0.0004553776087723379
layer4.1.conv1,76,0.09846415370702744,0.0007753082969057278
layer4.1.conv1,77,0.05977049842476845,0.0004706338458643185
layer4.1.conv1,78,0.08628992736339569,0.0006794482469558716
layer4.1.conv1,79,0.06511416286230087,0.0005127099437976447
layer4.1.conv1,80,0.06988795846700668,0.0005502988855669818
layer4.1.conv1,81,0.05216873809695244,0.00041077746533033413
layer4.1.conv1,82,0.12046655267477036,0.0009485555328722075
layer4.1.conv1,83,0.06578975170850754,0.0005180295410118703
layer4.1.conv1,84,0.06745471805334091,0.0005311395122310308
layer4.1.conv1,85,0.09647025167942047,0.0007596082809403187
layer4.1.conv1,86,0.11282284557819366,0.0008883688628204226
layer4.1.conv1,87,0.17919734120368958,0.001411002686643225
layer4.1.conv1,88,0.042780566960573196,0.0003368548579572693
layer4.1.conv1,89,0.05681535229086876,0.00044736497866825793
layer4.1.conv1,90,0.0735330581665039,0.0005790004580039677
layer4.1.conv1,91,0.18481001257896423,0.0014551969494406632
layer4.1.conv1,92,0.06275780498981476,0.000494155944801691
layer4.1.conv1,93,0.057609234005212784,0.000453616015789077
layer4.1.conv1,94,0.11826590448617935,0.000931227594379365
layer4.1.conv1,95,0.051977936178445816,0.0004092750880192584
layer4.1.conv1,96,0.09160783141851425,0.0007213215072323957
layer4.1.conv1,97,0.0703132152557373,0.000553647364218404
layer4.1.conv1,98,0.1252041906118393,0.0009858597685971598
layer4.1.conv1,99,0.05329607054591179,0.000419654098786707
layer4.1.conv1,100,0.05709262937307358,0.0004495482627801069
layer4.1.conv1,101,0.04842253401875496,0.0003812797954232674
layer4.1.conv1,102,0.12643735110759735,0.000995569693760609
layer4.1.conv1,103,0.07296723872423172,0.0005745451868049741
layer4.1.conv1,104,0.06049241125583649,0.0004763181988648542
layer4.1.conv1,105,0.0422448106110096,0.00033263630402369763
layer4.1.conv1,106,0.07009175419807434,0.00055190357636279
layer4.1.conv1,107,0.06985843181610107,0.0005500663922527643
layer4.1.conv1,108,0.10457754135131836,0.0008234452074906958
layer4.1.conv1,109,0.048603981733322144,0.0003827085175852137
layer4.1.conv1,110,0.26345083117485046,0.0020744159935027597
layer4.1.conv1,111,0.06238500028848648,0.000491220474712492
layer4.1.conv1,112,0.05713087320327759,0.0004498493953013983
layer4.1.conv1,113,0.06340982019901276,0.0004992899228268721
layer4.1.conv1,114,0.06986980140209198,0.0005501559165519053
layer4.1.conv1,115,0.07967931777238846,0.0006273962029321925
layer4.1.conv1,116,0.11347359418869019,0.0008934928676274818
layer4.1.conv1,117,0.03471066430211067,0.0002733123173394541
layer4.1.conv1,118,0.09378689527511597,0.0007384794903552438
layer4.1.conv1,119,0.0437268391251564,0.0003443058198831213
layer4.1.conv1,120,0.0845758244395256,0.0006659513735395717
layer4.1.conv1,121,0.0548512265086174,0.00043189942132769606
layer4.1.conv1,122,0.15180416405200958,0.0011953083783622803
layer4.1.conv1,123,0.07582304626703262,0.0005970318603703357
layer4.1.conv1,124,0.04725312814116478,0.00037207187512728175
layer4.1.conv1,125,0.06330500543117523,0.0004984646096942932
layer4.1.conv1,126,0.056316353380680084,0.0004434358533911818
layer4.1.conv1,127,0.10089455544948578,0.000794445318499888
layer4.1.conv1,128,0.056009627878665924,0.0004410206919579994
layer4.1.conv1,129,0.07572070509195328,0.0005962260243460888
layer4.1.conv1,130,0.03762808442115784,0.0002962841293004554
layer4.1.conv1,131,0.07554451376199722,0.0005948386910393482
layer4.1.conv1,132,0.03801415115594864,0.00029932402484998926
layer4.1.conv1,133,0.06083722040057182,0.00047903323150056554
layer4.1.conv1,134,0.06779412925243378,0.0005338120413577463
layer4.1.conv1,135,0.16426043212413788,0.0012933892293239204
layer4.1.conv1,136,0.09144482761621475,0.0007200380127261004
layer4.1.conv1,137,0.055178895592689514,0.0004344794928558229
layer4.1.conv1,138,0.08274918794631958,0.0006515684090261384
layer4.1.conv1,139,0.05003567039966583,0.00039398165669028213
layer4.1.conv1,140,0.05332702770829201,0.0004198978559708032
layer4.1.conv1,141,0.07159677892923355,0.0005637541647971146
layer4.1.conv1,142,0.1777791976928711,0.0013998362023060716
layer4.1.conv1,143,0.07269370555877686,0.0005723913823525736
layer4.1.conv1,144,0.07469434291124344,0.0005881444323719956
layer4.1.conv1,145,0.07450567185878754,0.0005866588335337601
layer4.1.conv1,146,0.05812009051442146,0.0004576385079875706
layer4.1.conv1,147,0.08833187073469162,0.0006955265412180443
layer4.1.conv1,148,0.05712379515171051,0.0004497936626118938
layer4.1.conv1,149,0.04439232498407364,0.00034954586601632787
layer4.1.conv1,150,0.027363620698451996,0.00021546158030277162
layer4.1.conv1,151,0.04366804286837578,0.00034384285723130533
layer4.1.conv1,152,0.07246122509241104,0.0005705608274992996
layer4.1.conv1,153,0.10483473539352417,0.0008254703574293242
layer4.1.conv1,154,0.052643001079559326,0.00041451181952408916
layer4.1.conv1,155,0.08630527555942535,0.000679569098893113
layer4.1.conv1,156,0.06435906141996384,0.0005067642631493215
layer4.1.conv1,157,0.12721014022827148,0.0010016546474667046
layer4.1.conv1,158,0.05195341631770134,0.00040908201824961684
layer4.1.conv1,159,0.10275936871767044,0.0008091288875407121
layer4.1.conv1,160,0.032984986901283264,0.000259724306309317
layer4.1.conv1,161,0.07500150799751282,0.0005905630550985261
layer4.1.conv1,162,0.11835512518882751,0.000931930119597067
layer4.1.conv1,163,0.06671127676963806,0.0005252856438554178
layer4.1.conv1,164,0.07004054635763168,0.0005515003650207219
layer4.1.conv1,165,0.057323988527059555,0.0004513699884020437
layer4.1.conv1,166,0.05114608258008957,0.0004027250596857446
layer4.1.conv1,167,0.09073451161384583,0.0007144449733373687
layer4.1.conv1,168,0.08421921730041504,0.0006631434433103546
layer4.1.conv1,169,0.06997211277484894,0.0005509615179121964
layer4.1.conv1,170,0.0355437695980072,0.0002798722015591118
layer4.1.conv1,171,0.04985193535685539,0.0003925349240697275
layer4.1.conv1,172,0.03332848101854324,0.00026242898439797827
layer4.1.conv1,173,0.0866946205496788,0.0006826348074777858
layer4.1.conv1,174,0.07636004686355591,0.0006012602115240623
layer4.1.conv1,175,0.07073770463466644,0.0005569898002729641
layer4.1.conv1,176,0.08325677365064621,0.000655565146855482
layer4.1.conv1,177,0.10858248919248581,0.000854980229862093
layer4.1.conv1,178,0.039879944175481796,0.0003140153084683606
layer4.1.conv1,179,0.07433796674013138,0.0005853383207884361
layer4.1.conv1,180,0.09954579174518585,0.000783825131851857
layer4.1.conv1,181,0.06033655256032944,0.0004750909650419641
layer4.1.conv1,182,0.11194689571857452,0.0008814716198312954
layer4.1.conv1,183,0.07411819696426392,0.0005836078501123143
layer4.1.conv1,184,0.15157005190849304,0.0011934649756574255
layer4.1.conv1,185,0.056204043328762054,0.00044255152227371696
layer4.1.conv1,186,0.04781957343220711,0.0003765320742693473
layer4.1.conv1,187,0.06040874868631363,0.0004756594384749105
layer4.1.conv1,188,0.05126042291522026,0.0004036253772851989
layer4.1.conv1,189,0.16904157400131226,0.0013310360157583643
layer4.1.conv1,190,0.06714940816164017,0.0005287354973357493
layer4.1.conv1,191,0.11179617792367935,0.0008802848655407823
layer4.1.conv1,192,0.07149743288755417,0.0005629719125004266
layer4.1.conv1,193,0.07904306054115295,0.0006223863034736454
layer4.1.conv1,194,0.05027736350893974,0.0003958847520388956
layer4.1.conv1,195,0.055717892944812775,0.0004387235664945888
layer4.1.conv1,196,0.060655541718006134,0.0004776026906929617
layer4.1.conv1,197,0.040822841227054596,0.0003214396947012173
layer4.1.conv1,198,0.09066623449325562,0.0007139073582146111
layer4.1.conv1,199,0.10019762068986893,0.0007889576432273144
layer4.1.conv1,200,0.09623891860246658,0.0007577867606493432
layer4.1.conv1,201,0.05507572740316391,0.0004336671449068024
layer4.1.conv1,202,0.04785998910665512,0.0003768503079264183
layer4.1.conv1,203,0.058732789009809494,0.00046246290558905114
layer4.1.conv1,204,0.06442402303218842,0.0005072757719069954
layer4.1.conv1,205,0.07771680504083633,0.0006119433467782388
layer4.1.conv1,206,0.09408186376094818,0.0007408020768578597
layer4.1.conv1,207,0.06059400737285614,0.00047711816829020584
layer4.1.conv1,208,0.11886594444513321,0.0009359523184656158
layer4.1.conv1,209,0.075225330889225,0.0005923254400726378
layer4.1.conv1,210,0.06791611015796661,0.000534772520928871
layer4.1.conv1,211,0.06891509890556335,0.0005426385740595539
layer4.1.conv1,212,0.0696529746055603,0.0005484486189414197
layer4.1.conv1,213,0.07405920326709747,0.0005831433328117911
layer4.1.conv1,214,0.12032754719257355,0.0009474610015163271
layer4.1.conv1,215,0.0751715749502182,0.0005919021649623481
layer4.1.conv1,216,0.0736846849322319,0.0005801943695451331
layer4.1.conv1,217,0.06260077655315399,0.0004929195004185354
layer4.1.conv1,218,0.06934456527233124,0.0005460201989947341
layer4.1.conv1,219,0.06655837595462799,0.0005240817004301416
layer4.1.conv1,220,0.08110884577035904,0.0006386523289004649
layer4.1.conv1,221,0.09915013611316681,0.0007807097331745418
layer4.1.conv1,222,0.045157451182603836,0.0003555704817527861
layer4.1.conv1,223,0.05153485760092735,0.00040578628032226263
layer4.1.conv1,224,0.07148674875497818,0.0005628877854722691
layer4.1.conv1,225,0.1219029575586319,0.0009598658075482827
layer4.1.conv1,226,0.06357499957084656,0.0005005905478019414
layer4.1.conv1,227,0.056861504912376404,0.00044772838513682206
layer4.1.conv1,228,0.1303860992193222,0.0010266621985773401
layer4.1.conv1,229,0.07430653274059296,0.0005850908089810469
layer4.1.conv1,230,0.04348244145512581,0.0003423814287805182
layer4.1.conv1,231,0.06824607402086258,0.0005373706615815951
layer4.1.conv1,232,0.06318840384483337,0.0004975464869671919
layer4.1.conv1,233,0.05390250310301781,0.0004244291582914788
layer4.1.conv1,234,0.07411932945251465,0.000583616767342635
layer4.1.conv1,235,0.0998276099562645,0.0007860441728839724
layer4.1.conv1,236,0.09486709535121918,0.0007469850027655053
layer4.1.conv1,237,0.05184316635131836,0.0004082139082780973
layer4.1.conv1,238,0.06968887150287628,0.0005487312716761912
layer4.1.conv1,239,0.05513828620314598,0.00043415973388303923
layer4.1.conv1,240,0.07044829428195953,0.0005547109785981066
layer4.1.conv1,241,0.03793996572494507,0.0002987398875979927
layer4.1.conv1,242,0.036755383014678955,0.00028941246468251145
layer4.1.conv1,243,0.11928949505090714,0.000939287362605568
layer4.1.conv1,244,0.07476974278688431,0.0005887381321801914
layer4.1.conv1,245,0.05866754427552223,0.0004619491675237971
layer4.1.conv1,246,0.07906337082386017,0.0006225462269595288
layer4.1.conv1,247,0.09461183845996857,0.0007449751059840045
layer4.1.conv1,248,0.08244622498750687,0.0006491828739173769
layer4.1.conv1,249,0.047292351722717285,0.00037238072222612034
layer4.1.conv1,250,0.111021026968956,0.0008741813147161889
layer4.1.conv1,251,0.1348891705274582,0.0010621194529721117
layer4.1.conv1,252,0.0670531764626503,0.0005279777674224433
layer4.1.conv1,253,0.07091546803712845,0.0005583895121033737
layer4.1.conv1,254,0.03866272419691086,0.00030443089918827447
layer4.1.conv1,255,0.05219069495797157,0.00041095035399977615
layer4.1.conv1,256,0.05871787667274475,0.0004623454856121634
layer4.1.conv1,257,0.08371201157569885,0.0006591496974464476
layer4.1.conv1,258,0.04740622639656067,0.0003732773732012651
layer4.1.conv1,259,0.03218298405408859,0.0002534093232605401
layer4.1.conv1,260,0.05222431197762489,0.00041121505494192827
layer4.1.conv1,261,0.054905228316783905,0.0004323246324156213
layer4.1.conv1,262,0.09868257492780685,0.0007770281490378493
layer4.1.conv1,263,0.09071598201990128,0.0007142990710228447
layer4.1.conv1,264,0.09926600754261017,0.0007816221066347257
layer4.1.conv1,265,0.07703664898872375,0.0006065877873127855
layer4.1.conv1,266,0.0907827615737915,0.0007148248942818228
layer4.1.conv1,267,0.09691470116376877,0.0007631078831792816
layer4.1.conv1,268,0.1043330579996109,0.0008215201417292197
layer4.1.conv1,269,0.042742982506752014,0.00033655891737600013
layer4.1.conv1,270,0.048488859087228775,0.00038180204005691947
layer4.1.conv1,271,0.028570422902703285,0.0002249639598638054
layer4.1.conv1,272,0.09041838347911835,0.0007119557754261287
layer4.1.conv1,273,0.07903377711772919,0.0006223132056514109
layer4.1.conv1,274,0.053815148770809174,0.0004237413289040092
layer4.1.conv1,275,0.052760638296604156,0.0004154380968236548
layer4.1.conv1,276,0.07123181223869324,0.0005608804113282932
layer4.1.conv1,277,0.10384828597307205,0.0008177030391580476
layer4.1.conv1,278,0.058925800025463104,0.0004639826773658512
layer4.1.conv1,279,0.055595763027668,0.00043776191360368505
layer4.1.conv1,280,0.20483848452568054,0.0016129014529581145
layer4.1.conv1,281,0.0697125494480133,0.0005489177121890811
layer4.1.conv1,282,0.1390836536884308,0.0010951468794364629
layer4.1.conv1,283,0.12113494426012039,0.0009538184587411055
layer4.1.conv1,284,0.08209894597530365,0.000646448393506328
layer4.1.conv1,285,0.06968635320663452,0.0005487114425719254
layer4.1.conv1,286,0.04626074805855751,0.00036425785872879927
layer4.1.conv1,287,0.05483538657426834,0.0004317746974351838
layer4.1.conv1,288,0.0626000389456749,0.0004929136924856292
layer4.1.conv1,289,0.05047580972313881,0.0003974473206546363
layer4.1.conv1,290,0.09626622498035431,0.0007580017714988529
layer4.1.conv1,291,0.02890884317457676,0.00022762868641399022
layer4.1.conv1,292,0.06267042458057404,0.0004934679100832601
layer4.1.conv1,293,0.12134724855422974,0.0009554901460962971
layer4.1.conv1,294,0.07226289808750153,0.0005689991975393821
layer4.1.conv1,295,0.06685111671686172,0.0005263867458020608
layer4.1.conv1,296,0.03941480070352554,0.000310352761445083
layer4.1.conv1,297,0.06399120390415192,0.0005038677472767867
layer4.1.conv1,298,0.06828583031892776,0.0005376837032986438
layer4.1.conv1,299,0.06293990463018417,0.0004955898002376707
layer4.1.conv1,300,0.04258830100297928,0.0003353409527793644
layer4.1.conv1,301,0.11344996839761734,0.0008933068377765145
layer4.1.conv1,302,0.05541251227259636,0.0004363189942724123
layer4.1.conv1,303,0.02601870708167553,0.00020487170930453172
layer4.1.conv1,304,0.0967671349644661,0.0007619459446020952
layer4.1.conv1,305,0.047854043543338776,0.00037680349246723446
layer4.1.conv1,306,0.07741279155015945,0.0006095495397650351
layer4.1.conv1,307,0.0715649276971817,0.0005635033676943441
layer4.1.conv1,308,0.06893201172351837,0.0005427717458544753
layer4.1.conv1,309,0.07682588696479797,0.0006049282438173069
layer4.1.conv1,310,0.17831841111183167,0.0014040819772585171
layer4.1.conv1,311,0.06079663708806038,0.0004787136778587431
layer4.1.conv1,312,0.04520472511649132,0.0003559427174526875
layer4.1.conv1,313,0.054707467555999756,0.00043076746107086425
layer4.1.conv1,314,0.04004983231425285,0.00031535301034844767
layer4.1.conv1,315,0.07324209809303284,0.0005767094338034081
layer4.1.conv1,316,0.06527736037969589,0.0005139949636196526
layer4.1.conv1,317,0.0994904488325119,0.0007833893608859204
layer4.1.conv1,318,0.03936784341931343,0.00030998301904971206
layer4.1.conv1,319,0.08445977419614792,0.0006650375920956529
layer4.1.conv1,320,0.07584573328495026,0.0005972104983066949
layer4.1.conv1,321,0.058852169662714005,0.00046340291073003156
layer4.1.conv1,322,0.07940235733985901,0.0006252154121248741
layer4.1.conv1,323,0.05537327378988266,0.00043601002984159574
layer4.1.conv1,324,0.06975187361240387,0.0005492273512787706
layer4.1.conv1,325,0.13946905732154846,0.00109818155371298
layer4.1.conv1,326,0.06519265472888947,0.0005133279899912556
layer4.1.conv1,327,0.057888202369213104,0.00045581261708041817
layer4.1.conv1,328,0.07777560502290726,0.0006124063387630493
layer4.1.conv1,329,0.09398097544908524,0.0007400076807014585
layer4.1.conv1,330,0.0889575257897377,0.0007004529589743126
layer4.1.conv1,331,0.08608770370483398,0.0006778559346837322
layer4.1.conv1,332,0.046448271721601486,0.0003657344230047361
layer4.1.conv1,333,0.04083670303225517,0.00032154884277366277
layer4.1.conv1,334,0.05825583636760712,0.0004587073729732844
layer4.1.conv1,335,0.16844245791435242,0.0013263185662547433
layer4.1.conv1,336,0.0921466127038002,0.0007255638795574819
layer4.1.conv1,337,0.09442052245140076,0.000743468680719691
layer4.1.conv1,338,0.14510869979858398,0.0011425881873904252
layer4.1.conv1,339,0.04357168450951576,0.0003430841299961871
layer4.1.conv1,340,0.056928761303424835,0.0004482579630190932
layer4.1.conv1,341,0.06666891276836395,0.0005249520690422359
layer4.1.conv1,342,0.10534584522247314,0.0008294948442714421
layer4.1.conv1,343,0.07873255759477615,0.0006199413983840642
layer4.1.conv1,344,0.04825492948293686,0.0003799600746687942
layer4.1.conv1,345,0.11546161025762558,0.0009091465374616187
layer4.1.conv1,346,0.05708937346935272,0.00044952262574293484
layer4.1.conv1,347,0.09557556360960007,0.0007525634929889769
layer4.1.conv1,348,0.040084969252347946,0.000315629679152346
layer4.1.conv1,349,0.11133838444948196,0.000876680192515606
layer4.1.conv1,350,0.12204050272703171,0.0009609488403703284
layer4.1.conv1,351,0.055990274995565414,0.00044086830705169616
layer4.1.conv1,352,0.05864507704973221,0.00046177226023411187
layer4.1.conv1,353,0.0750775933265686,0.0005911621521777056
layer4.1.conv1,354,0.07786888629198074,0.0006131408369447303
layer4.1.conv1,355,0.0393749363720417,0.0003100388690711945
layer4.1.conv1,356,0.06126090884208679,0.0004823693609613133
layer4.1.conv1,357,0.07926728576421738,0.0006241518564111604
layer4.1.conv1,358,0.040894586592912674,0.0003220046188418321
layer4.1.conv1,359,0.07477714121341705,0.0005887963875072209
layer4.1.conv1,360,0.0630619153380394,0.0004965505144727512
layer4.1.conv1,361,0.06386003643274307,0.0005028349325412841
layer4.1.conv1,362,0.05722784996032715,0.0004506129918135996
layer4.1.conv1,363,0.05491914972662926,0.0004324342498159784
layer4.1.conv1,364,0.08087567985057831,0.0006368163767762071
layer4.1.conv1,365,0.03722640126943588,0.0002931212698380778
layer4.1.conv1,366,0.0610109381377697,0.000480401087698974
layer4.1.conv1,367,0.07082757353782654,0.000557697429431705
layer4.1.conv1,368,0.08551444858312607,0.0006733421148277643
layer4.1.conv1,369,0.07683809101581573,0.0006050243387072105
layer4.1.conv1,370,0.039292920380830765,0.00030939307386480916
layer4.1.conv1,371,0.07293004542589188,0.000574252326188125
layer4.1.conv1,372,0.057554613798856735,0.00045318593542406876
layer4.1.conv1,373,0.07206262648105621,0.0005674222557563481
layer4.1.conv1,374,0.08150606602430344,0.0006417800474354602
layer4.1.conv1,375,0.03704899176955223,0.00029172434464214353
layer4.1.conv1,376,0.07054917514324188,0.0005555053160885187
layer4.1.conv1,377,0.04199334979057312,0.0003306562975635679
layer4.1.conv1,378,0.07702577114105225,0.0006065021349689154
layer4.1.conv1,379,0.05189431086182594,0.0004086166209592594
layer4.1.conv1,380,0.04644516110420227,0.0003657099299543486
layer4.1.conv1,381,0.06563929468393326,0.0005168448400309705
layer4.1.conv1,382,0.06717514991760254,0.0005289381883275791
layer4.1.conv1,383,0.09710904210805893,0.0007646381268351097
layer4.1.conv1,384,0.04122677445411682,0.0003246202712922584
layer4.1.conv1,385,0.073629230260849,0.0005797577185893622
layer4.1.conv1,386,0.09804826229810715,0.0007720335614024185
layer4.1.conv1,387,0.06351873278617859,0.0005001475022533747
layer4.1.conv1,388,0.110069639980793,0.0008666900785889212
layer4.1.conv1,389,0.11970070004463196,0.0009425251972018264
layer4.1.conv1,390,0.06022496894001961,0.0004742123538584221
layer4.1.conv1,391,0.06017214432358742,0.00047379641199675135
layer4.1.conv1,392,0.07046370953321457,0.0005548323585292486
layer4.1.conv1,393,0.06125347688794136,0.00048231084163733357
layer4.1.conv1,394,0.0686134472489357,0.000540263364164848
layer4.1.conv1,395,0.0576418898999691,0.0004538731488186543
layer4.1.conv1,396,0.029626036062836647,0.00023327587451052478
layer4.1.conv1,397,0.06007317453622818,0.00047301712233250535
layer4.1.conv1,398,0.1209213063120842,0.0009521362701738913
layer4.1.conv1,399,0.0624510794878006,0.0004917407833685087
layer4.1.conv1,400,0.06931789964437485,0.0005458102334202744
layer4.1.conv1,401,0.05753408372402191,0.00045302428129151114
layer4.1.conv1,402,0.06130130961537361,0.0004826874772864064
layer4.1.conv1,403,0.04905793070793152,0.0003862829189600907
layer4.1.conv1,404,0.07695696502923965,0.0006059603545609421
layer4.1.conv1,405,0.09122052788734436,0.0007182718731286958
layer4.1.conv1,406,0.11615230143070221,0.0009145850506354505
layer4.1.conv1,407,0.08969935029745102,0.0007062940968303229
layer4.1.conv1,408,0.15858057141304016,0.0012486659166381115
layer4.1.conv1,409,0.03528451547026634,0.0002778308304745381
layer4.1.conv1,410,0.05846065282821655,0.00046032010100957913
layer4.1.conv1,411,0.11109324544668198,0.0008747499641471022
layer4.1.conv1,412,0.07669572532176971,0.0006039033489903127
layer4.1.conv1,413,0.03601856529712677,0.0002836107503710769
layer4.1.conv1,414,0.052934177219867706,0.0004168045450383284
layer4.1.conv1,415,0.08716278523206711,0.0006863211435595835
layer4.1.conv1,416,0.035633914172649384,0.00028058200135944395
layer4.1.conv1,417,0.0793786495923996,0.0006250287369480283
layer4.1.conv1,418,0.07671041786670685,0.0006040190383205263
layer4.1.conv1,419,0.07903116196393967,0.0006222926138892887
layer4.1.conv1,420,0.0736425593495369,0.0005798626720435976
layer4.1.conv1,421,0.06509274244308472,0.0005125412790794072
layer4.1.conv1,422,0.05955231189727783,0.00046891584171084906
layer4.1.conv1,423,0.07522915303707123,0.0005923555357249703
layer4.1.conv1,424,0.06315486133098602,0.0004972823726849293
layer4.1.conv1,425,0.06629756093025208,0.0005220280388208825
layer4.1.conv1,426,0.06451219320297241,0.0005079700252202552
layer4.1.conv1,427,0.06618598848581314,0.0005211495156363239
layer4.1.conv1,428,0.05606503412127495,0.0004414569615848421
layer4.1.conv1,429,0.05555861070752144,0.00043746937564977513
layer4.1.conv1,430,0.09600669890642166,0.0007559582591056824
layer4.1.conv1,431,0.12841612100601196,0.0010111505591024563
layer4.1.conv1,432,0.07318972796201706,0.0005762970705670635
layer4.1.conv1,433,0.07726597040891647,0.0006083934677867438
layer4.1.conv1,434,0.04076872766017914,0.0003210136036234578
layer4.1.conv1,435,0.04049902781844139,0.00031888998282237317
layer4.1.conv1,436,0.07546932995319366,0.000594246692544832
layer4.1.conv1,437,0.06561067700386047,0.0005166195039674053
layer4.1.conv1,438,0.040207043290138245,0.0003165908920483326
layer4.1.conv1,439,0.049231793731451035,0.00038765191914528373
layer4.1.conv1,440,0.0819423645734787,0.0006452154690825095
layer4.1.conv1,441,0.05051594227552414,0.0003977633250041271
layer4.1.conv1,442,0.05765379220247269,0.00045396686773600543
layer4.1.conv1,443,0.06252940744161606,0.0004923575389103626
layer4.1.conv1,444,0.06420528143644333,0.000505553397137349
layer4.1.conv1,445,0.08748151361942291,0.0006888308159009679
layer4.1.conv1,446,0.06642423570156097,0.0005230254779650471
layer4.1.conv1,447,0.06111994758248329,0.000481259429783333
layer4.1.conv1,448,0.11231236159801483,0.0008843493039213767
layer4.1.conv1,449,0.054344356060028076,0.00042790831543329196
layer4.1.conv1,450,0.04128195717930794,0.00032505478093943255
layer4.1.conv1,451,0.05848550796508789,0.0004605158107487236
layer4.1.conv1,452,0.09090795367956161,0.000715810658894186
layer4.1.conv1,453,0.06193215772509575,0.0004876547852369744
layer4.1.conv1,454,0.07750643789768219,0.0006102869125801748
layer4.1.conv1,455,0.03106898069381714,0.0002446376432584027
layer4.1.conv1,456,0.09594576805830002,0.0007554784886480316
layer4.1.conv1,457,0.1056901291012764,0.0008322057409549323
layer4.1.conv1,458,0.08035632967948914,0.0006327270053503081
layer4.1.conv1,459,0.06325238943099976,0.000498050310480313
layer4.1.conv1,460,0.18242612481117249,0.0014364261796155314
layer4.1.conv1,461,0.0334407277405262,0.000263312816854537
layer4.1.conv1,462,0.07482672482728958,0.0005891868096636975
layer4.1.conv1,463,0.04022641107439995,0.00031674339428661375
layer4.1.conv1,464,0.05132246017456055,0.00040411385964220903
layer4.1.conv1,465,0.0484008863568306,0.00038110934139236693
layer4.1.conv1,466,0.04972003027796745,0.00039149630140131853
layer4.1.conv1,467,0.06054781377315521,0.0004767544391587025
layer4.1.conv1,468,0.06739872694015503,0.0005306986373240553
layer4.1.conv1,469,0.03278059512376785,0.0002581149222343925
layer4.1.conv1,470,0.05856899172067642,0.00046117316315493243
layer4.1.conv1,471,0.0628499835729599,0.0004948817604170071
layer4.1.conv1,472,0.06141071394085884,0.00048354892866817983
layer4.1.conv1,473,0.061280954629182816,0.0004825272018045891
layer4.1.conv1,474,0.0659039169549942,0.0005189284799605843
layer4.1.conv1,475,0.09829788655042648,0.0007739991066962715
layer4.1.conv1,476,0.08114829659461975,0.0006389629653119665
layer4.1.conv1,477,0.06437628716230392,0.0005068998989157789
layer4.1.conv1,478,0.1460709422826767,0.0011501648998635961
layer4.1.conv1,479,0.06804981082677841,0.0005358252821006175
layer4.1.conv1,480,0.06851651519536972,0.0005395001196485805
layer4.1.conv1,481,0.06894634664058685,0.0005428846192172193
layer4.1.conv1,482,0.06939834356307983,0.0005464436501029908
layer4.1.conv1,483,0.08272074162960052,0.0006513444222803191
layer4.1.conv1,484,0.07856191694736481,0.000618597771239093
layer4.1.conv1,485,0.07087136059999466,0.0005580422094487768
layer4.1.conv1,486,0.07187637686729431,0.0005659557233645222
layer4.1.conv1,487,0.11274567991495132,0.0008877612591728451
layer4.1.conv1,488,0.13813595473766327,0.0010876846829737266
layer4.1.conv1,489,0.08175250142812729,0.0006437204836860416
layer4.1.conv1,490,0.09111392498016357,0.0007174324801587683
layer4.1.conv1,491,0.07767138630151749,0.0006115857189095865
layer4.1.conv1,492,0.054320503026247025,0.00042772049626966163
layer4.1.conv1,493,0.05950779467821121,0.00046856531242685993
layer4.1.conv1,494,0.06931135058403015,0.0005457586660159854
layer4.1.conv1,495,0.0939655601978302,0.0007398863007703166
layer4.1.conv1,496,0.0574839785695076,0.0004526297525158079
layer4.1.conv1,497,0.11715616285800934,0.0009224894713229082
layer4.1.conv1,498,0.11228316277265549,0.0008841193919106731
layer4.1.conv1,499,0.031086813658475876,0.00024477806030295964
layer4.1.conv1,500,0.07336677610874176,0.0005776911504625336
layer4.1.conv1,501,0.07139312475919724,0.0005621505886550963
layer4.1.conv1,502,0.04949257895350456,0.0003897053460905871
layer4.1.conv1,503,0.15026479959487915,0.0011831873983848753
layer4.1.conv1,504,0.06628107279539108,0.0005218982109873314
layer4.1.conv1,505,0.06108986586332321,0.0004810225658529387
layer4.1.conv1,506,0.07313261181116104,0.0005758473370957562
layer4.1.conv1,507,0.1406092792749405,0.00110715967933024
layer4.1.conv1,508,0.06186329573392868,0.0004871125648340841
layer4.1.conv1,509,0.05217209458351135,0.0004108038943583571
layer4.1.conv1,510,0.05656270310282707,0.0004453756149828903
layer4.1.conv1,511,0.04382876306772232,0.0003451083706119868
layer4.1.conv2,0,1.12208890914917,0.008835345741332047
layer4.1.conv2,1,1.13491952419281,0.008936374206242598
layer4.1.conv2,2,0.9487764835357666,0.007470680972722571
layer4.1.conv2,3,1.1134370565414429,0.008767220917649157
layer4.1.conv2,4,1.3824535608291626,0.010885461108891045
layer4.1.conv2,5,1.294245958328247,0.010190913057702733
layer4.1.conv2,6,1.575408935546875,0.01240479476808563
layer4.1.conv2,7,2.4823808670043945,0.01954630603940468
layer4.1.conv2,8,1.093564748764038,0.008610746053260142
layer4.1.conv2,9,1.4502363204956055,0.01141918362594965
layer4.1.conv2,10,1.2786633968353271,0.010068215723112813
layer4.1.conv2,11,1.1956026554107666,0.00941419413709265
layer4.1.conv2,12,1.2693959474563599,0.009995243680758738
layer4.1.conv2,13,2.590797185897827,0.020399977841715173
layer4.1.conv2,14,0.9888682961463928,0.00778636453658577
layer4.1.conv2,15,1.059365153312683,0.008341457900099866
layer4.1.conv2,16,0.8573201298713684,0.006750552203711562
layer4.1.conv2,17,1.452091097831726,0.011433788171903355
layer4.1.conv2,18,0.7779105305671692,0.0061252797682454264
layer4.1.conv2,19,0.898156464099884,0.007072098142518772
layer4.1.conv2,20,0.9640941023826599,0.007591292144745353
layer4.1.conv2,21,1.1104154586791992,0.008743428808497631
layer4.1.conv2,22,0.99715656042099,0.007851626460007794
layer4.1.conv2,23,0.9568424820899963,0.007534192772362176
layer4.1.conv2,24,1.1780840158462524,0.009276252093277579
layer4.1.conv2,25,1.5188562870025635,0.01195949832285483
layer4.1.conv2,26,1.1727473735809326,0.00923423128803884
layer4.1.conv2,27,1.2502979040145874,0.009844865385941632
layer4.1.conv2,28,1.499318242073059,0.011805655449394166
layer4.1.conv2,29,2.253977060317993,0.017747850868645616
layer4.1.conv2,30,1.1097079515457153,0.008737857886186735
layer4.1.conv2,31,2.521195888519287,0.019851936130073126
layer4.1.conv2,32,1.5580233335494995,0.012267900264169287
layer4.1.conv2,33,1.049116849899292,0.008260762597632221
layer4.1.conv2,34,1.5050971508026123,0.011851158667737104
layer4.1.conv2,35,1.6520392894744873,0.013008183381688876
layer4.1.conv2,36,0.8959218859672546,0.007054503039112241
layer4.1.conv2,37,1.0442371368408203,0.00822233966016394
layer4.1.conv2,38,1.1265214681625366,0.008870247780807375
layer4.1.conv2,39,3.1001315116882324,0.02441048434400183
layer4.1.conv2,40,1.108354091644287,0.00872719757200226
layer4.1.conv2,41,0.979990541934967,0.00771646096011785
layer4.1.conv2,42,0.9463640451431274,0.007451685394827775
layer4.1.conv2,43,0.964453935623169,0.007594125477347787
layer4.1.conv2,44,1.2367925643920898,0.009738524129071573
layer4.1.conv2,45,1.3186819553375244,0.010383322482972633
layer4.1.conv2,46,1.279697060585022,0.010076354807756078
layer4.1.conv2,47,1.1414185762405396,0.008987547844413697
layer4.1.conv2,48,1.240894079208374,0.00977081952132578
layer4.1.conv2,49,1.0124011039733887,0.007971662236010934
layer4.1.conv2,50,0.9456145763397217,0.0074457840656671
layer4.1.conv2,51,1.7341253757476807,0.013654530517698273
layer4.1.conv2,52,1.0895112752914429,0.0085788289393027
layer4.1.conv2,53,0.9640656113624573,0.007591067806003601
layer4.1.conv2,54,1.0188705921173096,0.00802260308753787
layer4.1.conv2,55,1.034546136856079,0.008146032573669915
layer4.1.conv2,56,1.1205779314041138,0.00882344827877255
layer4.1.conv2,57,1.0608521699905396,0.008353166692838894
layer4.1.conv2,58,1.405991792678833,0.011070801517156165
layer4.1.conv2,59,1.4005974531173706,0.011028326402498982
layer4.1.conv2,60,0.8468303084373474,0.006667955184546042
layer4.1.conv2,61,1.8013274669647217,0.014183680842241904
layer4.1.conv2,62,1.2346723079681396,0.009721829196599524
layer4.1.conv2,63,1.2058411836624146,0.009494812469782793
layer4.1.conv2,64,1.8711578845977783,0.014733526650376208
layer4.1.conv2,65,0.9490306377410889,0.007472682186937708
layer4.1.conv2,66,0.8938197493553162,0.007037950782325324
layer4.1.conv2,67,2.061739444732666,0.016234168856162724
layer4.1.conv2,68,2.9336047172546387,0.02309924974216251
layer4.1.conv2,69,1.339563012123108,0.010547740252937858
layer4.1.conv2,70,1.0536456108093262,0.0082964221323569
layer4.1.conv2,71,1.04500412940979,0.00822837897173063
layer4.1.conv2,72,1.2793540954589844,0.010073654294952633
layer4.1.conv2,73,1.3827409744262695,0.010887724208080863
layer4.1.conv2,74,1.336226463317871,0.010521468215101347
layer4.1.conv2,75,1.2498506307601929,0.009841343549292857
layer4.1.conv2,76,1.3753632307052612,0.010829631737836702
layer4.1.conv2,77,1.6748415231704712,0.013187728528901347
layer4.1.conv2,78,0.9482192993164062,0.007466293695404773
layer4.1.conv2,79,1.4755825996398926,0.011618760627085768
layer4.1.conv2,80,1.5708205699920654,0.012368665905449334
layer4.1.conv2,81,0.8784558176994324,0.006916974942515215
layer4.1.conv2,82,1.7888773679733276,0.014085648566719115
layer4.1.conv2,83,1.3912476301193237,0.010954705748971052
layer4.1.conv2,84,1.7035644054412842,0.013413892956230584
layer4.1.conv2,85,1.0950002670288086,0.008622049346683532
layer4.1.conv2,86,0.9951774477958679,0.007836042896030456
layer4.1.conv2,87,0.8130130171775818,0.0064016773006108805
layer4.1.conv2,88,0.9856623411178589,0.007761120796203613
layer4.1.conv2,89,1.6544828414916992,0.013027423948753537
layer4.1.conv2,90,1.1825745105743408,0.009311610319482999
layer4.1.conv2,91,1.3965294361114502,0.010996294772531104
layer4.1.conv2,92,1.2934881448745728,0.010184946022634431
layer4.1.conv2,93,0.7659693360328674,0.006031254614432027
layer4.1.conv2,94,0.94231116771698,0.007419772974149448
layer4.1.conv2,95,0.9284414052963257,0.0073105622464277615
layer4.1.conv2,96,0.7935143113136292,0.006248144183571883
layer4.1.conv2,97,0.853164553642273,0.006717831131041519
layer4.1.conv2,98,1.060985803604126,0.00835421892601674
layer4.1.conv2,99,1.038694977760315,0.008178700612285945
layer4.1.conv2,100,1.3986432552337646,0.011012939017588697
layer4.1.conv2,101,1.0114474296569824,0.007964152989425058
layer4.1.conv2,102,1.499105453491211,0.011803979948749693
layer4.1.conv2,103,1.158372402191162,0.009121042536938285
layer4.1.conv2,104,1.2810606956481934,0.010087092091718057
layer4.1.conv2,105,0.8969845175743103,0.007062870217120554
layer4.1.conv2,106,1.0017157793045044,0.00788752582129531
layer4.1.conv2,107,1.3464338779449463,0.010601841558621624
layer4.1.conv2,108,0.8689257502555847,0.006841935041382557
layer4.1.conv2,109,0.7819325923919678,0.006156949546393447
layer4.1.conv2,110,1.2382292747497559,0.009749836809053196
layer4.1.conv2,111,1.2982021570205688,0.010222064228508417
layer4.1.conv2,112,0.9328022599220276,0.007344899684425414
layer4.1.conv2,113,0.9704281687736511,0.0076411666832570955
layer4.1.conv2,114,0.9204612970352173,0.007247726748308797
layer4.1.conv2,115,1.9367228746414185,0.015249786414499358
layer4.1.conv2,116,0.9513722062110901,0.007491119733945591
layer4.1.conv2,117,1.9101401567459106,0.01504047367516465
layer4.1.conv2,118,1.9602365493774414,0.015434933459664893
layer4.1.conv2,119,1.1486549377441406,0.009044527068851501
layer4.1.conv2,120,0.9890329837799072,0.007787661289605569
layer4.1.conv2,121,0.8333771824836731,0.00656202505892656
layer4.1.conv2,122,1.0311877727508545,0.008119588761817752
layer4.1.conv2,123,0.9399572014808655,0.007401237806935948
layer4.1.conv2,124,1.3150132894515991,0.010354435350012592
layer4.1.conv2,125,1.248477816581726,0.009830533988832489
layer4.1.conv2,126,1.1107043027877808,0.00874570317155733
layer4.1.conv2,127,2.3133511543273926,0.01821536341990073
layer4.1.conv2,128,0.9252145290374756,0.0072851537719486265
layer4.1.conv2,129,1.221995234489441,0.0096220097203893
layer4.1.conv2,130,1.1715623140335083,0.009224900110500065
layer4.1.conv2,131,0.8813672065734863,0.00693989926435816
layer4.1.conv2,132,1.94115149974823,0.01528465747833252
layer4.1.conv2,133,0.9184815287590027,0.00723213802172443
layer4.1.conv2,134,1.8773268461227417,0.01478210115057277
layer4.1.conv2,135,1.1088026762008667,0.008730729733865092
layer4.1.conv2,136,1.0740855932235718,0.008457366875776156
layer4.1.conv2,137,1.1100372076034546,0.008740450453570508
layer4.1.conv2,138,1.274010419845581,0.010031578109020323
layer4.1.conv2,139,1.615154504776001,0.012717752006110243
layer4.1.conv2,140,0.9533100128173828,0.007506378053680179
layer4.1.conv2,141,1.2975045442581177,0.010216571214630848
layer4.1.conv2,142,1.1284998655319214,0.008885825712849774
layer4.1.conv2,143,0.9880619049072266,0.0077800149992695005
layer4.1.conv2,144,1.0744596719741821,0.008460312377749465
layer4.1.conv2,145,1.3108549118041992,0.010321692218930702
layer4.1.conv2,146,0.9475274085998535,0.00746084573700672
layer4.1.conv2,147,1.1075994968414307,0.008721255880641186
layer4.1.conv2,148,1.5175538063049316,0.01194924256933017
layer4.1.conv2,149,1.2561384439468384,0.009890853889345184
layer4.1.conv2,150,0.8920719623565674,0.007024188679972972
layer4.1.conv2,151,1.0816951990127563,0.008517285031596506
layer4.1.conv2,152,1.1205343008041382,0.008823104730741245
layer4.1.conv2,153,0.9636400938034058,0.0075877172740425654
layer4.1.conv2,154,2.6299500465393066,0.020708268082986668
layer4.1.conv2,155,1.0933685302734375,0.008609201025775098
layer4.1.conv2,156,1.1234099864959717,0.008845747925165131
layer4.1.conv2,157,1.618469476699829,0.012743854147242748
layer4.1.conv2,158,1.0584198236465454,0.008334014359421618
layer4.1.conv2,159,1.0441960096359253,0.008222015823904924
layer4.1.conv2,160,3.0240583419799805,0.02381148300771638
layer4.1.conv2,161,1.2418193817138672,0.009778105367825725
layer4.1.conv2,162,2.168826103210449,0.01707737089142086
layer4.1.conv2,163,3.648308038711548,0.028726834950484628
layer4.1.conv2,164,1.226455569267273,0.009657130466671441
layer4.1.conv2,165,1.2409946918487549,0.009771611746840589
layer4.1.conv2,166,2.207216501235962,0.017379657490046944
layer4.1.conv2,167,1.1830767393112183,0.009315564876466285
layer4.1.conv2,168,1.7153514623641968,0.013506704428064542
layer4.1.conv2,169,1.4657397270202637,0.011541257693072942
layer4.1.conv2,170,1.0671303272247314,0.008402601001769539
layer4.1.conv2,171,1.169641137123108,0.009209772733252818
layer4.1.conv2,172,1.2103543281555176,0.009530349040594627
layer4.1.conv2,173,1.7274130582809448,0.013601677624259408
layer4.1.conv2,174,1.7244884967803955,0.013578649580947996
layer4.1.conv2,175,1.0766938924789429,0.008477904665188527
layer4.1.conv2,176,1.2257705926895142,0.009651736950311135
layer4.1.conv2,177,1.5703372955322266,0.012364860594741942
layer4.1.conv2,178,1.4934086799621582,0.011759123464268962
layer4.1.conv2,179,1.5075229406356812,0.011870259375084104
layer4.1.conv2,180,1.2730751037597656,0.010024213415431225
layer4.1.conv2,181,1.1496977806091309,0.009052738429993157
layer4.1.conv2,182,1.3791407346725464,0.010859375863563357
layer4.1.conv2,183,1.622525691986084,0.012775792850284125
layer4.1.conv2,184,1.1926189661026,0.009390700520492914
layer4.1.conv2,185,0.9809951782226562,0.0077243714820681595
layer4.1.conv2,186,1.1789687871932983,0.009283218796797625
layer4.1.conv2,187,1.1805438995361328,0.009295621256190023
layer4.1.conv2,188,1.5306580066680908,0.012052425249355046
layer4.1.conv2,189,1.0365766286849976,0.008162020698307067
layer4.1.conv2,190,1.0294220447540283,0.008105685391764003
layer4.1.conv2,191,1.0728037357330322,0.008447273509708916
layer4.1.conv2,192,0.7797703742980957,0.00613992420707162
layer4.1.conv2,193,1.239164113998413,0.009757197748019001
layer4.1.conv2,194,2.0879526138305664,0.016440571762445406
layer4.1.conv2,195,0.7875721454620361,0.006201355476079025
layer4.1.conv2,196,1.539340853691101,0.012120794123551977
layer4.1.conv2,197,1.2031712532043457,0.009473789395309809
layer4.1.conv2,198,0.8699690699577332,0.006850150157147505
layer4.1.conv2,199,1.0104246139526367,0.007956099322461706
layer4.1.conv2,200,1.0001031160354614,0.007874827685318594
layer4.1.conv2,201,1.8905577659606934,0.014886281621737742
layer4.1.conv2,202,1.8820099830627441,0.014818976244588536
layer4.1.conv2,203,1.212759256362915,0.009549285483172559
layer4.1.conv2,204,1.908050775527954,0.01502402185455082
layer4.1.conv2,205,1.0664104223251343,0.008396932459253026
layer4.1.conv2,206,0.9361811280250549,0.007371504945079173
layer4.1.conv2,207,1.2265558242797852,0.00965791987621878
layer4.1.conv2,208,1.2682216167449951,0.009985996982244056
layer4.1.conv2,209,1.0929667949676514,0.008606037755650798
layer4.1.conv2,210,0.9732431173324585,0.0076633316325390435
layer4.1.conv2,211,1.2069145441055298,0.009503264126815195
layer4.1.conv2,212,1.7218153476715088,0.013557601162767786
layer4.1.conv2,213,1.8283429145812988,0.014396400902214952
layer4.1.conv2,214,1.9241341352462769,0.015150662482254149
layer4.1.conv2,215,0.9345254302024841,0.0073584679543502686
layer4.1.conv2,216,1.1764816045761108,0.00926363468170166
layer4.1.conv2,217,0.9394540786743164,0.007397276210033987
layer4.1.conv2,218,1.0929515361785889,0.008605917607705424
layer4.1.conv2,219,1.2731869220733643,0.010025093874593419
layer4.1.conv2,220,1.292557954788208,0.010177621691245732
layer4.1.conv2,221,1.5758247375488281,0.012408068799597072
layer4.1.conv2,222,0.9529839158058167,0.007503810360675722
layer4.1.conv2,223,1.5104953050613403,0.011893663819380633
layer4.1.conv2,224,0.8630828261375427,0.006795927764862541
layer4.1.conv2,225,0.8642008900642395,0.006804731417828658
layer4.1.conv2,226,1.7481372356414795,0.013764860123161256
layer4.1.conv2,227,1.361060619354248,0.010717012750820851
layer4.1.conv2,228,1.4919283390045166,0.011747467236256037
layer4.1.conv2,229,1.1730568408966064,0.009236668038555957
layer4.1.conv2,230,1.6047676801681519,0.012635965985575998
layer4.1.conv2,231,1.2803387641906738,0.01008140759205255
layer4.1.conv2,232,1.157694935798645,0.009115708155894842
layer4.1.conv2,233,1.127026915550232,0.00887422768149789
layer4.1.conv2,234,1.0982701778411865,0.008647796675914855
layer4.1.conv2,235,1.0704443454742432,0.008428695633655458
layer4.1.conv2,236,1.3216875791549683,0.010406988812243844
layer4.1.conv2,237,1.035210371017456,0.008151262763916976
layer4.1.conv2,238,0.7739098072052002,0.006093778009489765
layer4.1.conv2,239,1.4676710367202759,0.011556464856065164
layer4.1.conv2,240,1.4492801427841187,0.011411654667591486
layer4.1.conv2,241,1.164045810699463,0.00916571504487766
layer4.1.conv2,242,1.5063409805297852,0.011860952602596734
layer4.1.conv2,243,1.1314448118209839,0.008909014266306959
layer4.1.conv2,244,1.0584057569503784,0.008333903598034476
layer4.1.conv2,245,1.3269133567810059,0.010448136667566976
layer4.1.conv2,246,1.02213454246521,0.008048303483978031
layer4.1.conv2,247,0.8071919083595276,0.006355841798106517
layer4.1.conv2,248,1.0980939865112305,0.008646409342608114
layer4.1.conv2,249,1.114125370979309,0.008772640716372512
layer4.1.conv2,250,1.2469552755355835,0.009818545476658138
layer4.1.conv2,251,1.5944403409957886,0.012554648354297548
layer4.1.conv2,252,1.4003329277038574,0.011026243525227224
layer4.1.conv2,253,1.4529380798339844,0.011440457321527436
layer4.1.conv2,254,0.9297219514846802,0.007320645287280946
layer4.1.conv2,255,1.1622514724731445,0.009151586397426335
layer4.1.conv2,256,1.111035943031311,0.008748314512057567
layer4.1.conv2,257,0.9836471080780029,0.0077452528195118345
layer4.1.conv2,258,2.3199210166931152,0.018267094619630827
layer4.1.conv2,259,0.7622683048248291,0.006002112636415977
layer4.1.conv2,260,0.8553686141967773,0.006735185938557302
layer4.1.conv2,261,1.109289288520813,0.008734561326935536
layer4.1.conv2,262,1.5980370044708252,0.012582968539140356
layer4.1.conv2,263,1.2630294561386108,0.009945113827863077
layer4.1.conv2,264,1.1279640197753906,0.008881606454924336
layer4.1.conv2,265,1.0875208377838135,0.008563156203022153
layer4.1.conv2,266,2.3728742599487305,0.018684049290934885
layer4.1.conv2,267,1.112053632736206,0.00875632781682052
layer4.1.conv2,268,2.3911185264587402,0.018827704932745985
layer4.1.conv2,269,1.093525767326355,0.008610439112805944
layer4.1.conv2,270,2.5500295162200928,0.02007897256866215
layer4.1.conv2,271,0.9777335524559021,0.007698689389416552
layer4.1.conv2,272,1.1366628408432007,0.00895010110900158
layer4.1.conv2,273,1.5079028606414795,0.011873250871192752
layer4.1.conv2,274,1.655130386352539,0.013032522727185346
layer4.1.conv2,275,1.0073041915893555,0.00793152906763272
layer4.1.conv2,276,0.8879103660583496,0.006991420205183855
layer4.1.conv2,277,1.8958274126052856,0.014927774902403825
layer4.1.conv2,278,0.9637954235076904,0.00758894034258024
layer4.1.conv2,279,3.212125301361084,0.02529232520756759
layer4.1.conv2,280,2.490640640258789,0.019611343624084954
layer4.1.conv2,281,0.8559097051620483,0.006739446497338963
layer4.1.conv2,282,1.0319066047668457,0.008125248856431856
layer4.1.conv2,283,1.709964394569397,0.013464286571412574
layer4.1.conv2,284,1.0291709899902344,0.008103708582600271
layer4.1.conv2,285,1.1182498931884766,0.008805117269200602
layer4.1.conv2,286,0.8753887414932251,0.006892824736167127
layer4.1.conv2,287,1.1097526550292969,0.008738209882120448
layer4.1.conv2,288,1.6428438425064087,0.012935778287452036
layer4.1.conv2,289,1.5296683311462402,0.012044632528710552
layer4.1.conv2,290,1.075429916381836,0.008467952097494772
layer4.1.conv2,291,1.3578392267227173,0.010691647454509585
layer4.1.conv2,292,0.908179759979248,0.007151021732120063
layer4.1.conv2,293,1.9927928447723389,0.01569128224230188
layer4.1.conv2,294,0.9952899813652039,0.00783692898712759
layer4.1.conv2,295,1.1533156633377075,0.0090812256955725
layer4.1.conv2,296,0.8295010328292847,0.0065315041955061786
layer4.1.conv2,297,1.4786229133605957,0.01164270010520154
layer4.1.conv2,298,1.2946865558624268,0.010194382329625407
layer4.1.conv2,299,0.9883543848991394,0.007782317991331806
layer4.1.conv2,300,1.0549945831298828,0.00830704396165262
layer4.1.conv2,301,1.9612377882003784,0.015442817229924239
layer4.1.conv2,302,1.4054144620895386,0.01106625560700424
layer4.1.conv2,303,1.4652485847473145,0.011537390431081216
layer4.1.conv2,304,1.2277867794036865,0.0096676124362495
layer4.1.conv2,305,1.1456011533737183,0.009020481522627704
layer4.1.conv2,306,1.5980733633041382,0.012583254829166442
layer4.1.conv2,307,1.1636978387832642,0.009162975108529639
layer4.1.conv2,308,0.8898687362670898,0.007006840443047952
layer4.1.conv2,309,1.0647372007369995,0.008383757486118106
layer4.1.conv2,310,0.9563173651695251,0.007530057993460828
layer4.1.conv2,311,0.9706127047538757,0.007642619722471463
layer4.1.conv2,312,1.3475077152252197,0.01061029697027732
layer4.1.conv2,313,0.8996756076812744,0.007084059903002161
layer4.1.conv2,314,0.9241971969604492,0.007277143283153143
layer4.1.conv2,315,1.3011894226074219,0.010245586004782849
layer4.1.conv2,316,1.2443554401397705,0.009798074331809216
layer4.1.conv2,317,0.9903484582901001,0.007798019356614961
layer4.1.conv2,318,0.9239681363105774,0.0072753396559887985
layer4.1.conv2,319,1.4241912364959717,0.011214104224377729
layer4.1.conv2,320,1.122808814048767,0.00884101428384856
layer4.1.conv2,321,1.0504307746887207,0.00827110846211591
layer4.1.conv2,322,0.8550704717636108,0.006732838360343393
layer4.1.conv2,323,1.6839094161987305,0.013259129261407326
layer4.1.conv2,324,0.9075106382369995,0.007145753056984248
layer4.1.conv2,325,0.9969772100448608,0.00785021425232174
layer4.1.conv2,326,0.9445991516113281,0.007437788595364789
layer4.1.conv2,327,2.3604960441589355,0.01858658302487351
layer4.1.conv2,328,1.1714552640914917,0.0092240571975708
layer4.1.conv2,329,1.3266031742095947,0.01044569428511492
layer4.1.conv2,330,1.7624553442001343,0.013877601135434129
layer4.1.conv2,331,2.0370302200317383,0.01603960803174597
layer4.1.conv2,332,1.0006223917007446,0.007878916470084603
layer4.1.conv2,333,1.0612112283706665,0.008355993924178476
layer4.1.conv2,334,1.1127310991287231,0.008761662197863961
layer4.1.conv2,335,0.9299402832984924,0.0073223644354212004
layer4.1.conv2,336,0.8558575510978699,0.006739035835416299
layer4.1.conv2,337,1.4356988668441772,0.011304715486962026
layer4.1.conv2,338,1.1271148920059204,0.008874920409495436
layer4.1.conv2,339,0.9981136322021484,0.007859162458284634
layer4.1.conv2,340,1.40443754196167,0.011058563322532834
layer4.1.conv2,341,1.3816428184509277,0.010879077310637227
layer4.1.conv2,342,0.8392273187637329,0.0066080891241238815
layer4.1.conv2,343,1.5958867073059082,0.012566037065400852
layer4.1.conv2,344,1.050714135169983,0.00827333964700774
layer4.1.conv2,345,1.95282781124115,0.015376596938906691
layer4.1.conv2,346,1.726070523262024,0.013591106482378141
layer4.1.conv2,347,0.9299124479293823,0.007322145259286475
layer4.1.conv2,348,0.8603997826576233,0.006774801438249003
layer4.1.conv2,349,2.460946559906006,0.019377531967763827
layer4.1.conv2,350,1.5108662843704224,0.011896584916302539
layer4.1.conv2,351,1.0062482357025146,0.007923214454350508
layer4.1.conv2,352,1.0141087770462036,0.007985108480678769
layer4.1.conv2,353,1.4360395669937134,0.01130739816530483
layer4.1.conv2,354,1.0803285837173462,0.008506524281238947
layer4.1.conv2,355,1.186017394065857,0.009338719638313835
layer4.1.conv2,356,0.8545565009117126,0.006728791345761517
layer4.1.conv2,357,1.108840823173523,0.008731030103728527
layer4.1.conv2,358,2.4322006702423096,0.019151186379860706
layer4.1.conv2,359,1.0198605060577393,0.00803039768549401
layer4.1.conv2,360,0.9241474866867065,0.007276751863674854
layer4.1.conv2,361,1.346483826637268,0.01060223485541156
layer4.1.conv2,362,2.3885128498077393,0.018807187793761726
layer4.1.conv2,363,1.0326329469680786,0.008130968086362824
layer4.1.conv2,364,0.9555776119232178,0.007524233164749746
layer4.1.conv2,365,1.0959826707839966,0.008629784809322808
layer4.1.conv2,366,1.0756301879882812,0.008469529039277805
layer4.1.conv2,367,1.1303871870040894,0.008900686511843224
layer4.1.conv2,368,1.1458226442337036,0.009022225545147273
layer4.1.conv2,369,1.3962773084640503,0.010994309515464963
layer4.1.conv2,370,2.1562023162841797,0.01697797099436362
layer4.1.conv2,371,1.792460560798645,0.014113862683453897
layer4.1.conv2,372,1.2776092290878296,0.010059915189667949
layer4.1.conv2,373,1.1530983448028564,0.009079514526006744
layer4.1.conv2,374,0.9853269457817078,0.007758479888044943
layer4.1.conv2,375,1.3111679553985596,0.010324157129122517
layer4.1.conv2,376,0.9457424879074097,0.007446791243365431
layer4.1.conv2,377,0.9775190353393555,0.007697000278262641
layer4.1.conv2,378,1.0345388650894165,0.008145975315664697
layer4.1.conv2,379,2.4816060066223145,0.019540204776553657
layer4.1.conv2,380,1.166711449623108,0.009186704327741007
layer4.1.conv2,381,0.77598637342453,0.006110128924602599
layer4.1.conv2,382,1.1799516677856445,0.009290958014060192
layer4.1.conv2,383,1.297600269317627,0.010217324955256905
layer4.1.conv2,384,0.9604189991950989,0.007562354324370858
layer4.1.conv2,385,1.1763378381729126,0.00926250266277884
layer4.1.conv2,386,0.9566431045532227,0.007532622870497816
layer4.1.conv2,387,2.634305715560913,0.020742564689456008
layer4.1.conv2,388,1.0663955211639404,0.008396815127275121
layer4.1.conv2,389,1.0794203281402588,0.008499372662521723
layer4.1.conv2,390,1.6164112091064453,0.012727647315798781
layer4.1.conv2,391,1.1789294481277466,0.009282909040375957
layer4.1.conv2,392,1.2139716148376465,0.009558831612894855
layer4.1.conv2,393,2.0888309478759766,0.016447487778550998
layer4.1.conv2,394,1.077210545539856,0.008481972799526425
layer4.1.conv2,395,1.0598849058151245,0.00834555043948917
layer4.1.conv2,396,0.8373130559921265,0.006593016188914382
layer4.1.conv2,397,0.8644884824752808,0.006806995925002211
layer4.1.conv2,398,2.383517265319824,0.01876785248283326
layer4.1.conv2,399,1.1757503747940063,0.009257876966881939
layer4.1.conv2,400,1.0410104990005493,0.008196933062996452
layer4.1.conv2,401,1.1295918226242065,0.008894423800190603
layer4.1.conv2,402,1.3789201974868774,0.010857639350290374
layer4.1.conv2,403,0.9159470200538635,0.007212181260266642
layer4.1.conv2,404,1.089752197265625,0.008580725962721457
layer4.1.conv2,405,1.0920237302780151,0.00859861204943319
layer4.1.conv2,406,1.0539294481277466,0.00829865707187202
layer4.1.conv2,407,1.8942736387252808,0.014915540462403785
layer4.1.conv2,408,0.9673947691917419,0.007617281647179071
layer4.1.conv2,409,0.9015024900436401,0.007098444803493229
layer4.1.conv2,410,1.3803292512893677,0.010868734262121005
layer4.1.conv2,411,1.7637770175933838,0.013888008012546329
layer4.1.conv2,412,1.393412470817566,0.01097175173872099
layer4.1.conv2,413,1.2000476121902466,0.009449193796773595
layer4.1.conv2,414,1.4540839195251465,0.011449479681300365
layer4.1.conv2,415,1.867762565612793,0.014706791855218842
layer4.1.conv2,416,1.0880212783813477,0.008567096680168092
layer4.1.conv2,417,1.1728060245513916,0.00923469310670387
layer4.1.conv2,418,0.9953431487083435,0.007837347627624752
layer4.1.conv2,419,1.0538225173950195,0.008297815097598579
layer4.1.conv2,420,1.2395687103271484,0.009760383545883058
layer4.1.conv2,421,1.2635040283203125,0.009948850616695374
layer4.1.conv2,422,1.0785871744155884,0.008492812396973137
layer4.1.conv2,423,1.3670483827590942,0.010764160494166097
layer4.1.conv2,424,1.126234531402588,0.00886798843624085
layer4.1.conv2,425,2.0722107887268066,0.016316620383675644
layer4.1.conv2,426,1.3056581020355225,0.010280772456972618
layer4.1.conv2,427,1.6761820316314697,0.013198283713633619
layer4.1.conv2,428,1.3346890211105347,0.010509362370949092
layer4.1.conv2,429,1.1317486763000488,0.008911406900000385
layer4.1.conv2,430,1.1542460918426514,0.009088551904272846
layer4.1.conv2,431,1.5832264423370361,0.012466349939661702
layer4.1.conv2,432,1.4763885736465454,0.011625106879106657
layer4.1.conv2,433,2.8944473266601562,0.022790923831969734
layer4.1.conv2,434,1.109694004058838,0.008737748063455416
layer4.1.conv2,435,1.2614178657531738,0.00993242413978877
layer4.1.conv2,436,1.5384386777877808,0.012113690376281738
layer4.1.conv2,437,0.9176204800605774,0.007225358110713208
layer4.1.conv2,438,1.0636413097381592,0.008375128423135111
layer4.1.conv2,439,0.9118598699569702,0.007179998976039136
layer4.1.conv2,440,1.1744885444641113,0.009247941294993003
layer4.1.conv2,441,1.4913960695266724,0.011743276138005293
layer4.1.conv2,442,1.4812405109405518,0.011663311109768124
layer4.1.conv2,443,0.9074109792709351,0.007144968340716024
layer4.1.conv2,444,0.9792433381080627,0.007710577465417817
layer4.1.conv2,445,1.342725396156311,0.010572640914616621
layer4.1.conv2,446,1.2090463638305664,0.009520050108902098
layer4.1.conv2,447,1.0721670389175415,0.00844226014895702
layer4.1.conv2,448,1.3951146602630615,0.010985154805220956
layer4.1.conv2,449,1.0062085390090942,0.007922901881961372
layer4.1.conv2,450,1.0801702737808228,0.008505277746305691
layer4.1.conv2,451,1.3985815048217773,0.011012452793872262
layer4.1.conv2,452,1.0299614667892456,0.008109932809364138
layer4.1.conv2,453,1.0981699228286743,0.008647007266367515
layer4.1.conv2,454,1.1901514530181885,0.009371271283607784
layer4.1.conv2,455,1.3846358060836792,0.010902644142391175
layer4.1.conv2,456,1.0859653949737549,0.008550908621840589
layer4.1.conv2,457,1.2917619943618774,0.010171354286313996
layer4.1.conv2,458,1.3204035758972168,0.010396878550371786
layer4.1.conv2,459,1.259869933128357,0.00992023569392407
layer4.1.conv2,460,0.8953179717063904,0.007049747808711735
layer4.1.conv2,461,2.3179500102996826,0.01825157488424947
layer4.1.conv2,462,1.0330437421798706,0.00813420269432969
layer4.1.conv2,463,1.8283801078796387,0.0143966937628318
layer4.1.conv2,464,1.0778802633285522,0.008487246167941356
layer4.1.conv2,465,1.0310966968536377,0.0081188716287688
layer4.1.conv2,466,1.0764118432998657,0.008475683805510753
layer4.1.conv2,467,1.133790373802185,0.008927483258284921
layer4.1.conv2,468,2.185143232345581,0.01720585222319355
layer4.1.conv2,469,1.6675763130187988,0.013130522149754322
layer4.1.conv2,470,1.2518420219421387,0.009857023794819989
layer4.1.conv2,471,1.088565468788147,0.008571381644001157
layer4.1.conv2,472,2.7254552841186523,0.021460277827705924
layer4.1.conv2,473,1.5119024515151978,0.011904743712718092
layer4.1.conv2,474,1.045615315437317,0.008233191460136353
layer4.1.conv2,475,1.3708006143569946,0.010793705624858225
layer4.1.conv2,476,1.3520464897155762,0.010646035352091151
layer4.1.conv2,477,1.0126641988754272,0.007973733849412813
layer4.1.conv2,478,1.404862642288208,0.011061910569198488
layer4.1.conv2,479,0.9825410842895508,0.007736543970783864
layer4.1.conv2,480,0.8585721850395203,0.006760410905822994
layer4.1.conv2,481,1.4106546640396118,0.011107517039681982
layer4.1.conv2,482,0.8331590294837952,0.00656030731877004
layer4.1.conv2,483,1.470912218093872,0.011581985969243086
layer4.1.conv2,484,1.174530029296875,0.009248267947219488
layer4.1.conv2,485,1.3092776536941528,0.010309272863733487
layer4.1.conv2,486,1.058618426322937,0.008335578160023126
layer4.1.conv2,487,1.0929220914840698,0.008605685759717084
layer4.1.conv2,488,1.5004264116287231,0.011814381193926953
layer4.1.conv2,489,0.9472640752792358,0.007458772246293196
layer4.1.conv2,490,1.3595001697540283,0.01070472574609471
layer4.1.conv2,491,1.4327237606048584,0.011281289453581563
layer4.1.conv2,492,1.3337810039520264,0.010502212629543515
layer4.1.conv2,493,1.1983369588851929,0.00943572408571018
layer4.1.conv2,494,0.9899479746818542,0.007794865942376805
layer4.1.conv2,495,1.3782844543457031,0.010852633498785064
layer4.1.conv2,496,1.0779792070388794,0.00848802525227464
layer4.1.conv2,497,0.9293792247772217,0.0073179466517891475
layer4.1.conv2,498,1.1068084239959717,0.008715026960598202
layer4.1.conv2,499,1.5997231006622314,0.012596244887104185
layer4.1.conv2,500,1.1546021699905396,0.009091355669216847
layer4.1.conv2,501,0.8335402607917786,0.0065633091400927445
layer4.1.conv2,502,1.1403857469558716,0.008979415330361194
layer4.1.conv2,503,1.2627729177474976,0.009943093840531476
layer4.1.conv2,504,1.0103400945663452,0.007955433815483033
layer4.1.conv2,505,0.9485674500465393,0.00746903503973653
layer4.1.conv2,506,1.1242679357528687,0.00885250343112495
layer4.1.conv2,507,1.0283786058425903,0.008097469337343231
layer4.1.conv2,508,1.1813981533050537,0.00930234766381932
layer4.1.conv2,509,1.2305231094360352,0.009689158342016025
layer4.1.conv2,510,2.567772388458252,0.020218680224080725
layer4.1.conv2,511,1.665126085281372,0.01311122901796356
