source,record_index,M,N,DW,WW,MULT_DW,ADDER_PARAM,ROUN_WIDTH,NIBBLE_WIDTH,VBL,multiplier,adder,passes_numeric_rule,adder_branch_matches
beta_train_all.json,1,8,8,32,32,3,16,1,4,16,DRUM_APTPU,APPROX5,true,true
beta_train_all.json,2,8,8,32,16,5,16,1,4,16,DRUM_APTPU,APPROX5,true,true
beta_train_all.json,3,16,16,32,5,6,16,1,4,16,DRUM_APTPU,LZTA,false,true
beta_train_all.json,4,4,4,8,7,3,16,1,4,16,DRUM_APTPU,APPROX5,true,true
beta_train_all.json,5,4,4,8,16,10,16,1,4,16,DRUM_APTPU,LOAWA,false,true
beta_train_all.json,6,32,32,8,16,10,16,1,4,16,DRUM_APTPU,HERLOA,false,true
beta_train_all.json,7,6,6,8,3,10,16,1,4,16,BAM,HOERAA,false,true
beta_train_all.json,8,16,16,32,16,12,16,1,4,16,DRUM_APTPU,SETA,true,true
beta_train_all.json,9,8,8,32,7,4,16,1,4,16,DRUM_APTPU,HOAANED,true,true
beta_train_all.json,10,8,8,32,8,10,16,1,4,16,BAM,OLOCA4,false,false
beta_train_all.json,11,8,8,8,16,3,16,1,4,16,DRUM_APTPU,LOAWA,true,true
beta_train_all.json,12,16,16,16,5,12,16,1,4,16,DRUM_APTPU,LZTA,false,true
beta_train_all.json,13,32,32,16,5,3,16,1,4,16,DRUM_APTPU,MHEAA,true,true
beta_train_all.json,14,16,16,8,3,4,16,1,4,16,DRUM_APTPU,HOERAA,false,true
beta_train_all.json,15,4,4,16,7,2,16,1,4,16,BAM,MHEAA,true,true
beta_train_all.json,16,8,8,16,16,5,16,1,4,16,DRUM_APTPU,HEAA,true,true
beta_train_all.json,17,4,4,16,3,8,16,1,4,16,UDM,SETA,false,true
beta_train_all.json,18,6,6,32,5,4,16,1,4,16,BAM,LOA,true,true
beta_train_all.json,19,32,32,16,32,4,16,1,4,16,DRUM_APTPU,MHEAA,true,true
beta_train_all.json,20,16,16,32,32,12,16,1,4,16,DRUM_APTPU,OLOCA4,true,false
beta_train_all.json,21,8,8,32,16,3,16,1,4,16,BAM,HERLOA,true,true
beta_train_all.json,22,16,16,16,32,10,16,1,4,16,DRUM_APTPU,LZTA,true,true
beta_train_all.json,23,6,6,8,7,12,16,1,4,16,DRUM_APTPU,LOA,false,true
beta_train_all.json,24,8,8,8,7,8,16,1,4,16,DRUM_APTPU,LOA,false,true
beta_train_all.json,25,4,4,8,16,8,16,1,4,16,BAM,HEAA,true,true
beta_train_all.json,26,4,4,8,3,5,16,1,4,16,BAM,HERLOA,false,true
beta_train_all.json,27,4,4,8,5,6,16,1,4,16,DRUM_APTPU,MHEAA,false,true
beta_train_all.json,28,4,4,32,7,6,16,1,4,16,BAM,HOAANED,true,true
beta_train_all.json,29,4,4,8,4,6,16,1,4,16,UDM,HERLOA,false,true
beta_train_all.json,30,6,6,8,6,2,16,1,4,16,DRUM_APTPU,APPROX5,true,true
beta_train_all.json,31,6,6,8,8,12,16,1,4,16,DRUM_APTPU,MHERLOA,false,true
beta_train_all.json,32,16,16,8,3,10,16,1,4,16,DRUM_APTPU,LZTA,false,true
beta_train_all.json,33,4,4,16,5,10,16,1,4,16,BAM,SETA,false,true
beta_train_all.json,34,6,6,16,6,2,16,1,4,16,DRUM_APTPU,LOAWA,true,true
beta_train_all.json,35,32,32,8,32,8,16,1,4,16,DRUM_APTPU,LOAWA,true,true
beta_train_all.json,36,4,4,8,5,3,16,1,4,16,UDM,MHERLOA,true,true
beta_train_all.json,37,6,6,8,3,2,16,1,4,16,BAM,MHEAA,true,true
beta_train_all.json,38,8,8,32,16,10,16,1,4,16,DRUM_APTPU,SETA,true,true
beta_train_all.json,39,8,8,16,32,3,16,1,4,16,DRUM_APTPU,OLOCA4,true,false
beta_train_all.json,40,4,4,8,8,5,16,1,4,16,DRUM_APTPU,LZTA,true,true
beta_train_all.json,41,8,8,8,8,2,16,1,4,16,DRUM_APTPU,HEAA,true,true
beta_train_all.json,42,6,6,16,7,12,16,1,4,16,DRUM_APTPU,HERLOA,false,true
beta_train_all.json,43,6,6,16,4,8,16,1,4,16,DRUM_APTPU,MHEAA,false,true
beta_train_all.json,44,4,4,8,4,12,16,1,4,16,UDM,LZTA,false,true
beta_train_all.json,45,6,6,16,8,3,16,1,4,16,BAM,HERLOA,true,true
beta_train_all.json,46,32,32,16,32,10,16,1,4,16,DRUM_APTPU,SETA,true,true
beta_train_all.json,47,8,8,8,6,6,16,1,4,16,DRUM_APTPU,SETA,true,true
beta_train_all.json,48,6,6,16,5,6,16,1,4,16,BAM,LZTA,false,true
beta_train_all.json,49,4,4,8,6,12,16,1,4,16,UDM,OLOCA4,false,false
beta_train_all.json,50,8,8,32,6,6,16,1,4,16,DRUM_APTPU,LZTA,true,true
beta_train_all.json,51,4,4,32,6,10,16,1,4,16,BAM,HERLOA,false,true
beta_train_all.json,52,16,16,32,16,8,16,1,4,16,DRUM_APTPU,SETA,true,true
beta_train_all.json,53,6,6,8,4,8,16,1,4,16,BAM,HOERAA,false,true
beta_train_all.json,54,8,8,16,16,4,16,1,4,16,DRUM_APTPU,HEAA,true,true
beta_train_all.json,55,4,4,32,5,10,16,1,4,16,BAM,LOAWA,false,true
beta_train_all.json,56,8,8,32,6,8,16,1,4,16,BAM,HERLOA,false,true
beta_train_all.json,57,4,4,16,7,12,16,1,4,16,BAM,LZTA,false,true
beta_train_all.json,58,6,6,8,16,12,16,1,4,16,BAM,LOAWA,false,true
beta_train_all.json,59,6,6,32,5,3,16,1,4,16,DRUM_APTPU,LZTA,true,true
beta_train_all.json,60,4,4,8,3,5,16,1,4,16,BAM,HOERAA,false,true
beta_train_all.json,61,16,16,16,16,4,16,1,4,16,DRUM_APTPU,HERLOA,true,true
beta_train_all.json,62,6,6,8,6,3,16,1,4,16,BAM,LOA,true,true
beta_train_all.json,63,8,8,8,5,12,16,1,4,16,BAM,OLOCA4,false,false
beta_train_all.json,64,4,4,32,3,4,16,1,4,16,BAM,SETA,false,true
beta_train_all.json,65,8,8,32,5,8,16,1,4,16,DRUM_APTPU,HOAANED,false,true
beta_train_all.json,66,16,16,8,5,12,16,1,4,16,DRUM_APTPU,LOAWA,false,true
beta_train_all.json,67,8,8,16,16,3,16,1,4,16,DRUM_APTPU,LOAWA,true,true
beta_train_all.json,68,6,6,16,6,2,16,1,4,16,BAM,SETA,true,true
beta_train_all.json,69,4,4,16,6,3,16,1,4,16,DRUM_APTPU,LZTA,true,true
beta_train_all.json,70,16,16,32,16,5,16,1,4,16,DRUM_APTPU,OLOCA4,true,false
beta_train_all.json,71,4,4,8,8,10,16,1,4,16,UDM,OLOCA4,false,false
beta_train_all.json,72,4,4,8,5,10,16,1,4,16,DRUM_APTPU,HOERAA,false,true
beta_train_all.json,73,4,4,16,5,2,16,1,4,16,BAM,LOAWA,true,true
beta_train_all.json,74,16,16,16,8,10,16,1,4,16,DRUM_APTPU,LOAWA,false,true
beta_train_all.json,75,4,4,8,4,8,16,1,4,16,BAM,HOAANED,false,true
beta_train_all.json,76,4,4,16,5,3,16,1,4,16,UDM,OLOCA4,true,false
beta_train_all.json,77,6,6,32,5,10,16,1,4,16,DRUM_APTPU,HOAANED,false,true
beta_train_all.json,78,4,4,16,32,4,16,1,4,16,DRUM_APTPU,SETA,true,true
beta_train_all.json,79,4,4,8,8,10,16,1,4,16,DRUM_APTPU,APPROX5,false,true
beta_train_all.json,80,8,8,16,8,6,16,1,4,16,BAM,SETA,true,true
beta_train_all.json,81,8,8,8,8,3,16,1,4,16,DRUM_APTPU,SETA,true,true
beta_train_all.json,82,6,6,32,4,3,16,1,4,16,BAM,LOAWA,true,true
beta_train_all.json,83,6,6,16,4,6,16,1,4,16,DRUM_APTPU,LOA,false,true
beta_train_all.json,84,4,4,8,6,12,16,1,4,16,UDM,MHERLOA,false,true
beta_train_all.json,85,4,4,8,6,5,16,1,4,16,BAM,HERLOA,true,true
beta_train_all.json,86,8,8,8,6,10,16,1,4,16,DRUM_APTPU,MHERLOA,false,true
beta_train_all.json,87,4,4,16,32,12,16,1,4,16,BAM,MHERLOA,true,true
beta_train_all.json,88,6,6,32,3,5,16,1,4,16,DRUM_APTPU,LOA,false,true
beta_train_all.json,89,16,16,8,5,6,16,1,4,16,DRUM_APTPU,SETA,false,true
beta_train_all.json,90,6,6,32,8,12,16,1,4,16,BAM,OLOCA4,false,false
beta_train_all.json,91,6,6,16,16,12,16,1,4,16,DRUM_APTPU,APPROX5,true,true
beta_train_all.json,92,32,32,8,5,12,16,1,4,16,DRUM_APTPU,MHERLOA,false,true
beta_train_all.json,93,4,4,16,6,4,16,1,4,16,UDM,MHEAA,true,true
beta_train_all.json,94,4,4,16,6,5,16,1,4,16,BAM,SETA,true,true
beta_train_all.json,95,4,4,16,5,6,16,1,4,16,UDM,OLOCA4,false,false
beta_train_all.json,96,4,4,8,32,5,16,1,4,16,DRUM_APTPU,LZTA,true,true
beta_train_all.json,97,4,4,16,3,4,16,1,4,16,BAM,HOERAA,false,true
beta_train_all.json,98,4,4,16,3,6,16,1,4,16,UDM,HERLOA,false,true
beta_train_all.json,99,4,4,32,16,12,16,1,4,16,DRUM_APTPU,MHERLOA,true,true
beta_train_all.json,100,32,32,32,16,12,16,1,4,16,DRUM_APTPU,MHEAA,true,true
beta_train_all.json,101,8,8,32,32,3,16,1,4,16,DRUM_APTPU,HERLOA,true,true
beta_train_all.json,102,4,4,16,32,2,16,1,4,16,DRUM_APTPU,OLOCA4,true,false
beta_train_all.json,103,4,4,16,7,8,16,1,4,16,DRUM_APTPU,HERLOA,false,true
beta_train_all.json,104,8,8,32,8,4,16,1,4,16,DRUM_APTPU,HEAA,true,true
beta_train_all.json,105,6,6,16,7,8,16,1,4,16,DRUM_APTPU,HOAANED,false,true
beta_train_all.json,106,6,6,16,5,5,16,1,4,16,BAM,SETA,true,true
beta_train_all.json,107,8,8,8,8,6,16,1,4,16,BAM,OLOCA4,true,false
beta_train_all.json,108,32,32,16,6,8,16,1,4,16,DRUM_APTPU,OLOCA4,false,false
beta_train_all.json,109,8,8,32,3,8,16,1,4,16,DRUM_APTPU,HOERAA,false,true
beta_train_all.json,110,4,4,8,6,10,16,1,4,16,BAM,OLOCA4,false,false
beta_train_all.json,111,8,8,16,6,8,16,1,4,16,DRUM_APTPU,LOA,false,true
beta_train_all.json,112,4,4,8,16,10,16,1,4,16,UDM,LZTA,false,true
beta_train_all.json,113,8,8,8,7,6,16,1,4,16,BAM,HERLOA,true,true
beta_train_all.json,114,4,4,8,16,12,16,1,4,16,BAM,LZTA,false,true
beta_train_all.json,115,32,32,32,7,2,16,1,4,16,DRUM_APTPU,LZTA,true,true
beta_train_all.json,116,4,4,16,6,2,16,1,4,16,BAM,HEAA,true,true
beta_train_all.json,117,4,4,16,7,6,16,1,4,16,DRUM_APTPU,APPROX5,true,true
beta_train_all.json,118,16,16,8,5,3,16,1,4,16,DRUM_APTPU,LOA,true,true
beta_train_all.json,119,4,4,16,7,10,16,1,4,16,BAM,LOA,false,true
beta_train_all.json,120,4,4,16,6,8,16,1,4,16,UDM,MHEAA,false,true
beta_train_all.json,121,4,4,16,32,12,16,1,4,16,UDM,MHERLOA,true,true
beta_train_all.json,122,6,6,32,6,2,16,1,4,16,DRUM_APTPU,MHEAA,true,true
beta_train_all.json,123,8,8,16,5,12,16,1,4,16,DRUM_APTPU,MHEAA,false,true
beta_train_all.json,124,6,6,16,5,3,16,1,4,16,DRUM_APTPU,HERLOA,true,true
beta_train_all.json,125,6,6,16,8,8,16,1,4,16,BAM,OLOCA4,true,false
beta_train_all.json,126,6,6,8,4,10,16,1,4,16,BAM,LZTA,false,true
beta_train_all.json,127,4,4,8,7,8,16,1,4,16,UDM,SETA,false,true
beta_train_all.json,128,4,4,8,3,3,16,1,4,16,BAM,HOAANED,true,true
beta_train_all.json,129,4,4,32,7,6,16,1,4,16,UDM,MHERLOA,true,true
beta_train_all.json,130,4,4,32,5,2,16,1,4,16,BAM,LOAWA,true,true
beta_train_all.json,131,32,32,8,5,2,16,1,4,16,DRUM_APTPU,LOAWA,true,true
beta_train_all.json,132,4,4,32,16,12,16,1,4,16,UDM,SETA,true,true
beta_train_all.json,133,4,4,8,32,8,16,1,4,16,BAM,OLOCA4,true,false
beta_train_all.json,134,4,4,16,5,8,16,1,4,16,DRUM_APTPU,HOERAA,false,true
beta_train_all.json,135,4,4,16,5,6,16,1,4,16,DRUM_APTPU,OLOCA4,false,false
beta_train_all.json,136,4,4,32,5,4,16,1,4,16,UDM,HERLOA,true,true
beta_train_all.json,137,32,32,32,5,12,16,1,4,16,DRUM_APTPU,MHERLOA,false,true
beta_train_all.json,138,4,4,32,6,5,16,1,4,16,UDM,SETA,true,true
beta_train_all.json,139,6,6,32,5,2,16,1,4,16,DRUM_APTPU,HERLOA,true,true
beta_train_all.json,140,8,8,16,7,2,16,1,4,16,DRUM_APTPU,LZTA,true,true
beta_train_all.json,141,6,6,16,7,2,16,1,4,16,BAM,LOAWA,true,true
beta_train_all.json,142,8,8,32,7,8,16,1,4,16,DRUM_APTPU,LZTA,false,true
beta_train_all.json,143,16,16,16,5,12,16,1,4,16,DRUM_APTPU,LOAWA,false,true
beta_train_all.json,144,4,4,8,7,3,16,1,4,16,UDM,LZTA,true,true
beta_train_all.json,145,16,16,8,5,8,16,1,4,16,DRUM_APTPU,HOERAA,false,true
beta_train_all.json,146,8,8,32,32,2,16,1,4,16,BAM,HERLOA,true,true
beta_train_all.json,147,4,4,32,8,3,16,1,4,16,BAM,HERLOA,true,true
beta_train_all.json,148,32,32,32,16,3,16,1,4,16,DRUM_APTPU,OLOCA4,true,false
beta_train_all.json,149,4,4,16,8,2,16,1,4,16,BAM,HOAANED,true,true
beta_train_all.json,150,6,6,16,16,3,16,1,4,16,BAM,HERLOA,true,true
beta_train_all.json,151,6,6,32,3,3,16,1,4,16,DRUM_APTPU,OLOCA4,true,false
beta_train_all.json,152,4,4,8,16,8,16,1,4,16,BAM,HERLOA,true,true
beta_train_all.json,153,8,8,8,3,6,16,1,4,16,DRUM_APTPU,LZTA,false,true
beta_train_all.json,154,8,8,16,8,6,16,1,4,16,DRUM_APTPU,HEAA,true,true
beta_train_all.json,155,4,4,16,8,12,16,1,4,16,BAM,SETA,false,true
beta_train_all.json,156,4,4,32,16,6,16,1,4,16,DRUM_APTPU,LOAWA,true,true
beta_train_all.json,157,4,4,32,32,6,16,1,4,16,BAM,MHERLOA,true,true
beta_train_all.json,158,8,8,32,7,3,16,1,4,16,DRUM_APTPU,HOERAA,true,true
beta_train_all.json,159,4,4,32,8,5,16,1,4,16,DRUM_APTPU,LOA,true,true
beta_train_all.json,160,4,4,32,5,4,16,1,4,16,BAM,APPROX5,true,true
beta_train_all.json,161,4,4,16,8,8,16,1,4,16,DRUM_APTPU,MHEAA,true,true
beta_train_all.json,162,6,6,32,4,2,16,1,4,16,BAM,MHERLOA,true,true
beta_train_all.json,163,4,4,16,16,12,16,1,4,16,DRUM_APTPU,LZTA,true,true
beta_train_all.json,164,6,6,8,3,5,16,1,4,16,DRUM_APTPU,HOERAA,false,true
beta_train_all.json,165,6,6,32,5,4,16,1,4,16,BAM,LOAWA,true,true
beta_train_all.json,166,4,4,32,6,4,16,1,4,16,DRUM_APTPU,SETA,true,true
beta_train_all.json,167,32,32,16,6,5,16,1,4,16,DRUM_APTPU,MHERLOA,true,true
beta_train_all.json,168,32,32,32,5,8,16,1,4,16,DRUM_APTPU,MHEAA,false,true
beta_train_all.json,169,6,6,16,5,3,16,1,4,16,DRUM_APTPU,HOAANED,true,true
beta_train_all.json,170,6,6,16,3,8,16,1,4,16,BAM,MHEAA,false,true
beta_train_all.json,171,4,4,8,3,3,16,1,4,16,DRUM_APTPU,HERLOA,true,true
beta_train_all.json,172,6,6,16,8,2,16,1,4,16,DRUM_APTPU,HOERAA,true,true
beta_train_all.json,173,32,32,8,3,10,16,1,4,16,DRUM_APTPU,HERLOA,false,true
beta_train_all.json,174,4,4,8,5,4,16,1,4,16,BAM,MHEAA,true,true
beta_train_all.json,175,4,4,8,6,12,16,1,4,16,DRUM_APTPU,HOAANED,false,true
beta_train_all.json,176,4,4,16,3,2,16,1,4,16,BAM,OLOCA4,true,false
beta_train_all.json,177,6,6,8,16,4,16,1,4,16,BAM,LOA,true,true
beta_train_all.json,178,6,6,8,8,12,16,1,4,16,DRUM_APTPU,OLOCA4,false,false
beta_train_all.json,179,8,8,32,7,10,16,1,4,16,DRUM_APTPU,SETA,false,true
beta_train_all.json,180,32,32,16,6,5,16,1,4,16,DRUM_APTPU,HERLOA,true,true
beta_train_all.json,181,4,4,32,32,4,16,1,4,16,DRUM_APTPU,HEAA,true,true
beta_train_all.json,182,16,16,16,4,2,16,1,4,16,DRUM_APTPU,LZTA,true,true
beta_train_all.json,183,6,6,16,4,12,16,1,4,16,BAM,LZTA,false,true
beta_train_all.json,184,4,4,32,32,2,16,1,4,16,BAM,SETA,true,true
beta_train_all.json,185,16,16,8,6,2,16,1,4,16,DRUM_APTPU,LOAWA,true,true
beta_train_all.json,186,6,6,16,5,8,16,1,4,16,DRUM_APTPU,LOA,false,true
beta_train_all.json,187,8,8,8,5,8,16,1,4,16,DRUM_APTPU,OLOCA4,false,false
beta_train_all.json,188,6,6,8,7,5,16,1,4,16,DRUM_APTPU,HERLOA,true,true
beta_train_all.json,189,6,6,16,3,5,16,1,4,16,DRUM_APTPU,HOERAA,false,true
beta_train_all.json,190,4,4,8,32,10,16,1,4,16,DRUM_APTPU,MHERLOA,false,true
beta_train_all.json,191,6,6,16,4,3,16,1,4,16,BAM,LOAWA,true,true
beta_train_all.json,192,6,6,32,3,6,16,1,4,16,DRUM_APTPU,MHERLOA,false,true
beta_train_all.json,193,4,4,8,4,6,16,1,4,16,BAM,HOAANED,false,true
beta_train_all.json,194,4,4,32,3,4,16,1,4,16,UDM,OLOCA4,false,false
beta_train_all.json,195,6,6,8,6,3,16,1,4,16,DRUM_APTPU,LOAWA,true,true
beta_train_all.json,196,6,6,8,6,2,16,1,4,16,DRUM_APTPU,HOAANED,true,true
beta_train_all.json,197,4,4,16,5,2,16,1,4,16,DRUM_APTPU,APPROX5,true,true
beta_train_all.json,198,8,8,32,16,6,16,1,4,16,DRUM_APTPU,MHERLOA,true,true
beta_train_all.json,199,4,4,8,4,3,16,1,4,16,BAM,HOERAA,true,true
beta_train_all.json,200,4,4,8,32,3,16,1,4,16,BAM,HEAA,true,true
beta_train_all.json,201,4,4,16,16,2,16,1,4,16,UDM,OLOCA4,true,false
beta_train_all.json,202,4,4,8,6,8,16,1,4,16,DRUM_APTPU,APPROX5,false,true
beta_train_all.json,203,4,4,16,6,2,16,1,4,16,UDM,OLOCA4,true,false
beta_train_all.json,204,4,4,8,5,8,16,1,4,16,DRUM_APTPU,LOAWA,false,true
beta_train_all.json,205,6,6,16,4,5,16,1,4,16,BAM,SETA,false,true
beta_train_all.json,206,4,4,8,3,5,16,1,4,16,UDM,LZTA,false,true
beta_train_all.json,207,4,4,16,32,10,16,1,4,16,UDM,LZTA,true,true
beta_train_all.json,208,4,4,32,32,5,16,1,4,16,BAM,HOAANED,true,true
beta_train_all.json,209,8,8,8,4,2,16,1,4,16,DRUM_APTPU,LOAWA,true,true
beta_train_all.json,210,8,8,32,8,10,16,1,4,16,BAM,HERLOA,false,true
beta_train_all.json,211,8,8,32,5,10,16,1,4,16,DRUM_APTPU,HOAANED,false,true
beta_train_all.json,212,6,6,8,7,12,16,1,4,16,DRUM_APTPU,APPROX5,false,true
beta_train_all.json,213,8,8,8,5,12,16,1,4,16,DRUM_APTPU,APPROX5,false,true
beta_train_all.json,214,6,6,32,3,10,16,1,4,16,BAM,LZTA,false,true
beta_train_all.json,215,6,6,8,16,10,16,1,4,16,BAM,LOA,false,true
beta_train_all.json,216,6,6,16,8,8,16,1,4,16,BAM,LOAWA,true,true
beta_train_all.json,217,4,4,32,6,12,16,1,4,16,BAM,HOAANED,false,true
beta_train_all.json,218,16,16,8,3,3,16,1,4,16,DRUM_APTPU,HERLOA,true,true
beta_train_all.json,219,4,4,32,5,5,16,1,4,16,BAM,LZTA,true,true
beta_train_all.json,220,6,6,8,32,4,16,1,4,16,DRUM_APTPU,OLOCA4,true,false
beta_train_all.json,221,6,6,8,7,2,16,1,4,16,DRUM_APTPU,MHERLOA,true,true
beta_train_all.json,222,6,6,32,7,5,16,1,4,16,DRUM_APTPU,HERLOA,true,true
beta_train_all.json,223,16,16,8,32,3,16,1,4,16,DRUM_APTPU,LZTA,true,true
beta_train_all.json,224,32,32,8,4,5,16,1,4,16,DRUM_APTPU,MHERLOA,false,true
beta_train_all.json,225,16,16,32,16,5,16,1,4,16,DRUM_APTPU,LOA,true,true
beta_train_all.json,226,6,6,32,3,8,16,1,4,16,BAM,LOA,false,true
beta_train_all.json,227,32,32,8,4,12,16,1,4,16,DRUM_APTPU,LOAWA,false,true
beta_train_all.json,228,8,8,32,8,8,16,1,4,16,DRUM_APTPU,HOERAA,true,true
beta_train_all.json,229,32,32,16,16,10,16,1,4,16,DRUM_APTPU,HERLOA,true,true
beta_train_all.json,230,8,8,16,6,10,16,1,4,16,DRUM_APTPU,MHERLOA,false,true
beta_train_all.json,231,4,4,32,3,12,16,1,4,16,BAM,MHERLOA,false,true
beta_train_all.json,232,16,16,32,16,12,16,1,4,16,DRUM_APTPU,HERLOA,true,true
beta_train_all.json,233,4,4,8,32,5,16,1,4,16,UDM,HERLOA,true,true
beta_train_all.json,234,16,16,32,6,12,16,1,4,16,DRUM_APTPU,OLOCA4,false,false
beta_train_all.json,235,32,32,8,3,3,16,1,4,16,DRUM_APTPU,HERLOA,true,true
beta_train_all.json,236,16,16,32,7,10,16,1,4,16,DRUM_APTPU,LOAWA,false,true
beta_train_all.json,237,8,8,16,7,8,16,1,4,16,DRUM_APTPU,HERLOA,false,true
beta_train_all.json,238,16,16,16,3,5,16,1,4,16,DRUM_APTPU,LOA,false,true
beta_train_all.json,239,16,16,8,6,5,16,1,4,16,DRUM_APTPU,MHERLOA,true,true
beta_train_all.json,240,16,16,8,8,8,16,1,4,16,DRUM_APTPU,SETA,true,true
beta_train_all.json,241,8,8,32,7,5,16,1,4,16,DRUM_APTPU,HOERAA,true,true
beta_train_all.json,242,32,32,8,7,12,16,1,4,16,DRUM_APTPU,MHERLOA,false,true
beta_train_all.json,243,16,16,8,32,5,16,1,4,16,DRUM_APTPU,MHEAA,true,true
beta_train_all.json,244,4,4,16,8,6,16,1,4,16,UDM,SETA,true,true
beta_train_all.json,245,4,4,16,6,5,16,1,4,16,BAM,HEAA,true,true
beta_train_all.json,246,6,6,16,16,2,16,1,4,16,DRUM_APTPU,OLOCA4,true,false
beta_train_all.json,247,4,4,8,5,5,16,1,4,16,UDM,MHERLOA,true,true
beta_train_all.json,248,6,6,8,8,4,16,1,4,16,BAM,MHERLOA,true,true
beta_train_all.json,249,16,16,16,16,3,16,1,4,16,DRUM_APTPU,MHEAA,true,true
beta_train_all.json,250,4,4,32,8,3,16,1,4,16,DRUM_APTPU,OLOCA4,true,false
beta_train_all.json,251,6,6,32,5,10,16,1,4,16,DRUM_APTPU,MHERLOA,false,true
beta_train_all.json,252,4,4,32,16,5,16,1,4,16,BAM,MHERLOA,true,true
beta_train_all.json,253,8,8,32,8,5,16,1,4,16,DRUM_APTPU,HOERAA,true,true
beta_train_all.json,254,16,16,8,16,3,16,1,4,16,DRUM_APTPU,LZTA,true,true
beta_train_all.json,255,4,4,32,8,2,16,1,4,16,DRUM_APTPU,HEAA,true,true
beta_train_all.json,256,6,6,32,4,8,16,1,4,16,DRUM_APTPU,LOA,false,true
beta_train_all.json,257,4,4,16,3,2,16,1,4,16,BAM,APPROX5,true,true
beta_train_all.json,258,8,8,8,4,3,16,1,4,16,BAM,SETA,true,true
beta_train_all.json,259,6,6,8,32,10,16,1,4,16,BAM,LOAWA,false,true
beta_train_all.json,260,6,6,32,6,10,16,1,4,16,BAM,MHERLOA,false,true
beta_train_all.json,261,8,8,32,8,12,16,1,4,16,DRUM_APTPU,LZTA,false,true
beta_train_all.json,262,8,8,32,8,5,16,1,4,16,DRUM_APTPU,HOAANED,true,true
beta_train_all.json,263,4,4,32,4,4,16,1,4,16,UDM,MHEAA,true,true
beta_train_all.json,264,4,4,8,4,4,16,1,4,16,UDM,MHEAA,true,true
beta_train_all.json,265,16,16,32,5,3,16,1,4,16,DRUM_APTPU,LOAWA,true,true
beta_train_all.json,266,8,8,8,6,8,16,1,4,16,BAM,OLOCA4,false,false
beta_train_all.json,267,8,8,16,8,12,16,1,4,16,BAM,OLOCA4,false,false
beta_train_all.json,268,4,4,8,8,10,16,1,4,16,BAM,SETA,false,true
beta_train_all.json,269,4,4,8,5,12,16,1,4,16,BAM,MHEAA,false,true
beta_train_all.json,270,32,32,8,8,12,16,1,4,16,DRUM_APTPU,MHERLOA,false,true
beta_train_all.json,271,8,8,32,32,6,16,1,4,16,BAM,OLOCA4,true,false
beta_train_all.json,272,4,4,16,3,3,16,1,4,16,DRUM_APTPU,APPROX5,true,true
beta_train_all.json,273,32,32,16,32,3,16,1,4,16,DRUM_APTPU,HERLOA,true,true
beta_train_all.json,274,4,4,8,6,5,16,1,4,16,BAM,MHEAA,true,true
beta_train_all.json,275,16,16,32,16,3,16,1,4,16,DRUM_APTPU,HERLOA,true,true
beta_train_all.json,276,32,32,8,8,6,16,1,4,16,DRUM_APTPU,LZTA,true,true
beta_train_all.json,277,32,32,16,7,12,16,1,4,16,DRUM_APTPU,MHEAA,false,true
beta_train_all.json,278,16,16,16,4,2,16,1,4,16,DRUM_APTPU,SETA,true,true
beta_train_all.json,279,8,8,16,32,2,16,1,4,16,BAM,SETA,true,true
beta_train_all.json,280,6,6,32,3,5,16,1,4,16,DRUM_APTPU,LZTA,false,true
beta_train_all.json,281,8,8,8,4,6,16,1,4,16,DRUM_APTPU,HEAA,false,true
beta_train_all.json,282,32,32,16,6,4,16,1,4,16,DRUM_APTPU,MHERLOA,true,true
beta_train_all.json,283,4,4,8,32,6,16,1,4,16,BAM,SETA,true,true
beta_train_all.json,284,6,6,32,4,4,16,1,4,16,DRUM_APTPU,LOA,true,true
beta_train_all.json,285,6,6,8,6,10,16,1,4,16,DRUM_APTPU,LZTA,false,true
beta_train_all.json,286,4,4,32,5,10,16,1,4,16,DRUM_APTPU,APPROX5,false,true
beta_train_all.json,287,4,4,16,5,3,16,1,4,16,BAM,MHEAA,true,true
beta_train_all.json,288,16,16,16,8,4,16,1,4,16,DRUM_APTPU,MHEAA,true,true
beta_train_all.json,289,4,4,32,8,12,16,1,4,16,DRUM_APTPU,HOAANED,false,true
beta_train_all.json,290,32,32,8,7,8,16,1,4,16,DRUM_APTPU,LOAWA,false,true
beta_train_all.json,291,8,8,16,6,12,16,1,4,16,DRUM_APTPU,MHEAA,false,true
beta_train_all.json,292,6,6,32,8,8,16,1,4,16,DRUM_APTPU,LOA,true,true
beta_train_all.json,293,8,8,32,32,12,16,1,4,16,DRUM_APTPU,OLOCA4,true,false
beta_train_all.json,294,8,8,32,16,5,16,1,4,16,DRUM_APTPU,HOAANED,true,true
beta_train_all.json,295,4,4,16,3,10,16,1,4,16,DRUM_APTPU,HOERAA,false,true
beta_train_all.json,296,4,4,8,32,4,16,1,4,16,DRUM_APTPU,APPROX5,true,true
beta_train_all.json,297,4,4,8,4,6,16,1,4,16,DRUM_APTPU,LZTA,false,true
beta_train_all.json,298,16,16,8,4,6,16,1,4,16,DRUM_APTPU,OLOCA4,false,false
beta_train_all.json,299,6,6,8,4,2,16,1,4,16,BAM,MHERLOA,true,true
beta_train_all.json,300,4,4,32,8,6,16,1,4,16,DRUM_APTPU,LOAWA,true,true
beta_train_all.json,301,8,8,8,3,6,16,1,4,16,BAM,MHERLOA,false,true
beta_train_all.json,302,8,8,32,4,3,16,1,4,16,DRUM_APTPU,OLOCA4,true,false
beta_train_all.json,303,16,16,8,32,8,16,1,4,16,DRUM_APTPU,LZTA,true,true
beta_train_all.json,304,4,4,8,16,6,16,1,4,16,BAM,HEAA,true,true
beta_train_all.json,305,8,8,32,3,12,16,1,4,16,DRUM_APTPU,MHERLOA,false,true
beta_train_all.json,306,6,6,8,4,4,16,1,4,16,DRUM_APTPU,MHEAA,true,true
beta_train_all.json,307,4,4,32,32,8,16,1,4,16,BAM,LOA,true,true
beta_train_all.json,308,4,4,8,16,4,16,1,4,16,DRUM_APTPU,MHEAA,true,true
beta_train_all.json,309,6,6,8,8,3,16,1,4,16,BAM,MHEAA,true,true
beta_train_all.json,310,4,4,16,7,8,16,1,4,16,BAM,HOAANED,false,true
beta_train_all.json,311,4,4,16,3,5,16,1,4,16,DRUM_APTPU,HERLOA,false,true
beta_train_all.json,312,4,4,16,6,3,16,1,4,16,BAM,MHEAA,true,true
beta_train_all.json,313,4,4,8,32,3,16,1,4,16,BAM,LOA,true,true
beta_train_all.json,314,6,6,16,5,5,16,1,4,16,BAM,MHEAA,true,true
beta_train_all.json,315,6,6,16,16,4,16,1,4,16,DRUM_APTPU,LZTA,true,true
beta_train_all.json,316,16,16,32,6,6,16,1,4,16,DRUM_APTPU,OLOCA4,true,false
beta_train_all.json,317,32,32,8,3,3,16,1,4,16,DRUM_APTPU,LOAWA,true,true
beta_train_all.json,318,32,32,32,3,2,16,1,4,16,DRUM_APTPU,MHEAA,true,true
beta_train_all.json,319,16,16,8,4,6,16,1,4,16,DRUM_APTPU,HOERAA,false,true
beta_train_all.json,320,4,4,8,6,12,16,1,4,16,BAM,HOAANED,false,true
beta_train_all.json,321,6,6,16,32,12,16,1,4,16,DRUM_APTPU,SETA,true,true
beta_train_all.json,322,4,4,8,16,12,16,1,4,16,DRUM_APTPU,HEAA,false,true
beta_train_all.json,323,32,32,8,32,2,16,1,4,16,DRUM_APTPU,LOAWA,true,true
beta_train_all.json,324,6,6,32,32,2,16,1,4,16,DRUM_APTPU,LZTA,true,true
beta_train_all.json,325,4,4,16,7,8,16,1,4,16,DRUM_APTPU,LOAWA,false,true
beta_train_all.json,326,6,6,32,32,2,16,1,4,16,DRUM_APTPU,HEAA,true,true
beta_train_all.json,327,4,4,16,5,12,16,1,4,16,BAM,SETA,false,true
beta_train_all.json,328,4,4,8,8,12,16,1,4,16,DRUM_APTPU,HOAANED,false,true
beta_train_all.json,329,4,4,8,5,5,16,1,4,16,BAM,APPROX5,true,true
beta_train_all.json,330,4,4,32,16,5,16,1,4,16,DRUM_APTPU,LOAWA,true,true
beta_train_all.json,331,4,4,32,32,5,16,1,4,16,BAM,HEAA,true,true
beta_train_all.json,332,6,6,16,5,5,16,1,4,16,DRUM_APTPU,HEAA,true,true
beta_train_all.json,333,6,6,32,6,4,16,1,4,16,DRUM_APTPU,LZTA,true,true
beta_train_all.json,334,6,6,8,6,10,16,1,4,16,DRUM_APTPU,LOA,false,true
beta_train_all.json,335,4,4,16,8,12,16,1,4,16,UDM,MHERLOA,false,true
beta_train_all.json,336,4,4,32,7,4,16,1,4,16,DRUM_APTPU,APPROX5,true,true
beta_train_all.json,337,32,32,32,8,4,16,1,4,16,DRUM_APTPU,SETA,true,true
beta_train_all.json,338,8,8,8,7,2,16,1,4,16,DRUM_APTPU,HOAANED,true,true
beta_train_all.json,339,8,8,32,8,4,16,1,4,16,DRUM_APTPU,LZTA,true,true
beta_train_all.json,340,4,4,16,8,8,16,1,4,16,BAM,HERLOA,true,true
beta_train_all.json,341,4,4,8,5,3,16,1,4,16,BAM,MHERLOA,true,true
beta_train_all.json,342,6,6,16,8,3,16,1,4,16,DRUM_APTPU,APPROX5,true,true
beta_train_all.json,343,16,16,8,5,5,16,1,4,16,DRUM_APTPU,MHERLOA,true,true
beta_train_all.json,344,6,6,16,5,3,16,1,4,16,BAM,SETA,true,true
beta_train_all.json,345,16,16,32,5,6,16,1,4,16,DRUM_APTPU,LOAWA,false,true
beta_train_all.json,346,16,16,16,32,12,16,1,4,16,DRUM_APTPU,SETA,true,true
beta_train_all.json,347,4,4,32,3,4,16,1,4,16,DRUM_APTPU,HOERAA,false,true
beta_train_all.json,348,4,4,16,5,8,16,1,4,16,UDM,MHEAA,false,true
beta_train_all.json,349,4,4,32,8,3,16,1,4,16,BAM,LOA,true,true
beta_train_all.json,350,4,4,8,7,8,16,1,4,16,DRUM_APTPU,LOA,false,true
beta_train_all.json,351,6,6,8,32,8,16,1,4,16,BAM,LOAWA,true,true
beta_train_all.json,352,6,6,16,16,2,16,1,4,16,DRUM_APTPU,APPROX5,true,true
beta_train_all.json,353,8,8,16,32,8,16,1,4,16,DRUM_APTPU,HOAANED,true,true
beta_train_all.json,354,8,8,8,5,10,16,1,4,16,DRUM_APTPU,MHERLOA,false,true
beta_train_all.json,355,4,4,32,8,12,16,1,4,16,DRUM_APTPU,LOA,false,true
beta_train_all.json,356,4,4,8,5,2,16,1,4,16,BAM,HOERAA,true,true
beta_train_all.json,357,32,32,32,8,5,16,1,4,16,DRUM_APTPU,SETA,true,true
beta_train_all.json,358,4,4,8,4,8,16,1,4,16,BAM,HOERAA,false,true
beta_train_all.json,359,6,6,32,7,12,16,1,4,16,BAM,MHEAA,false,true
beta_train_all.json,360,4,4,8,3,3,16,1,4,16,UDM,MHEAA,true,true
beta_train_all.json,361,8,8,32,7,6,16,1,4,16,DRUM_APTPU,HOAANED,true,true
beta_train_all.json,362,6,6,8,8,4,16,1,4,16,DRUM_APTPU,MHERLOA,true,true
beta_train_all.json,363,4,4,16,4,2,16,1,4,16,DRUM_APTPU,HOAANED,true,true
beta_train_all.json,364,8,8,8,7,5,16,1,4,16,BAM,HERLOA,true,true
beta_train_all.json,365,6,6,32,4,3,16,1,4,16,DRUM_APTPU,MHERLOA,true,true
beta_train_all.json,366,8,8,8,32,2,16,1,4,16,DRUM_APTPU,SETA,true,true
beta_train_all.json,367,8,8,32,32,2,16,1,4,16,DRUM_APTPU,HEAA,true,true
beta_train_all.json,368,6,6,16,6,2,16,1,4,16,BAM,MHERLOA,true,true
beta_train_all.json,369,16,16,32,6,2,16,1,4,16,DRUM_APTPU,HERLOA,true,true
beta_train_all.json,370,4,4,32,8,8,16,1,4,16,DRUM_APTPU,MHEAA,true,true
beta_train_all.json,371,4,4,32,16,12,16,1,4,16,DRUM_APTPU,LOAWA,true,true
beta_train_all.json,372,4,4,8,7,6,16,1,4,16,UDM,MHEAA,true,true
beta_train_all.json,373,4,4,16,7,12,16,1,4,16,BAM,SETA,false,true
beta_train_all.json,374,4,4,8,6,4,16,1,4,16,UDM,LZTA,true,true
beta_train_all.json,375,4,4,8,6,4,16,1,4,16,BAM,APPROX5,true,true
beta_train_all.json,376,6,6,32,7,6,16,1,4,16,DRUM_APTPU,HEAA,true,true
beta_train_all.json,377,6,6,16,3,4,16,1,4,16,BAM,LZTA,false,true
beta_train_all.json,378,8,8,32,6,2,16,1,4,16,DRUM_APTPU,HEAA,true,true
beta_train_all.json,379,16,16,16,6,6,16,1,4,16,DRUM_APTPU,MHEAA,true,true
beta_train_all.json,380,32,32,32,5,8,16,1,4,16,DRUM_APTPU,HERLOA,false,true
beta_train_all.json,381,32,32,8,4,4,16,1,4,16,DRUM_APTPU,MHERLOA,true,true
beta_train_all.json,382,32,32,32,32,8,16,1,4,16,DRUM_APTPU,HERLOA,true,true
beta_train_all.json,383,8,8,32,7,6,16,1,4,16,DRUM_APTPU,HOERAA,true,true
beta_train_all.json,384,32,32,8,3,10,16,1,4,16,DRUM_APTPU,LOAWA,false,true
beta_train_all.json,385,32,32,32,4,12,16,1,4,16,DRUM_APTPU,MHEAA,false,true
beta_train_all.json,386,16,16,16,3,6,16,1,4,16,DRUM_APTPU,SETA,false,true
beta_train_all.json,387,8,8,32,5,12,16,1,4,16,BAM,HERLOA,false,true
beta_train_all.json,388,4,4,8,3,8,16,1,4,16,DRUM_APTPU,OLOCA4,false,false
beta_train_all.json,389,6,6,16,16,3,16,1,4,16,DRUM_APTPU,HOERAA,true,true
beta_train_all.json,390,8,8,8,16,12,16,1,4,16,DRUM_APTPU,APPROX5,false,true
beta_train_all.json,391,6,6,8,5,4,16,1,4,16,DRUM_APTPU,HERLOA,true,true
beta_train_all.json,392,4,4,8,32,12,16,1,4,16,BAM,LOA,false,true
beta_train_all.json,393,6,6,16,6,2,16,1,4,16,DRUM_APTPU,OLOCA4,true,false
beta_train_all.json,394,8,8,8,5,2,16,1,4,16,DRUM_APTPU,HOERAA,true,true
beta_train_all.json,395,4,4,32,7,2,16,1,4,16,BAM,HOERAA,true,true
beta_train_all.json,396,6,6,16,16,8,16,1,4,16,DRUM_APTPU,HOERAA,true,true
beta_train_all.json,397,6,6,8,6,10,16,1,4,16,BAM,OLOCA4,false,false
beta_train_all.json,398,6,6,8,32,12,16,1,4,16,DRUM_APTPU,HOAANED,false,true
beta_train_all.json,399,4,4,32,4,6,16,1,4,16,DRUM_APTPU,HOERAA,false,true
beta_train_all.json,400,16,16,16,16,12,16,1,4,16,DRUM_APTPU,LZTA,true,true
beta_train_all.json,401,4,4,8,8,4,16,1,4,16,DRUM_APTPU,SETA,true,true
beta_train_all.json,402,8,8,32,3,2,16,1,4,16,BAM,HERLOA,true,true
beta_train_all.json,403,8,8,32,4,10,16,1,4,16,DRUM_APTPU,LOAWA,false,true
beta_train_all.json,404,4,4,32,32,5,16,1,4,16,DRUM_APTPU,OLOCA4,true,false
beta_train_all.json,405,16,16,8,7,12,16,1,4,16,DRUM_APTPU,LOAWA,false,true
beta_train_all.json,406,4,4,16,16,10,16,1,4,16,BAM,HERLOA,true,true
beta_train_all.json,407,4,4,8,3,12,16,1,4,16,BAM,LZTA,false,true
beta_train_all.json,408,6,6,32,6,6,16,1,4,16,DRUM_APTPU,HOERAA,true,true
beta_train_all.json,409,32,32,16,32,6,16,1,4,16,DRUM_APTPU,SETA,true,true
beta_train_all.json,410,4,4,16,7,4,16,1,4,16,DRUM_APTPU,HEAA,true,true
beta_train_all.json,411,4,4,32,7,3,16,1,4,16,UDM,SETA,true,true
beta_train_all.json,412,4,4,32,4,6,16,1,4,16,BAM,LOAWA,false,true
beta_train_all.json,413,8,8,16,5,4,16,1,4,16,DRUM_APTPU,LOA,true,true
beta_train_all.json,414,8,8,16,4,8,16,1,4,16,DRUM_APTPU,HOAANED,false,true
beta_train_all.json,415,4,4,32,5,5,16,1,4,16,DRUM_APTPU,HERLOA,true,true
beta_train_all.json,416,16,16,16,6,2,16,1,4,16,DRUM_APTPU,MHERLOA,true,true
beta_train_all.json,417,6,6,32,4,5,16,1,4,16,DRUM_APTPU,OLOCA4,false,false
beta_train_all.json,418,16,16,32,16,8,16,1,4,16,DRUM_APTPU,MHEAA,true,true
beta_train_all.json,419,8,8,16,5,4,16,1,4,16,BAM,HERLOA,true,true
beta_train_all.json,420,32,32,8,7,2,16,1,4,16,DRUM_APTPU,HERLOA,true,true
beta_train_all.json,421,4,4,16,4,2,16,1,4,16,DRUM_APTPU,OLOCA4,true,false
beta_train_all.json,422,6,6,32,8,4,16,1,4,16,BAM,SETA,true,true
beta_train_all.json,423,4,4,32,5,10,16,1,4,16,DRUM_APTPU,HOERAA,false,true
beta_train_all.json,424,4,4,16,32,3,16,1,4,16,UDM,MHEAA,true,true
beta_train_all.json,425,8,8,8,3,2,16,1,4,16,DRUM_APTPU,HOAANED,true,true
beta_train_all.json,426,4,4,32,6,3,16,1,4,16,DRUM_APTPU,LOA,true,true
beta_train_all.json,427,8,8,16,4,8,16,1,4,16,BAM,HERLOA,false,true
beta_train_all.json,428,4,4,8,16,8,16,1,4,16,BAM,SETA,true,true
beta_train_all.json,429,4,4,8,3,12,16,1,4,16,UDM,HERLOA,false,true
beta_train_all.json,430,4,4,32,5,2,16,1,4,16,UDM,SETA,true,true
beta_train_all.json,431,8,8,8,6,5,16,1,4,16,DRUM_APTPU,APPROX5,true,true
beta_train_all.json,432,4,4,8,5,12,16,1,4,16,UDM,HERLOA,false,true
beta_train_all.json,433,8,8,16,16,2,16,1,4,16,DRUM_APTPU,MHEAA,true,true
beta_train_all.json,434,32,32,32,7,2,16,1,4,16,DRUM_APTPU,HERLOA,true,true
beta_train_all.json,435,4,4,16,7,5,16,1,4,16,UDM,SETA,true,true
beta_train_all.json,436,4,4,8,4,10,16,1,4,16,BAM,LZTA,false,true
beta_train_all.json,437,4,4,16,7,8,16,1,4,16,BAM,SETA,false,true
beta_train_all.json,438,16,16,32,4,6,16,1,4,16,DRUM_APTPU,LOA,false,true
beta_train_all.json,439,6,6,16,6,8,16,1,4,16,DRUM_APTPU,LOA,false,true
beta_train_all.json,440,4,4,32,3,3,16,1,4,16,DRUM_APTPU,HOERAA,true,true
beta_train_all.json,441,16,16,8,6,4,16,1,4,16,DRUM_APTPU,SETA,true,true
beta_train_all.json,442,4,4,16,16,4,16,1,4,16,DRUM_APTPU,LOA,true,true
beta_train_all.json,443,8,8,16,32,10,16,1,4,16,DRUM_APTPU,SETA,true,true
beta_train_all.json,444,16,16,32,7,2,16,1,4,16,DRUM_APTPU,HERLOA,true,true
beta_train_all.json,445,4,4,32,7,3,16,1,4,16,BAM,HOERAA,true,true
beta_train_all.json,446,4,4,32,4,8,16,1,4,16,DRUM_APTPU,HEAA,false,true
beta_train_all.json,447,8,8,32,4,8,16,1,4,16,DRUM_APTPU,MHERLOA,false,true
beta_train_all.json,448,16,16,8,5,3,16,1,4,16,DRUM_APTPU,MHERLOA,true,true
beta_train_all.json,449,8,8,16,32,5,16,1,4,16,DRUM_APTPU,SETA,true,true
beta_train_all.json,450,8,8,16,6,4,16,1,4,16,DRUM_APTPU,OLOCA4,true,false
beta_train_all.json,451,4,4,32,32,3,16,1,4,16,BAM,APPROX5,true,true
beta_train_all.json,452,6,6,8,3,4,16,1,4,16,DRUM_APTPU,HEAA,false,true
beta_train_all.json,453,4,4,8,4,8,16,1,4,16,DRUM_APTPU,SETA,false,true
beta_train_all.json,454,4,4,16,4,8,16,1,4,16,DRUM_APTPU,LOAWA,false,true
beta_train_all.json,455,4,4,16,8,10,16,1,4,16,BAM,APPROX5,false,true
beta_train_all.json,456,4,4,8,7,3,16,1,4,16,UDM,MHEAA,true,true
beta_train_all.json,457,4,4,16,8,10,16,1,4,16,BAM,HEAA,false,true
beta_train_all.json,458,4,4,8,32,8,16,1,4,16,DRUM_APTPU,SETA,true,true
beta_train_all.json,459,4,4,16,5,8,16,1,4,16,BAM,OLOCA4,false,false
beta_train_all.json,460,32,32,16,7,10,16,1,4,16,DRUM_APTPU,SETA,false,true
beta_train_all.json,461,32,32,8,16,12,16,1,4,16,DRUM_APTPU,LZTA,false,true
beta_train_all.json,462,4,4,32,16,5,16,1,4,16,BAM,LZTA,true,true
beta_train_all.json,463,6,6,8,4,6,16,1,4,16,DRUM_APTPU,LZTA,false,true
beta_train_all.json,464,4,4,16,8,6,16,1,4,16,UDM,LZTA,true,true
beta_train_all.json,465,4,4,16,5,12,16,1,4,16,UDM,LZTA,false,true
beta_train_all.json,466,4,4,32,4,12,16,1,4,16,BAM,HERLOA,false,true
beta_train_all.json,467,6,6,16,6,3,16,1,4,16,DRUM_APTPU,LOAWA,true,true
beta_train_all.json,468,6,6,32,16,6,16,1,4,16,DRUM_APTPU,APPROX5,true,true
beta_train_all.json,469,4,4,8,32,10,16,1,4,16,BAM,APPROX5,false,true
beta_train_all.json,470,8,8,8,8,10,16,1,4,16,DRUM_APTPU,APPROX5,false,true
beta_train_all.json,471,8,8,32,5,2,16,1,4,16,DRUM_APTPU,HOAANED,true,true
beta_train_all.json,472,16,16,32,6,6,16,1,4,16,DRUM_APTPU,LOA,true,true
beta_train_all.json,473,6,6,8,32,8,16,1,4,16,DRUM_APTPU,OLOCA4,true,false
beta_train_all.json,474,6,6,16,8,12,16,1,4,16,BAM,MHERLOA,false,true
beta_train_all.json,475,32,32,32,4,3,16,1,4,16,DRUM_APTPU,MHERLOA,true,true
beta_train_all.json,476,4,4,32,4,10,16,1,4,16,DRUM_APTPU,HEAA,false,true
beta_train_all.json,477,4,4,32,4,5,16,1,4,16,DRUM_APTPU,OLOCA4,false,false
beta_train_all.json,478,4,4,16,32,8,16,1,4,16,DRUM_APTPU,HEAA,true,true
beta_train_all.json,479,8,8,32,32,5,16,1,4,16,DRUM_APTPU,HOAANED,true,true
beta_train_all.json,480,16,16,32,3,5,16,1,4,16,DRUM_APTPU,LOA,false,true
beta_train_all.json,481,6,6,32,7,4,16,1,4,16,BAM,MHERLOA,true,true
beta_train_all.json,482,8,8,8,3,12,16,1,4,16,DRUM_APTPU,MHEAA,false,true
beta_train_all.json,483,6,6,8,3,3,16,1,4,16,DRUM_APTPU,APPROX5,true,true
beta_train_all.json,484,4,4,8,32,6,16,1,4,16,BAM,HERLOA,true,true
beta_train_all.json,485,32,32,16,32,12,16,1,4,16,DRUM_APTPU,MHEAA,true,true
beta_train_all.json,486,4,4,16,7,5,16,1,4,16,BAM,HERLOA,true,true
beta_train_all.json,487,32,32,8,3,6,16,1,4,16,DRUM_APTPU,OLOCA4,false,false
beta_train_all.json,488,32,32,8,4,10,16,1,4,16,DRUM_APTPU,HERLOA,false,true
beta_train_all.json,489,8,8,32,5,6,16,1,4,16,BAM,HERLOA,false,true
beta_train_all.json,490,32,32,8,3,6,16,1,4,16,DRUM_APTPU,MHEAA,false,true
beta_train_all.json,491,6,6,8,32,2,16,1,4,16,BAM,SETA,true,true
beta_train_all.json,492,8,8,16,3,5,16,1,4,16,BAM,OLOCA4,false,false
beta_train_all.json,493,16,16,16,5,5,16,1,4,16,DRUM_APTPU,MHEAA,true,true
beta_train_all.json,494,4,4,16,16,6,16,1,4,16,BAM,OLOCA4,true,false
beta_train_all.json,495,8,8,16,8,8,16,1,4,16,DRUM_APTPU,LOAWA,true,true
beta_train_all.json,496,6,6,32,3,5,16,1,4,16,DRUM_APTPU,HOAANED,false,true
beta_train_all.json,497,4,4,32,7,3,16,1,4,16,DRUM_APTPU,HOAANED,true,true
beta_train_all.json,498,4,4,16,3,4,16,1,4,16,UDM,MHERLOA,false,true
beta_train_all.json,499,6,6,8,6,2,16,1,4,16,DRUM_APTPU,LZTA,true,true
beta_train_all.json,500,16,16,16,5,6,16,1,4,16,DRUM_APTPU,SETA,false,true
beta_train_all.json,501,6,6,8,5,10,16,1,4,16,BAM,HERLOA,false,true
beta_train_all.json,502,32,32,8,3,12,16,1,4,16,DRUM_APTPU,LOAWA,false,true
beta_train_all.json,503,4,4,32,3,12,16,1,4,16,BAM,APPROX5,false,true
beta_train_all.json,504,6,6,16,7,10,16,1,4,16,BAM,MHEAA,false,true
beta_train_all.json,505,6,6,8,4,10,16,1,4,16,DRUM_APTPU,MHERLOA,false,true
beta_train_all.json,506,16,16,8,3,5,16,1,4,16,DRUM_APTPU,OLOCA4,false,false
beta_train_all.json,507,4,4,8,32,2,16,1,4,16,BAM,MHEAA,true,true
beta_train_all.json,508,6,6,16,3,5,16,1,4,16,BAM,MHEAA,false,true
beta_train_all.json,509,4,4,16,3,5,16,1,4,16,UDM,LZTA,false,true
beta_train_all.json,510,16,16,32,8,4,16,1,4,16,DRUM_APTPU,SETA,true,true
beta_train_all.json,511,8,8,16,4,3,16,1,4,16,DRUM_APTPU,HEAA,true,true
beta_train_all.json,512,16,16,8,4,12,16,1,4,16,DRUM_APTPU,HOERAA,false,true
beta_train_all.json,513,4,4,8,6,3,16,1,4,16,BAM,SETA,true,true
beta_train_all.json,514,4,4,32,16,8,16,1,4,16,UDM,OLOCA4,true,false
beta_train_all.json,515,32,32,32,3,3,16,1,4,16,DRUM_APTPU,HERLOA,true,true
beta_train_all.json,516,6,6,16,3,2,16,1,4,16,DRUM_APTPU,HEAA,true,true
beta_train_all.json,517,6,6,16,3,6,16,1,4,16,DRUM_APTPU,HOERAA,false,true
beta_train_all.json,518,6,6,32,7,10,16,1,4,16,BAM,LOAWA,false,true
beta_train_all.json,519,4,4,32,16,8,16,1,4,16,BAM,MHEAA,true,true
beta_train_all.json,520,4,4,16,5,5,16,1,4,16,DRUM_APTPU,HERLOA,true,true
beta_train_all.json,521,8,8,32,6,4,16,1,4,16,DRUM_APTPU,SETA,true,true
beta_train_all.json,522,8,8,8,32,12,16,1,4,16,DRUM_APTPU,LOA,false,true
beta_train_all.json,523,6,6,8,3,5,16,1,4,16,BAM,MHEAA,false,true
beta_train_all.json,524,4,4,32,8,5,16,1,4,16,BAM,OLOCA4,true,false
beta_train_all.json,525,8,8,16,6,4,16,1,4,16,DRUM_APTPU,HERLOA,true,true
beta_train_all.json,526,4,4,16,8,4,16,1,4,16,UDM,SETA,true,true
beta_train_all.json,527,6,6,8,32,12,16,1,4,16,DRUM_APTPU,SETA,false,true
beta_train_all.json,528,4,4,8,5,12,16,1,4,16,BAM,OLOCA4,false,false
beta_train_all.json,529,16,16,32,6,12,16,1,4,16,DRUM_APTPU,MHERLOA,false,true
beta_train_all.json,530,4,4,32,5,5,16,1,4,16,BAM,HERLOA,true,true
beta_train_all.json,531,4,4,8,7,10,16,1,4,16,DRUM_APTPU,OLOCA4,false,false
beta_train_all.json,532,6,6,8,32,2,16,1,4,16,DRUM_APTPU,HOAANED,true,true
beta_train_all.json,533,16,16,16,8,2,16,1,4,16,DRUM_APTPU,HERLOA,true,true
beta_train_all.json,534,4,4,8,32,4,16,1,4,16,DRUM_APTPU,LOAWA,true,true
beta_train_all.json,535,32,32,8,8,3,16,1,4,16,DRUM_APTPU,OLOCA4,true,false
beta_train_all.json,536,32,32,32,5,4,16,1,4,16,DRUM_APTPU,OLOCA4,true,false
beta_train_all.json,537,4,4,32,6,10,16,1,4,16,DRUM_APTPU,HOERAA,false,true
beta_train_all.json,538,8,8,32,16,12,16,1,4,16,DRUM_APTPU,LOA,true,true
beta_train_all.json,539,6,6,8,5,5,16,1,4,16,BAM,LZTA,true,true
beta_train_all.json,540,4,4,16,6,2,16,1,4,16,DRUM_APTPU,HERLOA,true,true
beta_train_all.json,541,16,16,32,4,12,16,1,4,16,DRUM_APTPU,OLOCA4,false,false
beta_train_all.json,542,4,4,8,32,10,16,1,4,16,DRUM_APTPU,APPROX5,false,true
beta_train_all.json,543,8,8,32,4,5,16,1,4,16,DRUM_APTPU,OLOCA4,false,false
beta_train_all.json,544,16,16,16,32,4,16,1,4,16,DRUM_APTPU,LOA,true,true
beta_train_all.json,545,8,8,8,6,3,16,1,4,16,DRUM_APTPU,OLOCA4,true,false
beta_train_all.json,546,4,4,8,6,6,16,1,4,16,UDM,MHERLOA,true,true
beta_train_all.json,547,6,6,32,32,3,16,1,4,16,DRUM_APTPU,HEAA,true,true
beta_train_all.json,548,16,16,16,8,8,16,1,4,16,DRUM_APTPU,MHEAA,true,true
beta_train_all.json,549,8,8,16,5,10,16,1,4,16,DRUM_APTPU,MHEAA,false,true
beta_train_all.json,550,8,8,8,4,8,16,1,4,16,DRUM_APTPU,OLOCA4,false,false
beta_train_all.json,551,8,8,16,32,10,16,1,4,16,DRUM_APTPU,LOA,true,true
beta_train_all.json,552,6,6,8,3,3,16,1,4,16,BAM,HOERAA,true,true
beta_train_all.json,553,4,4,16,8,8,16,1,4,16,UDM,MHEAA,true,true
beta_train_all.json,554,4,4,16,3,10,16,1,4,16,BAM,MHEAA,false,true
beta_train_all.json,555,8,8,16,3,10,16,1,4,16,DRUM_APTPU,MHEAA,false,true
beta_train_all.json,556,16,16,16,16,4,16,1,4,16,DRUM_APTPU,LOAWA,true,true
beta_train_all.json,557,6,6,16,16,3,16,1,4,16,DRUM_APTPU,HEAA,true,true
beta_train_all.json,558,4,4,32,3,4,16,1,4,16,DRUM_APTPU,LOA,false,true
beta_train_all.json,559,8,8,8,4,5,16,1,4,16,DRUM_APTPU,MHEAA,false,true
beta_train_all.json,560,4,4,32,7,3,16,1,4,16,DRUM_APTPU,HEAA,true,true
beta_train_all.json,561,32,32,32,4,3,16,1,4,16,DRUM_APTPU,OLOCA4,true,false
beta_train_all.json,562,8,8,8,8,8,16,1,4,16,BAM,SETA,true,true
beta_train_all.json,563,8,8,32,6,12,16,1,4,16,DRUM_APTPU,APPROX5,false,true
beta_train_all.json,564,4,4,8,6,10,16,1,4,16,UDM,OLOCA4,false,false
beta_train_all.json,565,6,6,16,32,5,16,1,4,16,DRUM_APTPU,APPROX5,true,true
beta_train_all.json,566,8,8,16,32,2,16,1,4,16,DRUM_APTPU,SETA,true,true
beta_train_all.json,567,4,4,32,3,2,16,1,4,16,BAM,HEAA,true,true
beta_train_all.json,568,8,8,8,4,10,16,1,4,16,DRUM_APTPU,APPROX5,false,true
beta_train_all.json,569,4,4,32,7,4,16,1,4,16,DRUM_APTPU,MHEAA,true,true
beta_train_all.json,570,6,6,32,4,6,16,1,4,16,BAM,MHEAA,false,true
beta_train_all.json,571,4,4,8,6,2,16,1,4,16,DRUM_APTPU,LOAWA,true,true
beta_train_all.json,572,4,4,8,7,3,16,1,4,16,BAM,HOERAA,true,true
beta_train_all.json,573,6,6,16,32,4,16,1,4,16,BAM,MHERLOA,true,true
beta_train_all.json,574,6,6,16,4,3,16,1,4,16,BAM,SETA,true,true
beta_train_all.json,575,16,16,16,16,3,16,1,4,16,DRUM_APTPU,LOAWA,true,true
beta_train_all.json,576,6,6,32,32,5,16,1,4,16,BAM,MHEAA,true,true
beta_train_all.json,577,8,8,32,6,5,16,1,4,16,DRUM_APTPU,MHERLOA,true,true
beta_train_all.json,578,6,6,8,16,6,16,1,4,16,BAM,LOAWA,true,true
beta_train_all.json,579,8,8,32,4,10,16,1,4,16,DRUM_APTPU,SETA,false,true
beta_train_all.json,580,4,4,8,8,12,16,1,4,16,UDM,MHERLOA,false,true
beta_train_all.json,581,16,16,16,3,3,16,1,4,16,DRUM_APTPU,LOA,true,true
beta_train_all.json,582,32,32,16,16,4,16,1,4,16,DRUM_APTPU,OLOCA4,true,false
beta_train_all.json,583,4,4,8,16,2,16,1,4,16,DRUM_APTPU,HEAA,true,true
beta_train_all.json,584,32,32,16,4,10,16,1,4,16,DRUM_APTPU,OLOCA4,false,false
beta_train_all.json,585,6,6,8,8,5,16,1,4,16,DRUM_APTPU,HOAANED,true,true
beta_train_all.json,586,4,4,8,5,6,16,1,4,16,DRUM_APTPU,HOERAA,false,true
beta_train_all.json,587,6,6,32,32,4,16,1,4,16,BAM,OLOCA4,true,false
beta_train_all.json,588,6,6,16,32,5,16,1,4,16,BAM,LZTA,true,true
beta_train_all.json,589,4,4,16,7,4,16,1,4,16,BAM,SETA,true,true
beta_train_all.json,590,4,4,8,5,6,16,1,4,16,DRUM_APTPU,LOAWA,false,true
beta_train_all.json,591,16,16,32,16,3,16,1,4,16,DRUM_APTPU,SETA,true,true
beta_train_all.json,592,4,4,8,8,3,16,1,4,16,UDM,LZTA,true,true
beta_train_all.json,593,16,16,16,3,12,16,1,4,16,DRUM_APTPU,HERLOA,false,true
beta_train_all.json,594,16,16,8,32,5,16,1,4,16,DRUM_APTPU,HERLOA,true,true
beta_train_all.json,595,6,6,16,6,3,16,1,4,16,DRUM_APTPU,HOERAA,true,true
beta_train_all.json,596,4,4,32,32,4,16,1,4,16,DRUM_APTPU,APPROX5,true,true
beta_train_all.json,597,4,4,8,8,4,16,1,4,16,DRUM_APTPU,LOA,true,true
beta_train_all.json,598,4,4,8,6,4,16,1,4,16,BAM,LOAWA,true,true
beta_train_all.json,599,4,4,32,32,4,16,1,4,16,DRUM_APTPU,LZTA,true,true
beta_train_all.json,600,6,6,32,7,10,16,1,4,16,DRUM_APTPU,HOAANED,false,true
beta_train_all.json,601,6,6,16,6,3,16,1,4,16,BAM,SETA,true,true
beta_train_all.json,602,4,4,8,7,6,16,1,4,16,BAM,HEAA,true,true
beta_train_all.json,603,6,6,16,5,4,16,1,4,16,BAM,SETA,true,true
beta_train_all.json,604,16,16,32,16,6,16,1,4,16,DRUM_APTPU,OLOCA4,true,false
beta_train_all.json,605,4,4,32,3,8,16,1,4,16,BAM,HERLOA,false,true
beta_train_all.json,606,6,6,8,5,6,16,1,4,16,BAM,LOAWA,false,true
beta_train_all.json,607,4,4,16,5,12,16,1,4,16,DRUM_APTPU,OLOCA4,false,false
beta_train_all.json,608,4,4,32,3,8,16,1,4,16,BAM,APPROX5,false,true
beta_train_all.json,609,8,8,8,8,8,16,1,4,16,DRUM_APTPU,HOERAA,true,true
beta_train_all.json,610,16,16,32,8,10,16,1,4,16,DRUM_APTPU,SETA,false,true
beta_train_all.json,611,16,16,32,32,2,16,1,4,16,DRUM_APTPU,OLOCA4,true,false
beta_train_all.json,612,4,4,8,3,10,16,1,4,16,BAM,SETA,false,true
beta_train_all.json,613,32,32,32,7,12,16,1,4,16,DRUM_APTPU,LZTA,false,true
beta_train_all.json,614,8,8,32,16,8,16,1,4,16,DRUM_APTPU,LOAWA,true,true
beta_train_all.json,615,16,16,8,4,2,16,1,4,16,DRUM_APTPU,LZTA,true,true
beta_train_all.json,616,4,4,8,4,5,16,1,4,16,UDM,OLOCA4,false,false
beta_train_all.json,617,6,6,8,8,12,16,1,4,16,BAM,HOERAA,false,true
beta_train_all.json,618,4,4,16,32,5,16,1,4,16,DRUM_APTPU,HERLOA,true,true
beta_train_all.json,619,16,16,16,6,10,16,1,4,16,DRUM_APTPU,SETA,false,true
beta_train_all.json,620,6,6,8,32,8,16,1,4,16,DRUM_APTPU,HOAANED,true,true
beta_train_all.json,621,4,4,8,16,4,16,1,4,16,BAM,APPROX5,true,true
beta_train_all.json,622,6,6,32,6,6,16,1,4,16,BAM,LZTA,true,true
beta_train_all.json,623,6,6,16,6,6,16,1,4,16,DRUM_APTPU,SETA,true,true
beta_train_all.json,624,4,4,8,3,6,16,1,4,16,DRUM_APTPU,SETA,false,true
beta_train_all.json,625,6,6,16,5,6,16,1,4,16,BAM,SETA,false,true
beta_train_all.json,626,4,4,16,32,10,16,1,4,16,BAM,SETA,true,true
beta_train_all.json,627,16,16,16,6,4,16,1,4,16,DRUM_APTPU,MHERLOA,true,true
beta_train_all.json,628,16,16,16,16,4,16,1,4,16,DRUM_APTPU,MHEAA,true,true
beta_train_all.json,629,8,8,8,5,8,16,1,4,16,DRUM_APTPU,MHERLOA,false,true
beta_train_all.json,630,4,4,32,6,8,16,1,4,16,BAM,LOAWA,false,true
beta_train_all.json,631,8,8,32,5,8,16,1,4,16,DRUM_APTPU,MHEAA,false,true
beta_train_all.json,632,6,6,32,3,6,16,1,4,16,BAM,LOAWA,false,true
beta_train_all.json,633,16,16,32,32,3,16,1,4,16,DRUM_APTPU,SETA,true,true
beta_train_all.json,634,4,4,32,16,5,16,1,4,16,BAM,SETA,true,true
beta_train_all.json,635,4,4,8,16,5,16,1,4,16,UDM,MHERLOA,true,true
beta_train_all.json,636,8,8,8,32,3,16,1,4,16,DRUM_APTPU,HOAANED,true,true
beta_train_all.json,637,8,8,16,5,4,16,1,4,16,DRUM_APTPU,HEAA,true,true
beta_train_all.json,638,8,8,32,32,3,16,1,4,16,DRUM_APTPU,LOA,true,true
beta_train_all.json,639,4,4,32,7,4,16,1,4,16,UDM,MHERLOA,true,true
beta_train_all.json,640,16,16,16,32,4,16,1,4,16,DRUM_APTPU,HERLOA,true,true
beta_train_all.json,641,6,6,8,8,5,16,1,4,16,DRUM_APTPU,LOAWA,true,true
beta_train_all.json,642,8,8,32,16,4,16,1,4,16,DRUM_APTPU,SETA,true,true
beta_train_all.json,643,4,4,16,3,12,16,1,4,16,UDM,LZTA,false,true
beta_train_all.json,644,4,4,8,16,12,16,1,4,16,BAM,APPROX5,false,true
beta_train_all.json,645,4,4,8,3,4,16,1,4,16,BAM,HOERAA,false,true
beta_train_all.json,646,6,6,32,32,12,16,1,4,16,DRUM_APTPU,HOAANED,true,true
beta_train_all.json,647,4,4,16,6,5,16,1,4,16,BAM,HERLOA,true,true
beta_train_all.json,648,4,4,16,16,8,16,1,4,16,DRUM_APTPU,HEAA,true,true
beta_train_all.json,649,6,6,16,3,6,16,1,4,16,DRUM_APTPU,MHERLOA,false,true
beta_train_all.json,650,8,8,16,7,6,16,1,4,16,DRUM_APTPU,APPROX5,true,true
beta_train_all.json,651,6,6,32,3,10,16,1,4,16,DRUM_APTPU,HOERAA,false,true
beta_train_all.json,652,8,8,32,6,10,16,1,4,16,DRUM_APTPU,HERLOA,false,true
beta_train_all.json,653,4,4,32,7,8,16,1,4,16,BAM,MHERLOA,false,true
beta_train_all.json,654,4,4,16,32,12,16,1,4,16,BAM,HERLOA,true,true
beta_train_all.json,655,16,16,32,6,2,16,1,4,16,DRUM_APTPU,MHERLOA,true,true
beta_train_all.json,656,8,8,16,4,4,16,1,4,16,DRUM_APTPU,OLOCA4,true,false
beta_train_all.json,657,6,6,8,8,12,16,1,4,16,DRUM_APTPU,HOAANED,false,true
beta_train_all.json,658,8,8,16,6,10,16,1,4,16,BAM,OLOCA4,false,false
beta_train_all.json,659,4,4,8,7,2,16,1,4,16,DRUM_APTPU,HOERAA,true,true
beta_train_all.json,660,8,8,32,4,8,16,1,4,16,DRUM_APTPU,APPROX5,false,true
beta_train_all.json,661,6,6,16,6,2,16,1,4,16,DRUM_APTPU,LOA,true,true
beta_train_all.json,662,8,8,16,32,5,16,1,4,16,BAM,SETA,true,true
beta_train_all.json,663,8,8,8,4,4,16,1,4,16,DRUM_APTPU,LZTA,true,true
beta_train_all.json,664,4,4,32,4,6,16,1,4,16,DRUM_APTPU,MHEAA,false,true
beta_train_all.json,665,8,8,8,8,5,16,1,4,16,DRUM_APTPU,LOAWA,true,true
beta_train_all.json,666,8,8,16,5,2,16,1,4,16,DRUM_APTPU,LOAWA,true,true
beta_train_all.json,667,4,4,8,6,10,16,1,4,16,BAM,HOERAA,false,true
beta_train_all.json,668,8,8,8,7,12,16,1,4,16,DRUM_APTPU,LOA,false,true
beta_train_all.json,669,4,4,8,3,5,16,1,4,16,DRUM_APTPU,HOERAA,false,true
beta_train_all.json,670,8,8,8,16,6,16,1,4,16,DRUM_APTPU,HERLOA,true,true
beta_train_all.json,671,32,32,8,16,10,16,1,4,16,DRUM_APTPU,LOAWA,false,true
beta_train_all.json,672,4,4,8,6,6,16,1,4,16,DRUM_APTPU,HEAA,true,true
beta_train_all.json,673,6,6,8,8,2,16,1,4,16,DRUM_APTPU,OLOCA4,true,false
beta_train_all.json,674,4,4,16,5,5,16,1,4,16,BAM,HEAA,true,true
beta_train_all.json,675,32,32,8,8,10,16,1,4,16,DRUM_APTPU,MHERLOA,false,true
beta_train_all.json,676,6,6,8,4,5,16,1,4,16,DRUM_APTPU,LZTA,false,true
beta_train_all.json,677,6,6,16,3,4,16,1,4,16,BAM,HERLOA,false,true
beta_train_all.json,678,4,4,8,3,5,16,1,4,16,DRUM_APTPU,LOA,false,true
beta_train_all.json,679,8,8,8,32,3,16,1,4,16,DRUM_APTPU,OLOCA4,true,false
beta_train_all.json,680,4,4,16,7,8,16,1,4,16,BAM,LOA,false,true
beta_train_all.json,681,4,4,8,16,8,16,1,4,16,DRUM_APTPU,MHERLOA,true,true
beta_train_all.json,682,32,32,16,3,2,16,1,4,16,DRUM_APTPU,MHERLOA,true,true
beta_train_all.json,683,32,32,8,16,8,16,1,4,16,DRUM_APTPU,MHERLOA,true,true
beta_train_all.json,684,16,16,32,3,12,16,1,4,16,DRUM_APTPU,SETA,false,true
beta_train_all.json,685,6,6,32,3,4,16,1,4,16,BAM,LOAWA,false,true
beta_train_all.json,686,6,6,32,3,6,16,1,4,16,BAM,MHERLOA,false,true
beta_train_all.json,687,4,4,8,7,10,16,1,4,16,BAM,HOERAA,false,true
beta_train_all.json,688,4,4,16,32,10,16,1,4,16,DRUM_APTPU,MHEAA,true,true
beta_train_all.json,689,6,6,8,4,3,16,1,4,16,DRUM_APTPU,SETA,true,true
beta_train_all.json,690,8,8,8,3,8,16,1,4,16,DRUM_APTPU,HOERAA,false,true
beta_train_all.json,691,4,4,16,5,5,16,1,4,16,DRUM_APTPU,LZTA,true,true
beta_train_all.json,692,4,4,8,3,4,16,1,4,16,UDM,MHEAA,false,true
beta_train_all.json,693,6,6,16,8,10,16,1,4,16,DRUM_APTPU,LOA,false,true
beta_train_all.json,694,4,4,16,32,3,16,1,4,16,BAM,HOAANED,true,true
beta_train_all.json,695,4,4,32,4,8,16,1,4,16,BAM,MHEAA,false,true
beta_train_all.json,696,4,4,32,8,5,16,1,4,16,DRUM_APTPU,HOAANED,true,true
beta_train_all.json,697,16,16,8,16,8,16,1,4,16,DRUM_APTPU,LOA,true,true
beta_train_all.json,698,4,4,32,8,12,16,1,4,16,UDM,SETA,false,true
beta_train_all.json,699,6,6,8,3,3,16,1,4,16,DRUM_APTPU,MHEAA,true,true
beta_train_all.json,700,32,32,8,32,2,16,1,4,16,DRUM_APTPU,MHEAA,true,true
beta_train_all.json,701,6,6,8,32,3,16,1,4,16,BAM,HERLOA,true,true
beta_train_all.json,702,4,4,8,4,8,16,1,4,16,BAM,HERLOA,false,true
beta_train_all.json,703,6,6,32,3,8,16,1,4,16,DRUM_APTPU,LOA,false,true
beta_train_all.json,704,6,6,16,8,10,16,1,4,16,DRUM_APTPU,APPROX5,false,true
beta_train_all.json,705,6,6,32,3,3,16,1,4,16,DRUM_APTPU,HEAA,true,true
beta_train_all.json,706,6,6,32,16,3,16,1,4,16,BAM,LOAWA,true,true
beta_train_all.json,707,32,32,8,3,8,16,1,4,16,DRUM_APTPU,MHERLOA,false,true
beta_train_all.json,708,16,16,16,32,10,16,1,4,16,DRUM_APTPU,HERLOA,true,true
beta_train_all.json,709,4,4,32,8,8,16,1,4,16,BAM,HERLOA,true,true
beta_train_all.json,710,32,32,8,7,6,16,1,4,16,DRUM_APTPU,MHEAA,true,true
beta_train_all.json,711,16,16,32,5,12,16,1,4,16,DRUM_APTPU,HERLOA,false,true
beta_train_all.json,712,4,4,32,8,10,16,1,4,16,BAM,HOAANED,false,true
beta_train_all.json,713,6,6,32,32,6,16,1,4,16,DRUM_APTPU,SETA,true,true
beta_train_all.json,714,8,8,32,5,12,16,1,4,16,DRUM_APTPU,HOAANED,false,true
beta_train_all.json,715,4,4,16,16,10,16,1,4,16,BAM,LZTA,true,true
beta_train_all.json,716,6,6,8,6,5,16,1,4,16,DRUM_APTPU,LOAWA,true,true
beta_train_all.json,717,16,16,8,3,2,16,1,4,16,DRUM_APTPU,OLOCA4,true,false
beta_train_all.json,718,8,8,32,32,8,16,1,4,16,DRUM_APTPU,HOERAA,true,true
beta_train_all.json,719,6,6,8,16,6,16,1,4,16,BAM,HOERAA,true,true
beta_train_all.json,720,4,4,32,8,4,16,1,4,16,BAM,LZTA,true,true
beta_train_all.json,721,4,4,16,4,10,16,1,4,16,BAM,LOA,false,true
beta_train_all.json,722,6,6,32,8,2,16,1,4,16,DRUM_APTPU,MHEAA,true,true
beta_train_all.json,723,8,8,8,8,8,16,1,4,16,DRUM_APTPU,LZTA,true,true
beta_train_all.json,724,6,6,32,7,10,16,1,4,16,DRUM_APTPU,LZTA,false,true
beta_train_all.json,725,4,4,16,4,5,16,1,4,16,BAM,LOA,false,true
beta_train_all.json,726,8,8,8,5,12,16,1,4,16,DRUM_APTPU,LZTA,false,true
beta_train_all.json,727,6,6,32,3,3,16,1,4,16,BAM,OLOCA4,true,false
beta_train_all.json,728,4,4,8,7,10,16,1,4,16,BAM,OLOCA4,false,false
beta_train_all.json,729,4,4,8,4,3,16,1,4,16,DRUM_APTPU,HERLOA,true,true
beta_train_all.json,730,16,16,32,5,2,16,1,4,16,DRUM_APTPU,HERLOA,true,true
beta_train_all.json,731,4,4,32,16,10,16,1,4,16,DRUM_APTPU,APPROX5,true,true
beta_train_all.json,732,8,8,16,32,6,16,1,4,16,DRUM_APTPU,APPROX5,true,true
beta_train_all.json,733,6,6,16,5,5,16,1,4,16,BAM,LOA,true,true
beta_train_all.json,734,6,6,16,32,12,16,1,4,16,BAM,MHEAA,true,true
beta_train_all.json,735,8,8,32,5,10,16,1,4,16,DRUM_APTPU,SETA,false,true
beta_train_all.json,736,6,6,8,8,12,16,1,4,16,DRUM_APTPU,HERLOA,false,true
beta_train_all.json,737,6,6,32,7,6,16,1,4,16,BAM,SETA,true,true
beta_train_all.json,738,4,4,8,7,12,16,1,4,16,DRUM_APTPU,LZTA,false,true
beta_train_all.json,739,8,8,8,16,10,16,1,4,16,DRUM_APTPU,OLOCA4,false,false
beta_train_all.json,740,4,4,16,5,4,16,1,4,16,UDM,LZTA,true,true
beta_train_all.json,741,4,4,32,4,2,16,1,4,16,DRUM_APTPU,LZTA,true,true
beta_train_all.json,742,16,16,32,32,5,16,1,4,16,DRUM_APTPU,LZTA,true,true
beta_train_all.json,743,4,4,32,4,6,16,1,4,16,DRUM_APTPU,LOAWA,false,true
beta_train_all.json,744,4,4,8,5,6,16,1,4,16,DRUM_APTPU,OLOCA4,false,false
beta_train_all.json,745,8,8,16,6,10,16,1,4,16,DRUM_APTPU,APPROX5,false,true
beta_train_all.json,746,8,8,8,5,5,16,1,4,16,BAM,OLOCA4,true,false
beta_train_all.json,747,32,32,32,3,10,16,1,4,16,DRUM_APTPU,MHEAA,false,true
beta_train_all.json,748,8,8,8,8,3,16,1,4,16,DRUM_APTPU,HEAA,true,true
beta_train_all.json,749,16,16,16,3,8,16,1,4,16,DRUM_APTPU,SETA,false,true
beta_train_all.json,750,16,16,8,5,3,16,1,4,16,DRUM_APTPU,LZTA,true,true
beta_train_all.json,751,16,16,16,8,10,16,1,4,16,DRUM_APTPU,MHERLOA,false,true
beta_train_all.json,752,4,4,16,32,3,16,1,4,16,DRUM_APTPU,APPROX5,true,true
beta_train_all.json,753,8,8,8,6,4,16,1,4,16,DRUM_APTPU,SETA,true,true
beta_train_all.json,754,8,8,8,6,6,16,1,4,16,DRUM_APTPU,APPROX5,true,true
beta_train_all.json,755,4,4,32,32,8,16,1,4,16,DRUM_APTPU,OLOCA4,true,false
beta_train_all.json,756,4,4,8,3,8,16,1,4,16,UDM,LZTA,false,true
beta_train_all.json,757,6,6,16,7,8,16,1,4,16,DRUM_APTPU,LOAWA,false,true
beta_train_all.json,758,4,4,16,4,8,16,1,4,16,BAM,HERLOA,false,true
beta_train_all.json,759,4,4,32,6,8,16,1,4,16,DRUM_APTPU,HEAA,false,true
beta_train_all.json,760,4,4,8,8,6,16,1,4,16,DRUM_APTPU,LOAWA,true,true
beta_train_all.json,761,4,4,8,4,6,16,1,4,16,DRUM_APTPU,HOERAA,false,true
beta_train_all.json,762,16,16,8,3,6,16,1,4,16,DRUM_APTPU,HERLOA,false,true
beta_train_all.json,763,4,4,16,4,8,16,1,4,16,DRUM_APTPU,OLOCA4,false,false
beta_train_all.json,764,4,4,16,7,10,16,1,4,16,BAM,HOAANED,false,true
beta_train_all.json,765,4,4,16,3,4,16,1,4,16,BAM,LOAWA,false,true
beta_train_all.json,766,4,4,32,8,4,16,1,4,16,BAM,HERLOA,true,true
beta_train_all.json,767,6,6,8,8,2,16,1,4,16,DRUM_APTPU,LOAWA,true,true
beta_train_all.json,768,32,32,32,7,12,16,1,4,16,DRUM_APTPU,OLOCA4,false,false
beta_train_all.json,769,32,32,16,32,8,16,1,4,16,DRUM_APTPU,LZTA,true,true
beta_train_all.json,770,4,4,8,5,6,16,1,4,16,DRUM_APTPU,SETA,false,true
beta_train_all.json,771,4,4,16,32,5,16,1,4,16,DRUM_APTPU,SETA,true,true
beta_train_all.json,772,4,4,16,8,2,16,1,4,16,BAM,MHEAA,true,true
beta_train_all.json,773,6,6,8,6,12,16,1,4,16,DRUM_APTPU,MHERLOA,false,true
beta_train_all.json,774,6,6,8,6,6,16,1,4,16,DRUM_APTPU,SETA,true,true
beta_train_all.json,775,4,4,32,16,3,16,1,4,16,DRUM_APTPU,HERLOA,true,true
beta_train_all.json,776,6,6,8,7,2,16,1,4,16,BAM,LOA,true,true
beta_train_all.json,777,6,6,16,32,8,16,1,4,16,DRUM_APTPU,OLOCA4,true,false
beta_train_all.json,778,6,6,8,4,2,16,1,4,16,DRUM_APTPU,MHERLOA,true,true
beta_train_all.json,779,4,4,16,3,4,16,1,4,16,BAM,OLOCA4,false,false
beta_train_all.json,780,6,6,16,8,5,16,1,4,16,DRUM_APTPU,MHERLOA,true,true
beta_train_all.json,781,8,8,32,5,12,16,1,4,16,DRUM_APTPU,LOA,false,true
beta_train_all.json,782,4,4,8,4,5,16,1,4,16,BAM,OLOCA4,false,false
beta_train_all.json,783,6,6,32,16,2,16,1,4,16,DRUM_APTPU,HOAANED,true,true
beta_train_all.json,784,6,6,32,6,12,16,1,4,16,BAM,LOAWA,false,true
beta_train_all.json,785,4,4,16,8,6,16,1,4,16,BAM,OLOCA4,true,false
beta_train_all.json,786,8,8,32,32,12,16,1,4,16,DRUM_APTPU,MHERLOA,true,true
beta_train_all.json,787,8,8,16,32,12,16,1,4,16,DRUM_APTPU,OLOCA4,true,false
beta_train_all.json,788,4,4,32,6,8,16,1,4,16,DRUM_APTPU,LOAWA,false,true
beta_train_all.json,789,8,8,8,7,3,16,1,4,16,DRUM_APTPU,HEAA,true,true
beta_train_all.json,790,4,4,8,16,5,16,1,4,16,DRUM_APTPU,HEAA,true,true
beta_train_all.json,791,4,4,32,3,6,16,1,4,16,BAM,HOERAA,false,true
beta_train_all.json,792,4,4,8,6,3,16,1,4,16,BAM,HEAA,true,true
beta_train_all.json,793,6,6,32,4,10,16,1,4,16,DRUM_APTPU,LOA,false,true
beta_train_all.json,794,16,16,32,32,8,16,1,4,16,DRUM_APTPU,MHEAA,true,true
beta_train_all.json,795,16,16,8,4,2,16,1,4,16,DRUM_APTPU,HERLOA,true,true
beta_train_all.json,796,8,8,32,32,5,16,1,4,16,BAM,OLOCA4,true,false
beta_train_all.json,797,6,6,16,3,3,16,1,4,16,DRUM_APTPU,OLOCA4,true,false
beta_train_all.json,798,8,8,8,6,6,16,1,4,16,BAM,SETA,true,true
beta_train_all.json,799,32,32,16,16,10,16,1,4,16,DRUM_APTPU,MHERLOA,true,true
beta_train_all.json,800,8,8,16,8,6,16,1,4,16,DRUM_APTPU,HERLOA,true,true
beta_train_all.json,801,6,6,16,32,2,16,1,4,16,DRUM_APTPU,HOAANED,true,true
beta_train_all.json,802,32,32,32,6,3,16,1,4,16,DRUM_APTPU,SETA,true,true
beta_train_all.json,803,6,6,16,5,10,16,1,4,16,DRUM_APTPU,HERLOA,false,true
beta_train_all.json,804,6,6,8,4,8,16,1,4,16,BAM,SETA,false,true
beta_train_all.json,805,8,8,16,7,10,16,1,4,16,DRUM_APTPU,HOERAA,false,true
beta_train_all.json,806,8,8,32,3,10,16,1,4,16,BAM,OLOCA4,false,false
beta_train_all.json,807,4,4,32,4,6,16,1,4,16,DRUM_APTPU,OLOCA4,false,false
beta_train_all.json,808,4,4,16,32,10,16,1,4,16,BAM,MHERLOA,true,true
beta_train_all.json,809,4,4,32,4,10,16,1,4,16,DRUM_APTPU,LOAWA,false,true
beta_train_all.json,810,6,6,8,5,4,16,1,4,16,DRUM_APTPU,OLOCA4,true,false
beta_train_all.json,811,8,8,8,6,12,16,1,4,16,DRUM_APTPU,HOAANED,false,true
beta_train_all.json,812,16,16,32,3,3,16,1,4,16,DRUM_APTPU,LOA,true,true
beta_train_all.json,813,4,4,16,32,8,16,1,4,16,UDM,LZTA,true,true
beta_train_all.json,814,6,6,8,6,8,16,1,4,16,DRUM_APTPU,HOAANED,false,true
beta_train_all.json,815,4,4,8,7,5,16,1,4,16,BAM,HERLOA,true,true
beta_train_all.json,816,32,32,8,16,5,16,1,4,16,DRUM_APTPU,OLOCA4,true,false
beta_train_all.json,817,4,4,32,32,4,16,1,4,16,DRUM_APTPU,HOERAA,true,true
beta_train_all.json,818,4,4,32,32,12,16,1,4,16,BAM,HOERAA,true,true
beta_train_all.json,819,8,8,8,7,6,16,1,4,16,DRUM_APTPU,HEAA,true,true
beta_train_all.json,820,8,8,16,4,3,16,1,4,16,DRUM_APTPU,MHEAA,true,true
beta_train_all.json,821,32,32,16,3,12,16,1,4,16,DRUM_APTPU,OLOCA4,false,false
beta_train_all.json,822,16,16,16,8,10,16,1,4,16,DRUM_APTPU,MHEAA,false,true
beta_train_all.json,823,4,4,8,32,2,16,1,4,16,UDM,HERLOA,true,true
beta_train_all.json,824,4,4,32,6,8,16,1,4,16,BAM,LOA,false,true
beta_train_all.json,825,6,6,32,4,10,16,1,4,16,DRUM_APTPU,LZTA,false,true
beta_train_all.json,826,8,8,16,8,4,16,1,4,16,DRUM_APTPU,OLOCA4,true,false
beta_train_all.json,827,6,6,8,8,4,16,1,4,16,BAM,SETA,true,true
beta_train_all.json,828,6,6,16,4,8,16,1,4,16,DRUM_APTPU,LOAWA,false,true
beta_train_all.json,829,4,4,32,7,3,16,1,4,16,BAM,HOAANED,true,true
beta_train_all.json,830,6,6,8,8,6,16,1,4,16,BAM,HOERAA,true,true
beta_train_all.json,831,6,6,8,3,6,16,1,4,16,BAM,LOA,false,true
beta_train_all.json,832,6,6,16,32,10,16,1,4,16,BAM,SETA,true,true
beta_train_all.json,833,4,4,32,5,5,16,1,4,16,DRUM_APTPU,HOAANED,true,true
beta_train_all.json,834,4,4,8,5,2,16,1,4,16,DRUM_APTPU,SETA,true,true
beta_train_all.json,835,4,4,8,32,12,16,1,4,16,BAM,MHEAA,false,true
beta_train_all.json,836,4,4,8,32,10,16,1,4,16,UDM,MHEAA,false,true
beta_train_all.json,837,4,4,32,6,10,16,1,4,16,BAM,LOA,false,true
beta_train_all.json,838,8,8,8,5,3,16,1,4,16,DRUM_APTPU,HEAA,true,true
beta_train_all.json,839,4,4,32,3,6,16,1,4,16,BAM,LOAWA,false,true
beta_train_all.json,840,6,6,32,6,12,16,1,4,16,DRUM_APTPU,HOAANED,false,true
beta_train_all.json,841,6,6,8,8,10,16,1,4,16,DRUM_APTPU,MHEAA,false,true
beta_train_all.json,842,6,6,8,32,12,16,1,4,16,BAM,LOAWA,false,true
beta_train_all.json,843,32,32,32,8,4,16,1,4,16,DRUM_APTPU,HERLOA,true,true
beta_train_all.json,844,6,6,16,4,5,16,1,4,16,BAM,OLOCA4,false,false
beta_train_all.json,845,16,16,32,3,10,16,1,4,16,DRUM_APTPU,MHEAA,false,true
beta_train_all.json,846,4,4,8,3,2,16,1,4,16,BAM,SETA,true,true
beta_train_all.json,847,32,32,8,4,8,16,1,4,16,DRUM_APTPU,LOAWA,false,true
beta_train_all.json,848,32,32,32,7,4,16,1,4,16,DRUM_APTPU,OLOCA4,true,false
beta_train_all.json,849,8,8,8,4,3,16,1,4,16,BAM,HERLOA,true,true
beta_train_all.json,850,4,4,8,6,2,16,1,4,16,UDM,MHERLOA,true,true
beta_train_all.json,851,16,16,16,6,6,16,1,4,16,DRUM_APTPU,LOAWA,true,true
beta_train_all.json,852,4,4,32,16,4,16,1,4,16,DRUM_APTPU,LZTA,true,true
beta_train_all.json,853,4,4,32,8,12,16,1,4,16,BAM,LOA,false,true
beta_train_all.json,854,8,8,32,32,3,16,1,4,16,DRUM_APTPU,HEAA,true,true
beta_train_all.json,855,6,6,16,3,12,16,1,4,16,DRUM_APTPU,HOERAA,false,true
beta_train_all.json,856,4,4,32,5,2,16,1,4,16,DRUM_APTPU,APPROX5,true,true
beta_train_all.json,857,4,4,16,32,2,16,1,4,16,DRUM_APTPU,HOERAA,true,true
beta_train_all.json,858,4,4,16,3,4,16,1,4,16,BAM,APPROX5,false,true
beta_train_all.json,859,6,6,16,5,12,16,1,4,16,DRUM_APTPU,MHERLOA,false,true
beta_train_all.json,860,8,8,16,4,4,16,1,4,16,DRUM_APTPU,LOAWA,true,true
beta_train_all.json,861,4,4,16,7,4,16,1,4,16,DRUM_APTPU,OLOCA4,true,false
beta_train_all.json,862,16,16,16,3,8,16,1,4,16,DRUM_APTPU,HERLOA,false,true
beta_train_all.json,863,4,4,32,8,4,16,1,4,16,DRUM_APTPU,APPROX5,true,true
beta_train_all.json,864,4,4,16,4,8,16,1,4,16,DRUM_APTPU,MHEAA,false,true
beta_train_all.json,865,8,8,32,32,2,16,1,4,16,DRUM_APTPU,LZTA,true,true
beta_train_all.json,866,6,6,8,6,3,16,1,4,16,DRUM_APTPU,HEAA,true,true
beta_train_all.json,867,4,4,32,16,4,16,1,4,16,UDM,SETA,true,true
beta_train_all.json,868,6,6,32,3,12,16,1,4,16,DRUM_APTPU,OLOCA4,false,false
beta_train_all.json,869,8,8,16,4,6,16,1,4,16,DRUM_APTPU,SETA,false,true
beta_train_all.json,870,6,6,8,32,2,16,1,4,16,DRUM_APTPU,MHEAA,true,true
beta_train_all.json,871,4,4,8,8,8,16,1,4,16,BAM,HEAA,true,true
beta_train_all.json,872,6,6,32,6,6,16,1,4,16,DRUM_APTPU,APPROX5,true,true
beta_train_all.json,873,4,4,32,32,2,16,1,4,16,DRUM_APTPU,HOERAA,true,true
beta_train_all.json,874,6,6,16,4,12,16,1,4,16,BAM,LOA,false,true
beta_train_all.json,875,6,6,8,32,10,16,1,4,16,BAM,HERLOA,false,true
beta_train_all.json,876,4,4,8,8,12,16,1,4,16,BAM,HEAA,false,true
beta_train_all.json,877,8,8,32,7,2,16,1,4,16,BAM,OLOCA4,true,false
beta_train_all.json,878,4,4,8,5,5,16,1,4,16,BAM,LOAWA,true,true
beta_train_all.json,879,4,4,8,16,8,16,1,4,16,DRUM_APTPU,HEAA,true,true
beta_train_all.json,880,6,6,8,7,2,16,1,4,16,DRUM_APTPU,HEAA,true,true
beta_train_all.json,881,4,4,16,8,10,16,1,4,16,UDM,MHERLOA,false,true
beta_train_all.json,882,6,6,32,16,3,16,1,4,16,DRUM_APTPU,LOAWA,true,true
beta_train_all.json,883,4,4,32,7,10,16,1,4,16,BAM,LOA,false,true
beta_train_all.json,884,6,6,8,8,12,16,1,4,16,DRUM_APTPU,HEAA,false,true
beta_train_all.json,885,6,6,32,6,8,16,1,4,16,BAM,LZTA,false,true
beta_train_all.json,886,8,8,8,8,8,16,1,4,16,DRUM_APTPU,MHEAA,true,true
beta_train_all.json,887,8,8,16,32,6,16,1,4,16,DRUM_APTPU,HOAANED,true,true
beta_train_all.json,888,6,6,8,8,3,16,1,4,16,DRUM_APTPU,MHERLOA,true,true
beta_train_all.json,889,8,8,8,5,2,16,1,4,16,BAM,SETA,true,true
beta_train_all.json,890,6,6,32,5,5,16,1,4,16,DRUM_APTPU,HOAANED,true,true
beta_train_all.json,891,32,32,8,5,2,16,1,4,16,DRUM_APTPU,LZTA,true,true
beta_train_all.json,892,8,8,32,32,5,16,1,4,16,DRUM_APTPU,APPROX5,true,true
beta_train_all.json,893,4,4,16,5,2,16,1,4,16,DRUM_APTPU,HERLOA,true,true
beta_train_all.json,894,6,6,8,8,10,16,1,4,16,DRUM_APTPU,LOAWA,false,true
beta_train_all.json,895,6,6,8,5,6,16,1,4,16,DRUM_APTPU,OLOCA4,false,false
beta_train_all.json,896,8,8,16,32,6,16,1,4,16,BAM,HERLOA,true,true
beta_train_all.json,897,4,4,8,6,6,16,1,4,16,UDM,HERLOA,true,true
beta_train_all.json,898,8,8,32,6,2,16,1,4,16,DRUM_APTPU,MHEAA,true,true
beta_train_all.json,899,32,32,8,7,12,16,1,4,16,DRUM_APTPU,MHEAA,false,true
beta_train_all.json,900,4,4,32,7,8,16,1,4,16,DRUM_APTPU,MHEAA,false,true
beta_train_all.json,901,8,8,16,32,10,16,1,4,16,DRUM_APTPU,HEAA,true,true
beta_train_all.json,902,4,4,8,7,5,16,1,4,16,BAM,HOERAA,true,true
beta_train_all.json,903,6,6,16,6,2,16,1,4,16,BAM,HERLOA,true,true
beta_train_all.json,904,16,16,32,5,2,16,1,4,16,DRUM_APTPU,LZTA,true,true
beta_train_all.json,905,8,8,8,3,2,16,1,4,16,BAM,SETA,true,true
beta_train_all.json,906,16,16,16,4,12,16,1,4,16,DRUM_APTPU,LOAWA,false,true
beta_train_all.json,907,8,8,16,8,10,16,1,4,16,DRUM_APTPU,MHERLOA,false,true
beta_train_all.json,908,4,4,32,6,3,16,1,4,16,DRUM_APTPU,APPROX5,true,true
beta_train_all.json,909,6,6,32,8,4,16,1,4,16,DRUM_APTPU,APPROX5,true,true
beta_train_all.json,910,4,4,16,16,8,16,1,4,16,DRUM_APTPU,LOAWA,true,true
beta_train_all.json,911,6,6,8,8,3,16,1,4,16,DRUM_APTPU,HOERAA,true,true
beta_train_all.json,912,8,8,32,4,2,16,1,4,16,DRUM_APTPU,APPROX5,true,true
beta_train_all.json,913,6,6,32,6,2,16,1,4,16,BAM,HERLOA,true,true
beta_train_all.json,914,16,16,16,4,4,16,1,4,16,DRUM_APTPU,LOA,true,true
beta_train_all.json,915,8,8,16,16,5,16,1,4,16,DRUM_APTPU,HOAANED,true,true
beta_train_all.json,916,6,6,32,16,10,16,1,4,16,BAM,MHERLOA,true,true
beta_train_all.json,917,4,4,16,8,8,16,1,4,16,DRUM_APTPU,LOA,true,true
beta_train_all.json,918,4,4,8,4,10,16,1,4,16,BAM,LOAWA,false,true
beta_train_all.json,919,4,4,16,16,6,16,1,4,16,DRUM_APTPU,MHERLOA,true,true
beta_train_all.json,920,6,6,16,8,3,16,1,4,16,DRUM_APTPU,LOAWA,true,true
beta_train_all.json,921,6,6,16,16,2,16,1,4,16,DRUM_APTPU,LZTA,true,true
beta_train_all.json,922,6,6,16,16,12,16,1,4,16,BAM,HERLOA,true,true
beta_train_all.json,923,32,32,8,16,6,16,1,4,16,DRUM_APTPU,LOAWA,true,true
beta_train_all.json,924,4,4,8,16,4,16,1,4,16,UDM,HERLOA,true,true
beta_train_all.json,925,4,4,32,6,10,16,1,4,16,BAM,HOERAA,false,true
beta_train_all.json,926,6,6,32,8,6,16,1,4,16,DRUM_APTPU,APPROX5,true,true
beta_train_all.json,927,4,4,8,32,5,16,1,4,16,UDM,OLOCA4,true,false
beta_train_all.json,928,32,32,16,7,2,16,1,4,16,DRUM_APTPU,HERLOA,true,true
beta_train_all.json,929,4,4,8,5,10,16,1,4,16,UDM,MHEAA,false,true
beta_train_all.json,930,8,8,8,32,3,16,1,4,16,BAM,OLOCA4,true,false
beta_train_all.json,931,32,32,8,8,3,16,1,4,16,DRUM_APTPU,HERLOA,true,true
beta_train_all.json,932,32,32,16,16,10,16,1,4,16,DRUM_APTPU,OLOCA4,true,false
beta_train_all.json,933,4,4,32,5,12,16,1,4,16,UDM,HERLOA,false,true
beta_train_all.json,934,6,6,8,16,10,16,1,4,16,DRUM_APTPU,HERLOA,false,true
beta_train_all.json,935,6,6,16,4,4,16,1,4,16,DRUM_APTPU,LZTA,true,true
beta_train_all.json,936,4,4,32,6,4,16,1,4,16,UDM,MHERLOA,true,true
beta_train_all.json,937,4,4,32,5,8,16,1,4,16,BAM,HOAANED,false,true
beta_train_all.json,938,4,4,32,4,2,16,1,4,16,DRUM_APTPU,OLOCA4,true,false
beta_train_all.json,939,4,4,8,5,4,16,1,4,16,DRUM_APTPU,HOAANED,true,true
beta_train_all.json,940,4,4,8,8,8,16,1,4,16,DRUM_APTPU,LOA,true,true
beta_train_all.json,941,8,8,32,3,4,16,1,4,16,BAM,OLOCA4,false,false
beta_train_all.json,942,8,8,32,3,4,16,1,4,16,DRUM_APTPU,HOERAA,false,true
beta_train_all.json,943,4,4,32,5,4,16,1,4,16,BAM,LOAWA,true,true
beta_train_all.json,944,32,32,16,32,10,16,1,4,16,DRUM_APTPU,MHEAA,true,true
beta_train_all.json,945,4,4,32,6,6,16,1,4,16,DRUM_APTPU,LOAWA,true,true
beta_train_all.json,946,4,4,16,6,3,16,1,4,16,UDM,SETA,true,true
beta_train_all.json,947,4,4,32,5,5,16,1,4,16,DRUM_APTPU,LOA,true,true
beta_train_all.json,948,6,6,32,4,8,16,1,4,16,DRUM_APTPU,MHERLOA,false,true
beta_train_all.json,949,4,4,32,32,8,16,1,4,16,BAM,HEAA,true,true
beta_train_all.json,950,4,4,32,3,2,16,1,4,16,DRUM_APTPU,MHERLOA,true,true
beta_train_all.json,951,4,4,8,32,5,16,1,4,16,BAM,HOAANED,true,true
beta_train_all.json,952,6,6,32,6,12,16,1,4,16,BAM,MHEAA,false,true
beta_train_all.json,953,8,8,32,32,5,16,1,4,16,BAM,HERLOA,true,true
beta_train_all.json,954,8,8,32,5,10,16,1,4,16,DRUM_APTPU,HERLOA,false,true
beta_train_all.json,955,8,8,16,6,2,16,1,4,16,DRUM_APTPU,MHEAA,true,true
beta_train_all.json,956,4,4,32,6,2,16,1,4,16,BAM,LOA,true,true
beta_train_all.json,957,6,6,16,16,3,16,1,4,16,DRUM_APTPU,HERLOA,true,true
beta_train_all.json,958,6,6,16,8,5,16,1,4,16,BAM,SETA,true,true
beta_train_all.json,959,16,16,32,3,6,16,1,4,16,DRUM_APTPU,LOAWA,false,true
beta_train_all.json,960,6,6,32,32,6,16,1,4,16,BAM,OLOCA4,true,false
beta_train_all.json,961,4,4,32,3,10,16,1,4,16,BAM,HOAANED,false,true
beta_train_all.json,962,32,32,32,7,12,16,1,4,16,DRUM_APTPU,HERLOA,false,true
beta_train_all.json,963,6,6,32,16,12,16,1,4,16,BAM,MHERLOA,true,true
beta_train_all.json,964,4,4,16,3,5,16,1,4,16,DRUM_APTPU,LOAWA,false,true
beta_train_all.json,965,6,6,16,32,6,16,1,4,16,DRUM_APTPU,LZTA,true,true
beta_train_all.json,966,4,4,8,5,4,16,1,4,16,UDM,SETA,true,true
beta_train_all.json,967,6,6,16,6,12,16,1,4,16,BAM,HERLOA,false,true
beta_train_all.json,968,8,8,32,4,12,16,1,4,16,DRUM_APTPU,MHERLOA,false,true
beta_train_all.json,969,6,6,16,32,5,16,1,4,16,DRUM_APTPU,LZTA,true,true
beta_train_all.json,970,6,6,32,32,10,16,1,4,16,BAM,LOA,true,true
beta_train_all.json,971,6,6,8,6,3,16,1,4,16,BAM,SETA,true,true
beta_train_all.json,972,32,32,8,16,12,16,1,4,16,DRUM_APTPU,LOAWA,false,true
beta_train_all.json,973,4,4,16,6,2,16,1,4,16,UDM,SETA,true,true
beta_train_all.json,974,4,4,32,3,4,16,1,4,16,UDM,LZTA,false,true
beta_train_all.json,975,8,8,8,8,3,16,1,4,16,DRUM_APTPU,OLOCA4,true,false
beta_train_all.json,976,6,6,32,7,8,16,1,4,16,DRUM_APTPU,HOAANED,false,true
beta_train_all.json,977,4,4,16,3,12,16,1,4,16,DRUM_APTPU,HERLOA,false,true
beta_train_all.json,978,8,8,32,32,8,16,1,4,16,BAM,OLOCA4,true,false
beta_train_all.json,979,8,8,8,6,8,16,1,4,16,DRUM_APTPU,HOERAA,false,true
beta_train_all.json,980,4,4,16,7,2,16,1,4,16,DRUM_APTPU,OLOCA4,true,false
beta_train_all.json,981,4,4,16,3,4,16,1,4,16,DRUM_APTPU,LZTA,false,true
beta_train_all.json,982,6,6,16,7,12,16,1,4,16,DRUM_APTPU,OLOCA4,false,false
beta_train_all.json,983,8,8,32,3,2,16,1,4,16,DRUM_APTPU,SETA,true,true
beta_train_all.json,984,32,32,32,32,10,16,1,4,16,DRUM_APTPU,MHERLOA,true,true
beta_train_all.json,985,4,4,8,32,12,16,1,4,16,BAM,LZTA,false,true
beta_train_all.json,986,4,4,16,32,3,16,1,4,16,DRUM_APTPU,LZTA,true,true
beta_train_all.json,987,16,16,16,6,2,16,1,4,16,DRUM_APTPU,LZTA,true,true
beta_train_all.json,988,16,16,32,16,2,16,1,4,16,DRUM_APTPU,HERLOA,true,true
beta_train_all.json,989,16,16,32,8,4,16,1,4,16,DRUM_APTPU,LOAWA,true,true
beta_train_all.json,990,32,32,8,7,5,16,1,4,16,DRUM_APTPU,SETA,true,true
beta_train_all.json,991,4,4,8,5,2,16,1,4,16,UDM,OLOCA4,true,false
beta_train_all.json,992,6,6,16,7,4,16,1,4,16,BAM,LOAWA,true,true
beta_train_all.json,993,8,8,8,3,12,16,1,4,16,BAM,OLOCA4,false,false
beta_train_all.json,994,6,6,16,7,10,16,1,4,16,BAM,LOAWA,false,true
beta_train_all.json,995,8,8,16,3,4,16,1,4,16,DRUM_APTPU,MHERLOA,false,true
beta_train_all.json,996,32,32,8,6,5,16,1,4,16,DRUM_APTPU,OLOCA4,true,false
beta_train_all.json,997,4,4,16,3,5,16,1,4,16,BAM,MHERLOA,false,true
beta_train_all.json,998,8,8,8,5,3,16,1,4,16,DRUM_APTPU,HOAANED,true,true
beta_train_all.json,999,4,4,8,4,5,16,1,4,16,DRUM_APTPU,HERLOA,false,true
beta_train_all.json,1000,4,4,32,32,5,16,1,4,16,BAM,HERLOA,true,true
beta_train_all.json,1001,32,32,32,7,12,16,1,4,16,DRUM_APTPU,MHERLOA,false,true
beta_train_all.json,1002,4,4,16,16,5,16,1,4,16,BAM,LOAWA,true,true
beta_train_all.json,1003,4,4,16,32,6,16,1,4,16,BAM,APPROX5,true,true
beta_train_all.json,1004,4,4,16,32,10,16,1,4,16,UDM,HERLOA,true,true
beta_train_all.json,1005,4,4,32,32,2,16,1,4,16,BAM,HEAA,true,true
beta_train_all.json,1006,4,4,16,32,10,16,1,4,16,UDM,OLOCA4,true,false
beta_train_all.json,1007,6,6,8,16,3,16,1,4,16,DRUM_APTPU,MHEAA,true,true
beta_train_all.json,1008,4,4,8,32,4,16,1,4,16,DRUM_APTPU,HOERAA,true,true
beta_train_all.json,1009,4,4,16,3,4,16,1,4,16,UDM,HERLOA,false,true
beta_train_all.json,1010,16,16,32,8,4,16,1,4,16,DRUM_APTPU,MHEAA,true,true
beta_train_all.json,1011,4,4,32,5,10,16,1,4,16,DRUM_APTPU,SETA,false,true
beta_train_all.json,1012,6,6,16,7,5,16,1,4,16,BAM,SETA,true,true
beta_train_all.json,1013,6,6,32,16,8,16,1,4,16,DRUM_APTPU,HEAA,true,true
beta_train_all.json,1014,8,8,32,32,6,16,1,4,16,DRUM_APTPU,OLOCA4,true,false
beta_train_all.json,1015,4,4,8,4,8,16,1,4,16,BAM,MHERLOA,false,true
beta_train_all.json,1016,4,4,32,16,6,16,1,4,16,BAM,LOAWA,true,true
beta_train_all.json,1017,4,4,8,3,10,16,1,4,16,DRUM_APTPU,LZTA,false,true
beta_train_all.json,1018,8,8,32,3,8,16,1,4,16,DRUM_APTPU,APPROX5,false,true
beta_train_all.json,1019,4,4,16,32,2,16,1,4,16,BAM,OLOCA4,true,false
beta_train_all.json,1020,16,16,16,8,10,16,1,4,16,DRUM_APTPU,LOA,false,true
beta_train_all.json,1021,4,4,8,4,5,16,1,4,16,DRUM_APTPU,HOAANED,false,true
beta_train_all.json,1022,6,6,32,16,10,16,1,4,16,BAM,LOAWA,true,true
beta_train_all.json,1023,4,4,8,4,2,16,1,4,16,DRUM_APTPU,LOAWA,true,true
beta_train_all.json,1024,4,4,16,32,6,16,1,4,16,UDM,SETA,true,true
beta_train_all.json,1025,8,8,16,8,6,16,1,4,16,DRUM_APTPU,HOAANED,true,true
beta_train_all.json,1026,4,4,16,6,2,16,1,4,16,BAM,HERLOA,true,true
beta_train_all.json,1027,4,4,16,16,12,16,1,4,16,UDM,LZTA,true,true
beta_train_all.json,1028,16,16,16,32,12,16,1,4,16,DRUM_APTPU,MHEAA,true,true
beta_train_all.json,1029,4,4,32,16,2,16,1,4,16,BAM,SETA,true,true
beta_train_all.json,1030,8,8,32,3,10,16,1,4,16,DRUM_APTPU,MHEAA,false,true
beta_train_all.json,1031,8,8,16,16,4,16,1,4,16,DRUM_APTPU,LZTA,true,true
beta_train_all.json,1032,6,6,16,8,3,16,1,4,16,DRUM_APTPU,SETA,true,true
beta_train_all.json,1033,32,32,16,16,10,16,1,4,16,DRUM_APTPU,SETA,true,true
beta_train_all.json,1034,8,8,16,3,3,16,1,4,16,DRUM_APTPU,LOA,true,true
beta_train_all.json,1035,8,8,32,6,12,16,1,4,16,DRUM_APTPU,LOA,false,true
beta_train_all.json,1036,4,4,16,16,12,16,1,4,16,BAM,HOAANED,true,true
beta_train_all.json,1037,4,4,8,16,10,16,1,4,16,DRUM_APTPU,MHERLOA,false,true
beta_train_all.json,1038,6,6,16,7,8,16,1,4,16,DRUM_APTPU,OLOCA4,false,false
beta_train_all.json,1039,32,32,8,7,12,16,1,4,16,DRUM_APTPU,SETA,false,true
beta_train_all.json,1040,4,4,8,4,5,16,1,4,16,DRUM_APTPU,HOERAA,false,true
beta_train_all.json,1041,8,8,32,16,2,16,1,4,16,DRUM_APTPU,HOERAA,true,true
beta_train_all.json,1042,16,16,32,7,3,16,1,4,16,DRUM_APTPU,HERLOA,true,true
beta_train_all.json,1043,6,6,16,6,10,16,1,4,16,DRUM_APTPU,MHERLOA,false,true
beta_train_all.json,1044,6,6,32,3,3,16,1,4,16,BAM,MHERLOA,true,true
beta_train_all.json,1045,6,6,32,6,5,16,1,4,16,DRUM_APTPU,SETA,true,true
beta_train_all.json,1046,6,6,8,6,5,16,1,4,16,DRUM_APTPU,MHERLOA,true,true
beta_train_all.json,1047,6,6,16,4,2,16,1,4,16,BAM,SETA,true,true
beta_train_all.json,1048,6,6,32,6,5,16,1,4,16,DRUM_APTPU,MHERLOA,true,true
beta_train_all.json,1049,8,8,32,32,4,16,1,4,16,DRUM_APTPU,LOAWA,true,true
beta_train_all.json,1050,4,4,8,7,12,16,1,4,16,BAM,OLOCA4,false,false
beta_train_all.json,1051,16,16,8,3,5,16,1,4,16,DRUM_APTPU,HERLOA,false,true
beta_train_all.json,1052,4,4,16,32,10,16,1,4,16,UDM,MHERLOA,true,true
beta_train_all.json,1053,4,4,32,5,6,16,1,4,16,UDM,SETA,false,true
beta_train_all.json,1054,8,8,16,6,10,16,1,4,16,DRUM_APTPU,HOAANED,false,true
beta_train_all.json,1055,6,6,8,32,8,16,1,4,16,DRUM_APTPU,MHERLOA,true,true
beta_train_all.json,1056,8,8,32,7,5,16,1,4,16,DRUM_APTPU,HOAANED,true,true
beta_train_all.json,1057,32,32,16,3,2,16,1,4,16,DRUM_APTPU,LZTA,true,true
beta_train_all.json,1058,4,4,32,6,5,16,1,4,16,DRUM_APTPU,LZTA,true,true
beta_train_all.json,1059,6,6,32,7,10,16,1,4,16,DRUM_APTPU,MHEAA,false,true
beta_train_all.json,1060,8,8,8,32,12,16,1,4,16,DRUM_APTPU,OLOCA4,false,false
beta_train_all.json,1061,6,6,8,32,8,16,1,4,16,DRUM_APTPU,SETA,true,true
beta_train_all.json,1062,4,4,32,32,6,16,1,4,16,UDM,HERLOA,true,true
beta_train_all.json,1063,4,4,8,8,4,16,1,4,16,DRUM_APTPU,OLOCA4,true,false
beta_train_all.json,1064,16,16,32,4,5,16,1,4,16,DRUM_APTPU,MHERLOA,false,true
beta_train_all.json,1065,4,4,32,4,8,16,1,4,16,BAM,HERLOA,false,true
beta_train_all.json,1066,8,8,16,5,8,16,1,4,16,DRUM_APTPU,MHEAA,false,true
beta_train_all.json,1067,4,4,16,8,3,16,1,4,16,BAM,HOAANED,true,true
beta_train_all.json,1068,6,6,8,8,6,16,1,4,16,DRUM_APTPU,SETA,true,true
beta_train_all.json,1069,8,8,8,16,8,16,1,4,16,DRUM_APTPU,HOAANED,true,true
beta_train_all.json,1070,8,8,32,3,6,16,1,4,16,BAM,SETA,false,true
beta_train_all.json,1071,8,8,16,32,4,16,1,4,16,DRUM_APTPU,HERLOA,true,true
beta_train_all.json,1072,4,4,32,6,4,16,1,4,16,DRUM_APTPU,HOAANED,true,true
beta_train_all.json,1073,16,16,32,6,5,16,1,4,16,DRUM_APTPU,SETA,true,true
beta_train_all.json,1074,4,4,16,6,2,16,1,4,16,BAM,HOERAA,true,true
beta_train_all.json,1075,4,4,32,3,3,16,1,4,16,DRUM_APTPU,HOAANED,true,true
beta_train_all.json,1076,6,6,16,6,4,16,1,4,16,BAM,LZTA,true,true
beta_train_all.json,1077,6,6,16,32,4,16,1,4,16,DRUM_APTPU,OLOCA4,true,false
beta_train_all.json,1078,4,4,16,7,6,16,1,4,16,DRUM_APTPU,HOERAA,true,true
beta_train_all.json,1079,16,16,8,8,4,16,1,4,16,DRUM_APTPU,HERLOA,true,true
beta_train_all.json,1080,4,4,16,7,4,16,1,4,16,DRUM_APTPU,LOAWA,true,true
beta_train_all.json,1081,4,4,16,3,5,16,1,4,16,BAM,MHEAA,false,true
beta_train_all.json,1082,6,6,32,5,6,16,1,4,16,DRUM_APTPU,LOA,false,true
beta_train_all.json,1083,4,4,16,32,12,16,1,4,16,BAM,HEAA,true,true
beta_train_all.json,1084,4,4,32,5,12,16,1,4,16,DRUM_APTPU,HOAANED,false,true
beta_train_all.json,1085,6,6,8,8,6,16,1,4,16,BAM,MHEAA,true,true
beta_train_all.json,1086,4,4,16,32,3,16,1,4,16,DRUM_APTPU,MHERLOA,true,true
beta_train_all.json,1087,6,6,32,16,10,16,1,4,16,DRUM_APTPU,MHERLOA,true,true
beta_train_all.json,1088,4,4,8,8,3,16,1,4,16,UDM,MHEAA,true,true
beta_train_all.json,1089,32,32,16,16,12,16,1,4,16,DRUM_APTPU,MHEAA,true,true
beta_train_all.json,1090,8,8,8,3,4,16,1,4,16,DRUM_APTPU,LOA,false,true
beta_train_all.json,1091,4,4,16,8,2,16,1,4,16,BAM,HERLOA,true,true
beta_train_all.json,1092,16,16,32,8,6,16,1,4,16,DRUM_APTPU,LOA,true,true
beta_train_all.json,1093,6,6,32,16,3,16,1,4,16,BAM,MHEAA,true,true
beta_train_all.json,1094,4,4,8,5,10,16,1,4,16,DRUM_APTPU,MHERLOA,false,true
beta_train_all.json,1095,4,4,32,16,12,16,1,4,16,UDM,HERLOA,true,true
beta_train_all.json,1096,4,4,16,7,8,16,1,4,16,BAM,LZTA,false,true
beta_train_all.json,1097,6,6,32,3,4,16,1,4,16,BAM,OLOCA4,false,false
beta_train_all.json,1098,8,8,16,7,3,16,1,4,16,BAM,SETA,true,true
beta_train_all.json,1099,8,8,32,8,8,16,1,4,16,DRUM_APTPU,LOA,true,true
beta_train_all.json,1100,6,6,16,4,5,16,1,4,16,BAM,LOAWA,false,true
beta_train_all.json,1101,6,6,32,7,10,16,1,4,16,DRUM_APTPU,SETA,false,true
beta_train_all.json,1102,6,6,16,16,3,16,1,4,16,DRUM_APTPU,OLOCA4,true,false
beta_train_all.json,1103,6,6,32,7,5,16,1,4,16,DRUM_APTPU,APPROX5,true,true
beta_train_all.json,1104,16,16,16,4,2,16,1,4,16,DRUM_APTPU,MHERLOA,true,true
beta_train_all.json,1105,8,8,8,5,12,16,1,4,16,DRUM_APTPU,MHERLOA,false,true
beta_train_all.json,1106,8,8,32,6,10,16,1,4,16,DRUM_APTPU,HOERAA,false,true
beta_train_all.json,1107,32,32,16,4,3,16,1,4,16,DRUM_APTPU,MHERLOA,true,true
beta_train_all.json,1108,4,4,8,16,5,16,1,4,16,DRUM_APTPU,OLOCA4,true,false
beta_train_all.json,1109,4,4,16,7,8,16,1,4,16,BAM,HERLOA,false,true
beta_train_all.json,1110,4,4,32,32,3,16,1,4,16,UDM,HERLOA,true,true
beta_train_all.json,1111,4,4,32,6,12,16,1,4,16,BAM,APPROX5,false,true
beta_train_all.json,1112,8,8,8,3,8,16,1,4,16,BAM,HERLOA,false,true
beta_train_all.json,1113,6,6,8,32,6,16,1,4,16,BAM,LOA,true,true
beta_train_all.json,1114,4,4,16,8,6,16,1,4,16,DRUM_APTPU,MHERLOA,true,true
beta_train_all.json,1115,4,4,8,6,8,16,1,4,16,DRUM_APTPU,SETA,false,true
beta_train_all.json,1116,6,6,8,16,3,16,1,4,16,BAM,SETA,true,true
beta_train_all.json,1117,4,4,8,32,4,16,1,4,16,BAM,SETA,true,true
beta_train_all.json,1118,4,4,16,32,8,16,1,4,16,DRUM_APTPU,MHEAA,true,true
beta_train_all.json,1119,6,6,8,16,8,16,1,4,16,DRUM_APTPU,HOAANED,true,true
beta_train_all.json,1120,4,4,16,6,8,16,1,4,16,BAM,HOERAA,false,true
beta_train_all.json,1121,4,4,8,5,4,16,1,4,16,BAM,LZTA,true,true
beta_train_all.json,1122,6,6,16,4,10,16,1,4,16,DRUM_APTPU,HERLOA,false,true
beta_train_all.json,1123,4,4,8,8,3,16,1,4,16,DRUM_APTPU,HEAA,true,true
beta_train_all.json,1124,4,4,16,3,5,16,1,4,16,DRUM_APTPU,APPROX5,false,true
beta_train_all.json,1125,16,16,8,5,4,16,1,4,16,DRUM_APTPU,LOA,true,true
beta_train_all.json,1126,4,4,32,5,12,16,1,4,16,UDM,SETA,false,true
beta_train_all.json,1127,4,4,8,32,8,16,1,4,16,UDM,SETA,true,true
beta_train_all.json,1128,8,8,32,8,6,16,1,4,16,DRUM_APTPU,SETA,true,true
beta_train_all.json,1129,4,4,8,5,4,16,1,4,16,DRUM_APTPU,MHERLOA,true,true
beta_train_all.json,1130,6,6,8,16,10,16,1,4,16,BAM,MHEAA,false,true
beta_train_all.json,1131,8,8,32,4,2,16,1,4,16,DRUM_APTPU,HOAANED,true,true
beta_train_all.json,1132,4,4,8,3,10,16,1,4,16,DRUM_APTPU,MHERLOA,false,true
beta_train_all.json,1133,4,4,8,6,12,16,1,4,16,DRUM_APTPU,HERLOA,false,true
beta_train_all.json,1134,4,4,32,6,10,16,1,4,16,UDM,HERLOA,false,true
beta_train_all.json,1135,16,16,32,3,8,16,1,4,16,DRUM_APTPU,LOAWA,false,true
beta_train_all.json,1136,8,8,32,16,10,16,1,4,16,DRUM_APTPU,HERLOA,true,true
beta_train_all.json,1137,6,6,16,16,8,16,1,4,16,BAM,LOA,true,true
beta_train_all.json,1138,4,4,32,8,8,16,1,4,16,UDM,SETA,true,true
beta_train_all.json,1139,8,8,8,3,8,16,1,4,16,DRUM_APTPU,MHERLOA,false,true
beta_train_all.json,1140,8,8,8,6,4,16,1,4,16,DRUM_APTPU,LOAWA,true,true
beta_train_all.json,1141,4,4,32,16,10,16,1,4,16,UDM,HERLOA,true,true
beta_train_all.json,1142,32,32,32,16,2,16,1,4,16,DRUM_APTPU,SETA,true,true
beta_train_all.json,1143,4,4,16,32,5,16,1,4,16,UDM,MHERLOA,true,true
beta_train_all.json,1144,16,16,16,6,8,16,1,4,16,DRUM_APTPU,HERLOA,false,true
beta_train_all.json,1145,6,6,16,8,8,16,1,4,16,DRUM_APTPU,OLOCA4,true,false
beta_train_all.json,1146,6,6,32,8,12,16,1,4,16,DRUM_APTPU,HEAA,false,true
beta_train_all.json,1147,4,4,8,16,12,16,1,4,16,UDM,HERLOA,false,true
beta_train_all.json,1148,6,6,32,16,2,16,1,4,16,BAM,MHEAA,true,true
beta_train_all.json,1149,4,4,8,3,8,16,1,4,16,UDM,MHEAA,false,true
beta_train_all.json,1150,8,8,32,7,8,16,1,4,16,BAM,SETA,false,true
beta_train_all.json,1151,8,8,32,16,12,16,1,4,16,DRUM_APTPU,HOERAA,true,true
beta_train_all.json,1152,4,4,32,4,2,16,1,4,16,DRUM_APTPU,HOAANED,true,true
beta_train_all.json,1153,4,4,32,3,8,16,1,4,16,DRUM_APTPU,APPROX5,false,true
beta_train_all.json,1154,4,4,8,8,6,16,1,4,16,BAM,MHEAA,true,true
beta_train_all.json,1155,16,16,32,7,3,16,1,4,16,DRUM_APTPU,MHEAA,true,true
beta_train_all.json,1156,6,6,8,3,8,16,1,4,16,DRUM_APTPU,APPROX5,false,true
beta_train_all.json,1157,4,4,16,32,12,16,1,4,16,UDM,HERLOA,true,true
beta_train_all.json,1158,4,4,8,6,3,16,1,4,16,UDM,MHERLOA,true,true
beta_train_all.json,1159,4,4,16,5,2,16,1,4,16,BAM,HEAA,true,true
beta_train_all.json,1160,6,6,16,7,10,16,1,4,16,BAM,HERLOA,false,true
beta_train_all.json,1161,4,4,32,4,8,16,1,4,16,BAM,APPROX5,false,true
beta_train_all.json,1162,6,6,16,5,12,16,1,4,16,DRUM_APTPU,SETA,false,true
beta_train_all.json,1163,6,6,16,6,4,16,1,4,16,BAM,LOA,true,true
beta_train_all.json,1164,6,6,32,3,12,16,1,4,16,BAM,SETA,false,true
beta_train_all.json,1165,4,4,16,7,3,16,1,4,16,DRUM_APTPU,HEAA,true,true
beta_train_all.json,1166,8,8,32,6,8,16,1,4,16,DRUM_APTPU,HOERAA,false,true
beta_train_all.json,1167,4,4,8,32,8,16,1,4,16,DRUM_APTPU,HERLOA,true,true
beta_train_all.json,1168,32,32,32,4,3,16,1,4,16,DRUM_APTPU,MHEAA,true,true
beta_train_all.json,1169,6,6,16,3,4,16,1,4,16,DRUM_APTPU,LOA,false,true
beta_train_all.json,1170,4,4,8,4,4,16,1,4,16,BAM,MHEAA,true,true
beta_train_all.json,1171,16,16,32,8,10,16,1,4,16,DRUM_APTPU,LOA,false,true
beta_train_all.json,1172,4,4,8,4,3,16,1,4,16,BAM,OLOCA4,true,false
beta_train_all.json,1173,8,8,16,3,5,16,1,4,16,DRUM_APTPU,MHEAA,false,true
beta_train_all.json,1174,4,4,8,5,12,16,1,4,16,DRUM_APTPU,OLOCA4,false,false
beta_train_all.json,1175,4,4,16,7,12,16,1,4,16,DRUM_APTPU,HOAANED,false,true
beta_train_all.json,1176,8,8,32,4,2,16,1,4,16,BAM,HERLOA,true,true
beta_train_all.json,1177,8,8,32,32,3,16,1,4,16,DRUM_APTPU,SETA,true,true
beta_train_all.json,1178,4,4,32,6,12,16,1,4,16,BAM,LZTA,false,true
beta_train_all.json,1179,16,16,16,32,4,16,1,4,16,DRUM_APTPU,OLOCA4,true,false
beta_train_all.json,1180,4,4,8,6,3,16,1,4,16,BAM,MHERLOA,true,true
beta_train_all.json,1181,8,8,32,8,6,16,1,4,16,BAM,SETA,true,true
beta_train_all.json,1182,16,16,32,32,3,16,1,4,16,DRUM_APTPU,LOA,true,true
beta_train_all.json,1183,6,6,16,32,12,16,1,4,16,BAM,LZTA,true,true
beta_train_all.json,1184,8,8,32,32,3,16,1,4,16,DRUM_APTPU,LOAWA,true,true
beta_train_all.json,1185,4,4,16,6,8,16,1,4,16,DRUM_APTPU,MHERLOA,false,true
beta_train_all.json,1186,32,32,16,4,6,16,1,4,16,DRUM_APTPU,HERLOA,false,true
beta_train_all.json,1187,6,6,8,16,6,16,1,4,16,DRUM_APTPU,LZTA,true,true
beta_train_all.json,1188,6,6,16,6,10,16,1,4,16,DRUM_APTPU,HOERAA,false,true
beta_train_all.json,1189,16,16,16,7,6,16,1,4,16,DRUM_APTPU,SETA,true,true
beta_train_all.json,1190,4,4,32,7,8,16,1,4,16,DRUM_APTPU,MHERLOA,false,true
beta_train_all.json,1191,6,6,16,8,6,16,1,4,16,BAM,OLOCA4,true,false
beta_train_all.json,1192,4,4,32,8,12,16,1,4,16,DRUM_APTPU,LOAWA,false,true
beta_train_all.json,1193,4,4,16,6,10,16,1,4,16,DRUM_APTPU,HOAANED,false,true
beta_train_all.json,1194,8,8,8,6,4,16,1,4,16,BAM,SETA,true,true
beta_train_all.json,1195,4,4,8,4,3,16,1,4,16,DRUM_APTPU,APPROX5,true,true
beta_train_all.json,1196,4,4,32,7,12,16,1,4,16,BAM,SETA,false,true
beta_train_all.json,1197,6,6,8,8,3,16,1,4,16,BAM,SETA,true,true
beta_train_all.json,1198,16,16,8,6,2,16,1,4,16,DRUM_APTPU,HERLOA,true,true
beta_train_all.json,1199,32,32,32,32,2,16,1,4,16,DRUM_APTPU,MHERLOA,true,true
beta_train_all.json,1200,4,4,32,16,4,16,1,4,16,DRUM_APTPU,LOA,true,true
beta_train_all.json,1201,32,32,8,5,8,16,1,4,16,DRUM_APTPU,MHEAA,false,true
beta_train_all.json,1202,4,4,8,5,5,16,1,4,16,BAM,LZTA,true,true
beta_train_all.json,1203,4,4,16,3,5,16,1,4,16,DRUM_APTPU,SETA,false,true
beta_train_all.json,1204,4,4,8,7,3,16,1,4,16,BAM,APPROX5,true,true
beta_train_all.json,1205,4,4,32,5,6,16,1,4,16,BAM,HEAA,false,true
beta_train_all.json,1206,16,16,16,6,6,16,1,4,16,DRUM_APTPU,LOA,true,true
beta_train_all.json,1207,4,4,8,7,10,16,1,4,16,BAM,HOAANED,false,true
beta_train_all.json,1208,4,4,16,8,6,16,1,4,16,DRUM_APTPU,LZTA,true,true
beta_train_all.json,1209,8,8,32,32,10,16,1,4,16,DRUM_APTPU,HOAANED,true,true
beta_train_all.json,1210,6,6,16,5,3,16,1,4,16,BAM,MHERLOA,true,true
beta_train_all.json,1211,16,16,16,7,10,16,1,4,16,DRUM_APTPU,SETA,false,true
beta_train_all.json,1212,4,4,32,6,8,16,1,4,16,DRUM_APTPU,HOAANED,false,true
beta_train_all.json,1213,6,6,16,7,10,16,1,4,16,DRUM_APTPU,OLOCA4,false,false
beta_train_all.json,1214,8,8,8,4,2,16,1,4,16,DRUM_APTPU,OLOCA4,true,false
beta_train_all.json,1215,4,4,32,3,3,16,1,4,16,BAM,MHERLOA,true,true
beta_train_all.json,1216,4,4,16,8,3,16,1,4,16,DRUM_APTPU,APPROX5,true,true
beta_train_all.json,1217,8,8,32,8,5,16,1,4,16,DRUM_APTPU,LOA,true,true
beta_train_all.json,1218,4,4,8,32,2,16,1,4,16,DRUM_APTPU,HOAANED,true,true
beta_train_all.json,1219,6,6,32,5,6,16,1,4,16,DRUM_APTPU,HEAA,false,true
beta_train_all.json,1220,4,4,32,3,3,16,1,4,16,BAM,MHEAA,true,true
beta_train_all.json,1221,6,6,8,4,3,16,1,4,16,DRUM_APTPU,MHERLOA,true,true
beta_train_all.json,1222,6,6,8,32,8,16,1,4,16,DRUM_APTPU,LZTA,true,true
beta_train_all.json,1223,32,32,8,3,12,16,1,4,16,DRUM_APTPU,LZTA,false,true
beta_train_all.json,1224,4,4,16,16,8,16,1,4,16,DRUM_APTPU,LZTA,true,true
beta_train_all.json,1225,4,4,32,3,4,16,1,4,16,BAM,MHEAA,false,true
beta_train_all.json,1226,4,4,16,16,10,16,1,4,16,BAM,HOAANED,true,true
beta_train_all.json,1227,8,8,32,5,12,16,1,4,16,DRUM_APTPU,HOERAA,false,true
beta_train_all.json,1228,6,6,8,8,2,16,1,4,16,BAM,LZTA,true,true
beta_train_all.json,1229,8,8,16,4,8,16,1,4,16,DRUM_APTPU,APPROX5,false,true
beta_train_all.json,1230,4,4,32,4,12,16,1,4,16,DRUM_APTPU,LOAWA,false,true
beta_train_all.json,1231,8,8,8,3,5,16,1,4,16,DRUM_APTPU,LZTA,false,true
beta_train_all.json,1232,4,4,32,8,6,16,1,4,16,BAM,APPROX5,true,true
beta_train_all.json,1233,16,16,16,7,12,16,1,4,16,DRUM_APTPU,OLOCA4,false,false
beta_train_all.json,1234,6,6,8,16,2,16,1,4,16,BAM,LOAWA,true,true
beta_train_all.json,1235,8,8,32,3,4,16,1,4,16,DRUM_APTPU,HEAA,false,true
beta_train_all.json,1236,8,8,8,3,6,16,1,4,16,DRUM_APTPU,OLOCA4,false,false
beta_train_all.json,1237,16,16,16,16,6,16,1,4,16,DRUM_APTPU,OLOCA4,true,false
beta_train_all.json,1238,6,6,32,3,5,16,1,4,16,BAM,LOAWA,false,true
beta_train_all.json,1239,6,6,32,4,8,16,1,4,16,BAM,LOAWA,false,true
beta_train_all.json,1240,32,32,32,6,12,16,1,4,16,DRUM_APTPU,HERLOA,false,true
beta_train_all.json,1241,6,6,32,16,6,16,1,4,16,BAM,SETA,true,true
beta_train_all.json,1242,16,16,16,8,4,16,1,4,16,DRUM_APTPU,LOA,true,true
beta_train_all.json,1243,6,6,32,6,3,16,1,4,16,BAM,HERLOA,true,true
beta_train_all.json,1244,8,8,32,6,4,16,1,4,16,DRUM_APTPU,HOERAA,true,true
beta_train_all.json,1245,4,4,32,6,3,16,1,4,16,BAM,LOAWA,true,true
beta_train_all.json,1246,8,8,32,16,6,16,1,4,16,DRUM_APTPU,HOERAA,true,true
beta_train_all.json,1247,8,8,16,6,6,16,1,4,16,DRUM_APTPU,LZTA,true,true
beta_train_all.json,1248,6,6,16,8,2,16,1,4,16,BAM,SETA,true,true
beta_train_all.json,1249,4,4,16,4,8,16,1,4,16,BAM,APPROX5,false,true
beta_train_all.json,1250,4,4,32,32,10,16,1,4,16,BAM,HOAANED,true,true
beta_train_all.json,1251,6,6,8,3,5,16,1,4,16,DRUM_APTPU,MHERLOA,false,true
beta_train_all.json,1252,4,4,8,7,5,16,1,4,16,BAM,LZTA,true,true
beta_train_all.json,1253,6,6,8,6,4,16,1,4,16,BAM,HERLOA,true,true
beta_train_all.json,1254,32,32,8,6,6,16,1,4,16,DRUM_APTPU,SETA,true,true
beta_train_all.json,1255,4,4,32,3,6,16,1,4,16,BAM,LZTA,false,true
beta_train_all.json,1256,6,6,8,4,6,16,1,4,16,BAM,HERLOA,false,true
beta_train_all.json,1257,4,4,16,5,3,16,1,4,16,DRUM_APTPU,LZTA,true,true
beta_train_all.json,1258,6,6,8,7,3,16,1,4,16,DRUM_APTPU,LOAWA,true,true
beta_train_all.json,1259,6,6,32,5,3,16,1,4,16,DRUM_APTPU,HEAA,true,true
beta_train_all.json,1260,4,4,8,7,6,16,1,4,16,BAM,HERLOA,true,true
beta_train_all.json,1261,6,6,8,6,4,16,1,4,16,DRUM_APTPU,LOA,true,true
beta_train_all.json,1262,4,4,8,5,12,16,1,4,16,BAM,LZTA,false,true
beta_train_all.json,1263,8,8,16,4,4,16,1,4,16,BAM,OLOCA4,true,false
beta_train_all.json,1264,4,4,16,32,2,16,1,4,16,BAM,HEAA,true,true
beta_train_all.json,1265,16,16,8,32,5,16,1,4,16,DRUM_APTPU,LZTA,true,true
beta_train_all.json,1266,8,8,16,3,12,16,1,4,16,DRUM_APTPU,MHERLOA,false,true
beta_train_all.json,1267,4,4,32,8,4,16,1,4,16,BAM,HOAANED,true,true
beta_train_all.json,1268,4,4,32,32,8,16,1,4,16,BAM,HOAANED,true,true
beta_train_all.json,1269,6,6,16,32,2,16,1,4,16,DRUM_APTPU,APPROX5,true,true
beta_train_all.json,1270,32,32,16,8,8,16,1,4,16,DRUM_APTPU,MHEAA,true,true
beta_train_all.json,1271,4,4,8,4,6,16,1,4,16,BAM,LZTA,false,true
beta_train_all.json,1272,4,4,8,16,6,16,1,4,16,UDM,OLOCA4,true,false
beta_train_all.json,1273,4,4,8,16,3,16,1,4,16,UDM,OLOCA4,true,false
beta_train_all.json,1274,8,8,8,32,2,16,1,4,16,DRUM_APTPU,LOA,true,true
beta_train_all.json,1275,8,8,16,7,6,16,1,4,16,DRUM_APTPU,LOAWA,true,true
beta_train_all.json,1276,4,4,16,3,2,16,1,4,16,DRUM_APTPU,OLOCA4,true,false
beta_train_all.json,1277,8,8,16,5,8,16,1,4,16,DRUM_APTPU,LOAWA,false,true
beta_train_all.json,1278,6,6,16,32,3,16,1,4,16,BAM,OLOCA4,true,false
beta_train_all.json,1279,6,6,16,3,10,16,1,4,16,DRUM_APTPU,HEAA,false,true
beta_train_all.json,1280,4,4,32,5,2,16,1,4,16,DRUM_APTPU,SETA,true,true
beta_train_all.json,1281,6,6,32,8,6,16,1,4,16,BAM,SETA,true,true
beta_train_all.json,1282,4,4,16,16,8,16,1,4,16,UDM,LZTA,true,true
beta_train_all.json,1283,32,32,8,5,5,16,1,4,16,DRUM_APTPU,MHERLOA,true,true
beta_train_all.json,1284,8,8,8,16,10,16,1,4,16,DRUM_APTPU,HOERAA,false,true
beta_train_all.json,1285,6,6,16,3,10,16,1,4,16,BAM,LOAWA,false,true
beta_train_all.json,1286,6,6,16,4,2,16,1,4,16,DRUM_APTPU,HEAA,true,true
beta_train_all.json,1287,6,6,16,5,5,16,1,4,16,DRUM_APTPU,HERLOA,true,true
beta_train_all.json,1288,6,6,8,7,4,16,1,4,16,BAM,LOAWA,true,true
beta_train_all.json,1289,16,16,8,32,8,16,1,4,16,DRUM_APTPU,MHERLOA,true,true
beta_train_all.json,1290,6,6,16,6,3,16,1,4,16,BAM,MHERLOA,true,true
beta_train_all.json,1291,32,32,8,4,6,16,1,4,16,DRUM_APTPU,OLOCA4,false,false
beta_train_all.json,1292,4,4,16,5,4,16,1,4,16,UDM,MHERLOA,true,true
beta_train_all.json,1293,4,4,8,4,3,16,1,4,16,DRUM_APTPU,LZTA,true,true
beta_train_all.json,1294,8,8,32,7,4,16,1,4,16,DRUM_APTPU,MHERLOA,true,true
beta_train_all.json,1295,6,6,32,4,8,16,1,4,16,DRUM_APTPU,LOAWA,false,true
beta_train_all.json,1296,6,6,8,4,8,16,1,4,16,DRUM_APTPU,OLOCA4,false,false
beta_train_all.json,1297,6,6,32,32,12,16,1,4,16,BAM,LZTA,true,true
beta_train_all.json,1298,16,16,8,3,10,16,1,4,16,DRUM_APTPU,HERLOA,false,true
beta_train_all.json,1299,4,4,8,3,6,16,1,4,16,UDM,LZTA,false,true
beta_train_all.json,1300,6,6,8,5,8,16,1,4,16,DRUM_APTPU,MHERLOA,false,true
beta_train_all.json,1301,8,8,16,5,2,16,1,4,16,DRUM_APTPU,LOA,true,true
beta_train_all.json,1302,16,16,32,32,12,16,1,4,16,DRUM_APTPU,MHERLOA,true,true
beta_train_all.json,1303,4,4,8,8,5,16,1,4,16,DRUM_APTPU,HEAA,true,true
beta_train_all.json,1304,16,16,32,4,10,16,1,4,16,DRUM_APTPU,HERLOA,false,true
beta_train_all.json,1305,6,6,8,32,12,16,1,4,16,BAM,MHERLOA,false,true
beta_train_all.json,1306,4,4,8,16,10,16,1,4,16,UDM,SETA,false,true
beta_train_all.json,1307,16,16,8,3,4,16,1,4,16,DRUM_APTPU,LZTA,false,true
beta_train_all.json,1308,6,6,16,4,2,16,1,4,16,BAM,MHERLOA,true,true
beta_train_all.json,1309,8,8,8,16,10,16,1,4,16,BAM,HERLOA,false,true
beta_train_all.json,1310,4,4,8,32,4,16,1,4,16,UDM,SETA,true,true
beta_train_all.json,1311,16,16,8,8,12,16,1,4,16,DRUM_APTPU,SETA,false,true
beta_train_all.json,1312,4,4,32,7,2,16,1,4,16,DRUM_APTPU,HOERAA,true,true
beta_train_all.json,1313,4,4,8,5,6,16,1,4,16,BAM,MHERLOA,false,true
beta_train_all.json,1314,32,32,32,16,2,16,1,4,16,DRUM_APTPU,LZTA,true,true
beta_train_all.json,1315,4,4,16,16,2,16,1,4,16,UDM,SETA,true,true
beta_train_all.json,1316,6,6,8,7,2,16,1,4,16,BAM,OLOCA4,true,false
beta_train_all.json,1317,8,8,16,7,3,16,1,4,16,DRUM_APTPU,OLOCA4,true,false
beta_train_all.json,1318,6,6,32,7,12,16,1,4,16,DRUM_APTPU,APPROX5,false,true
beta_train_all.json,1319,4,4,32,5,8,16,1,4,16,DRUM_APTPU,HERLOA,false,true
beta_train_all.json,1320,16,16,16,16,6,16,1,4,16,DRUM_APTPU,MHERLOA,true,true
beta_train_all.json,1321,4,4,32,16,2,16,1,4,16,UDM,OLOCA4,true,false
beta_train_all.json,1322,6,6,32,16,3,16,1,4,16,BAM,LZTA,true,true
beta_train_all.json,1323,4,4,16,8,8,16,1,4,16,DRUM_APTPU,APPROX5,true,true
beta_train_all.json,1324,6,6,32,8,10,16,1,4,16,BAM,MHEAA,false,true
beta_train_all.json,1325,6,6,32,8,3,16,1,4,16,BAM,SETA,true,true
beta_train_all.json,1326,4,4,16,8,10,16,1,4,16,DRUM_APTPU,MHEAA,false,true
beta_train_all.json,1327,4,4,8,4,3,16,1,4,16,DRUM_APTPU,MHERLOA,true,true
beta_train_all.json,1328,6,6,8,32,4,16,1,4,16,BAM,MHERLOA,true,true
beta_train_all.json,1329,6,6,16,16,6,16,1,4,16,BAM,LZTA,true,true
beta_train_all.json,1330,4,4,8,3,12,16,1,4,16,DRUM_APTPU,HERLOA,false,true
beta_train_all.json,1331,6,6,32,16,12,16,1,4,16,DRUM_APTPU,LOAWA,true,true
beta_train_all.json,1332,4,4,16,8,4,16,1,4,16,UDM,OLOCA4,true,false
beta_train_all.json,1333,4,4,32,8,6,16,1,4,16,BAM,LZTA,true,true
beta_train_all.json,1334,6,6,16,6,10,16,1,4,16,DRUM_APTPU,LZTA,false,true
beta_train_all.json,1335,4,4,32,32,10,16,1,4,16,UDM,HERLOA,true,true
beta_train_all.json,1336,6,6,8,8,6,16,1,4,16,BAM,OLOCA4,true,false
beta_train_all.json,1337,6,6,32,5,3,16,1,4,16,BAM,MHEAA,true,true
beta_train_all.json,1338,6,6,16,6,10,16,1,4,16,DRUM_APTPU,HOAANED,false,true
beta_train_all.json,1339,4,4,32,8,6,16,1,4,16,DRUM_APTPU,MHERLOA,true,true
beta_train_all.json,1340,4,4,32,3,5,16,1,4,16,DRUM_APTPU,OLOCA4,false,false
beta_train_all.json,1341,8,8,8,6,3,16,1,4,16,DRUM_APTPU,HOAANED,true,true
beta_train_all.json,1342,6,6,32,4,4,16,1,4,16,DRUM_APTPU,SETA,true,true
beta_train_all.json,1343,8,8,16,8,6,16,1,4,16,DRUM_APTPU,HOERAA,true,true
beta_train_all.json,1344,8,8,16,4,8,16,1,4,16,DRUM_APTPU,MHERLOA,false,true
beta_train_all.json,1345,4,4,32,4,10,16,1,4,16,DRUM_APTPU,APPROX5,false,true
beta_train_all.json,1346,8,8,16,4,10,16,1,4,16,DRUM_APTPU,LZTA,false,true
beta_train_all.json,1347,4,4,8,8,6,16,1,4,16,BAM,APPROX5,true,true
beta_train_all.json,1348,6,6,16,3,12,16,1,4,16,DRUM_APTPU,HERLOA,false,true
beta_train_all.json,1349,4,4,32,4,8,16,1,4,16,BAM,HEAA,false,true
beta_train_all.json,1350,4,4,16,32,2,16,1,4,16,DRUM_APTPU,LOA,true,true
beta_train_all.json,1351,16,16,16,3,4,16,1,4,16,DRUM_APTPU,MHERLOA,false,true
beta_train_all.json,1352,4,4,32,6,2,16,1,4,16,DRUM_APTPU,SETA,true,true
beta_train_all.json,1353,6,6,16,6,8,16,1,4,16,BAM,LZTA,false,true
beta_train_all.json,1354,4,4,8,4,3,16,1,4,16,BAM,SETA,true,true
beta_train_all.json,1355,6,6,8,5,4,16,1,4,16,BAM,OLOCA4,true,false
beta_train_all.json,1356,4,4,32,6,10,16,1,4,16,DRUM_APTPU,LOAWA,false,true
beta_train_all.json,1357,64,64,8,3,6,16,1,4,16,DRUM_APTPU,HERLOA,false,true
beta_train_all.json,1358,6,6,8,4,2,16,1,4,16,DRUM_APTPU,APPROX5,true,true
beta_train_all.json,1359,32,32,32,16,8,16,1,4,16,DRUM_APTPU,LZTA,true,true
beta_train_all.json,1360,8,8,8,3,12,16,1,4,16,DRUM_APTPU,HOAANED,false,true
beta_train_all.json,1361,32,32,8,3,12,16,1,4,16,DRUM_APTPU,OLOCA4,false,false
beta_train_all.json,1362,4,4,32,4,2,16,1,4,16,BAM,MHEAA,true,true
beta_train_all.json,1363,16,16,16,6,10,16,1,4,16,DRUM_APTPU,LZTA,false,true
beta_train_all.json,1364,32,32,8,8,5,16,1,4,16,DRUM_APTPU,MHERLOA,true,true
beta_train_all.json,1365,4,4,16,8,10,16,1,4,16,DRUM_APTPU,HERLOA,false,true
beta_train_all.json,1366,4,4,16,4,8,16,1,4,16,BAM,SETA,false,true
beta_train_all.json,1367,32,32,16,8,6,16,1,4,16,DRUM_APTPU,MHERLOA,true,true
beta_train_all.json,1368,4,4,32,7,2,16,1,4,16,BAM,HEAA,true,true
beta_train_all.json,1369,4,4,32,32,8,16,1,4,16,DRUM_APTPU,HOERAA,true,true
beta_train_all.json,1370,32,32,16,8,3,16,1,4,16,DRUM_APTPU,OLOCA4,true,false
beta_train_all.json,1371,4,4,32,8,3,16,1,4,16,DRUM_APTPU,MHEAA,true,true
beta_train_all.json,1372,6,6,8,5,3,16,1,4,16,DRUM_APTPU,OLOCA4,true,false
beta_train_all.json,1373,32,32,8,6,12,16,1,4,16,DRUM_APTPU,LOAWA,false,true
beta_train_all.json,1374,8,8,8,4,3,16,1,4,16,DRUM_APTPU,HERLOA,true,true
beta_train_all.json,1375,6,6,16,8,8,16,1,4,16,DRUM_APTPU,LZTA,true,true
beta_train_all.json,1376,6,6,8,6,10,16,1,4,16,DRUM_APTPU,MHEAA,false,true
beta_train_all.json,1377,4,4,32,6,3,16,1,4,16,DRUM_APTPU,LZTA,true,true
beta_train_all.json,1378,4,4,16,5,8,16,1,4,16,DRUM_APTPU,LOA,false,true
beta_train_all.json,1379,8,8,32,5,3,16,1,4,16,DRUM_APTPU,MHEAA,true,true
beta_train_all.json,1380,6,6,32,8,2,16,1,4,16,DRUM_APTPU,MHERLOA,true,true
beta_train_all.json,1381,6,6,8,7,10,16,1,4,16,BAM,MHEAA,false,true
beta_train_all.json,1382,16,16,16,4,4,16,1,4,16,DRUM_APTPU,MHEAA,true,true
beta_train_all.json,1383,32,32,16,4,12,16,1,4,16,DRUM_APTPU,MHEAA,false,true
beta_train_all.json,1384,4,4,32,4,12,16,1,4,16,DRUM_APTPU,HOAANED,false,true
beta_train_all.json,1385,8,8,32,32,6,16,1,4,16,DRUM_APTPU,HOAANED,true,true
beta_train_all.json,1386,4,4,32,16,3,16,1,4,16,BAM,HOAANED,true,true
beta_train_all.json,1387,4,4,32,4,4,16,1,4,16,DRUM_APTPU,SETA,true,true
beta_train_all.json,1388,4,4,32,6,6,16,1,4,16,BAM,LOA,true,true
beta_train_all.json,1389,8,8,16,16,6,16,1,4,16,DRUM_APTPU,APPROX5,true,true
beta_train_all.json,1390,4,4,8,6,12,16,1,4,16,UDM,MHEAA,false,true
beta_train_all.json,1391,6,6,8,5,4,16,1,4,16,DRUM_APTPU,HEAA,true,true
beta_train_all.json,1392,4,4,8,32,3,16,1,4,16,UDM,MHERLOA,true,true
beta_train_all.json,1393,4,4,8,8,5,16,1,4,16,UDM,LZTA,true,true
beta_train_all.json,1394,8,8,16,8,3,16,1,4,16,DRUM_APTPU,HOERAA,true,true
beta_train_all.json,1395,32,32,16,16,8,16,1,4,16,DRUM_APTPU,MHEAA,true,true
beta_train_all.json,1396,6,6,8,5,12,16,1,4,16,DRUM_APTPU,SETA,false,true
beta_train_all.json,1397,16,16,32,7,6,16,1,4,16,DRUM_APTPU,MHERLOA,true,true
beta_train_all.json,1398,6,6,16,4,6,16,1,4,16,BAM,MHERLOA,false,true
beta_train_all.json,1399,8,8,16,6,8,16,1,4,16,DRUM_APTPU,HERLOA,false,true
beta_train_all.json,1400,4,4,8,6,6,16,1,4,16,BAM,SETA,true,true
beta_train_all.json,1401,4,4,16,16,8,16,1,4,16,DRUM_APTPU,MHERLOA,true,true
beta_train_all.json,1402,6,6,8,8,2,16,1,4,16,DRUM_APTPU,APPROX5,true,true
beta_train_all.json,1403,6,6,16,4,8,16,1,4,16,BAM,HERLOA,false,true
beta_train_all.json,1404,4,4,32,7,6,16,1,4,16,BAM,MHEAA,true,true
beta_train_all.json,1405,6,6,32,16,5,16,1,4,16,DRUM_APTPU,HOERAA,true,true
beta_train_all.json,1406,4,4,8,16,2,16,1,4,16,BAM,APPROX5,true,true
beta_train_all.json,1407,6,6,32,4,10,16,1,4,16,DRUM_APTPU,MHEAA,false,true
beta_train_all.json,1408,32,32,32,6,4,16,1,4,16,DRUM_APTPU,HERLOA,true,true
beta_train_all.json,1409,4,4,8,7,6,16,1,4,16,DRUM_APTPU,OLOCA4,true,false
beta_train_all.json,1410,4,4,8,32,12,16,1,4,16,DRUM_APTPU,HOERAA,false,true
beta_train_all.json,1411,6,6,32,6,3,16,1,4,16,DRUM_APTPU,APPROX5,true,true
beta_train_all.json,1412,8,8,32,7,8,16,1,4,16,DRUM_APTPU,SETA,false,true
beta_train_all.json,1413,4,4,8,4,10,16,1,4,16,DRUM_APTPU,HOAANED,false,true
beta_train_all.json,1414,6,6,8,3,8,16,1,4,16,DRUM_APTPU,OLOCA4,false,false
beta_train_all.json,1415,8,8,16,32,3,16,1,4,16,DRUM_APTPU,HEAA,true,true
beta_train_all.json,1416,4,4,8,4,10,16,1,4,16,BAM,HEAA,false,true
beta_train_all.json,1417,6,6,32,5,2,16,1,4,16,BAM,MHEAA,true,true
beta_train_all.json,1418,4,4,32,5,2,16,1,4,16,BAM,OLOCA4,true,false
beta_train_all.json,1419,4,4,8,4,8,16,1,4,16,DRUM_APTPU,MHEAA,false,true
beta_train_all.json,1420,4,4,8,8,10,16,1,4,16,DRUM_APTPU,SETA,false,true
beta_train_all.json,1421,4,4,32,5,2,16,1,4,16,UDM,MHERLOA,true,true
beta_train_all.json,1422,6,6,32,6,8,16,1,4,16,DRUM_APTPU,OLOCA4,false,false
beta_train_all.json,1423,4,4,32,32,2,16,1,4,16,UDM,OLOCA4,true,false
beta_train_all.json,1424,16,16,8,16,2,16,1,4,16,DRUM_APTPU,HERLOA,true,true
beta_train_all.json,1425,6,6,32,16,6,16,1,4,16,DRUM_APTPU,HEAA,true,true
beta_train_all.json,1426,4,4,8,32,8,16,1,4,16,DRUM_APTPU,HEAA,true,true
beta_train_all.json,1427,4,4,32,4,3,16,1,4,16,DRUM_APTPU,HOAANED,true,true
beta_train_all.json,1428,8,8,32,6,6,16,1,4,16,DRUM_APTPU,SETA,true,true
beta_train_all.json,1429,32,32,16,5,2,16,1,4,16,DRUM_APTPU,OLOCA4,true,false
beta_train_all.json,1430,8,8,32,4,3,16,1,4,16,DRUM_APTPU,HOAANED,true,true
beta_train_all.json,1431,32,32,8,5,8,16,1,4,16,DRUM_APTPU,LZTA,false,true
beta_train_all.json,1432,4,4,8,7,10,16,1,4,16,DRUM_APTPU,SETA,false,true
beta_train_all.json,1433,8,8,16,6,3,16,1,4,16,DRUM_APTPU,HEAA,true,true
beta_train_all.json,1434,4,4,32,3,8,16,1,4,16,BAM,HEAA,false,true
beta_train_all.json,1435,6,6,16,6,4,16,1,4,16,BAM,SETA,true,true
beta_train_all.json,1436,8,8,8,8,3,16,1,4,16,DRUM_APTPU,HOERAA,true,true
beta_train_all.json,1437,8,8,16,32,6,16,1,4,16,BAM,OLOCA4,true,false
beta_train_all.json,1438,4,4,32,6,2,16,1,4,16,UDM,MHERLOA,true,true
beta_train_all.json,1439,6,6,8,6,2,16,1,4,16,DRUM_APTPU,HERLOA,true,true
beta_train_all.json,1440,32,32,8,5,12,16,1,4,16,DRUM_APTPU,LZTA,false,true
beta_train_all.json,1441,16,16,8,32,3,16,1,4,16,DRUM_APTPU,HERLOA,true,true
beta_train_all.json,1442,8,8,32,4,3,16,1,4,16,DRUM_APTPU,MHERLOA,true,true
beta_train_all.json,1443,8,8,8,32,8,16,1,4,16,BAM,HERLOA,true,true
beta_train_all.json,1444,6,6,16,32,6,16,1,4,16,DRUM_APTPU,MHEAA,true,true
beta_train_all.json,1445,8,8,16,16,8,16,1,4,16,DRUM_APTPU,LOAWA,true,true
beta_train_all.json,1446,4,4,16,4,10,16,1,4,16,BAM,SETA,false,true
beta_train_all.json,1447,4,4,8,6,3,16,1,4,16,DRUM_APTPU,OLOCA4,true,false
beta_train_all.json,1448,8,8,32,3,4,16,1,4,16,DRUM_APTPU,LZTA,false,true
beta_train_all.json,1449,8,8,8,4,5,16,1,4,16,BAM,HERLOA,false,true
beta_train_all.json,1450,6,6,16,3,6,16,1,4,16,BAM,HERLOA,false,true
beta_train_all.json,1451,4,4,8,5,5,16,1,4,16,DRUM_APTPU,HOERAA,true,true
beta_train_all.json,1452,4,4,16,7,12,16,1,4,16,BAM,LOA,false,true
beta_train_all.json,1453,16,16,16,4,6,16,1,4,16,DRUM_APTPU,OLOCA4,false,false
beta_train_all.json,1454,6,6,32,5,10,16,1,4,16,DRUM_APTPU,HOERAA,false,true
beta_train_all.json,1455,8,8,8,8,5,16,1,4,16,DRUM_APTPU,LZTA,true,true
beta_train_all.json,1456,64,64,8,3,4,16,1,4,16,DRUM_APTPU,HERLOA,false,true
beta_train_all.json,1457,4,4,8,8,5,16,1,4,16,BAM,MHERLOA,true,true
beta_train_all.json,1458,6,6,8,16,4,16,1,4,16,BAM,HOERAA,true,true
beta_train_all.json,1459,8,8,32,5,6,16,1,4,16,DRUM_APTPU,LOA,false,true
beta_train_all.json,1460,6,6,8,5,6,16,1,4,16,DRUM_APTPU,HEAA,false,true
beta_train_all.json,1461,8,8,8,8,5,16,1,4,16,DRUM_APTPU,MHEAA,true,true
beta_train_all.json,1462,6,6,16,6,8,16,1,4,16,DRUM_APTPU,HOERAA,false,true
beta_train_all.json,1463,8,8,32,7,2,16,1,4,16,DRUM_APTPU,MHEAA,true,true
beta_train_all.json,1464,6,6,32,32,2,16,1,4,16,DRUM_APTPU,APPROX5,true,true
beta_train_all.json,1465,4,4,8,16,10,16,1,4,16,BAM,LZTA,false,true
beta_train_all.json,1466,4,4,16,4,8,16,1,4,16,BAM,LZTA,false,true
beta_train_all.json,1467,16,16,8,16,10,16,1,4,16,DRUM_APTPU,MHERLOA,false,true
beta_train_all.json,1468,8,8,8,16,10,16,1,4,16,DRUM_APTPU,MHERLOA,false,true
beta_train_all.json,1469,6,6,32,7,3,16,1,4,16,BAM,OLOCA4,true,false
beta_train_all.json,1470,8,8,32,3,12,16,1,4,16,DRUM_APTPU,HOERAA,false,true
beta_train_all.json,1471,4,4,16,16,12,16,1,4,16,BAM,MHEAA,true,true
beta_train_all.json,1472,8,8,8,32,12,16,1,4,16,DRUM_APTPU,APPROX5,false,true
beta_train_all.json,1473,6,6,8,8,5,16,1,4,16,DRUM_APTPU,HOERAA,true,true
beta_train_all.json,1474,6,6,32,4,3,16,1,4,16,BAM,LZTA,true,true
beta_train_all.json,1475,8,8,8,3,2,16,1,4,16,DRUM_APTPU,OLOCA4,true,false
beta_train_all.json,1476,16,16,32,5,8,16,1,4,16,DRUM_APTPU,OLOCA4,false,false
beta_train_all.json,1477,16,16,8,3,4,16,1,4,16,DRUM_APTPU,MHEAA,false,true
beta_train_all.json,1478,6,6,8,8,4,16,1,4,16,BAM,LOA,true,true
beta_train_all.json,1479,4,4,32,16,4,16,1,4,16,BAM,MHERLOA,true,true
beta_train_all.json,1480,16,16,16,7,8,16,1,4,16,DRUM_APTPU,MHERLOA,false,true
beta_train_all.json,1481,8,8,32,6,6,16,1,4,16,DRUM_APTPU,LOA,true,true
beta_train_all.json,1482,4,4,8,4,3,16,1,4,16,UDM,HERLOA,true,true
beta_train_all.json,1483,4,4,16,3,6,16,1,4,16,DRUM_APTPU,LOA,false,true
beta_train_all.json,1484,4,4,32,16,2,16,1,4,16,BAM,MHEAA,true,true
beta_train_all.json,1485,4,4,8,4,2,16,1,4,16,BAM,OLOCA4,true,false
beta_train_all.json,1486,6,6,8,4,4,16,1,4,16,BAM,LOAWA,true,true
beta_train_all.json,1487,4,4,8,16,4,16,1,4,16,UDM,MHERLOA,true,true
beta_train_all.json,1488,6,6,8,7,8,16,1,4,16,BAM,SETA,false,true
beta_train_all.json,1489,4,4,32,16,3,16,1,4,16,UDM,SETA,true,true
beta_train_all.json,1490,4,4,32,5,2,16,1,4,16,BAM,LOA,true,true
beta_train_all.json,1491,6,6,16,4,8,16,1,4,16,DRUM_APTPU,OLOCA4,false,false
beta_train_all.json,1492,6,6,32,5,12,16,1,4,16,DRUM_APTPU,LZTA,false,true
beta_train_all.json,1493,4,4,16,32,6,16,1,4,16,BAM,HOERAA,true,true
beta_train_all.json,1494,4,4,8,5,2,16,1,4,16,UDM,MHEAA,true,true
beta_train_all.json,1495,4,4,32,3,10,16,1,4,16,BAM,HOERAA,false,true
beta_train_all.json,1496,4,4,32,6,4,16,1,4,16,BAM,LOAWA,true,true
beta_train_all.json,1497,4,4,32,4,3,16,1,4,16,BAM,SETA,true,true
beta_train_all.json,1498,6,6,8,7,4,16,1,4,16,DRUM_APTPU,OLOCA4,true,false
beta_train_all.json,1499,4,4,8,8,10,16,1,4,16,DRUM_APTPU,HEAA,false,true
beta_train_all.json,1500,4,4,32,8,2,16,1,4,16,DRUM_APTPU,HOERAA,true,true
beta_train_all.json,1501,8,8,32,7,5,16,1,4,16,DRUM_APTPU,HERLOA,true,true
beta_train_all.json,1502,32,32,8,5,5,16,1,4,16,DRUM_APTPU,MHEAA,true,true
beta_train_all.json,1503,4,4,32,5,12,16,1,4,16,BAM,MHEAA,false,true
beta_train_all.json,1504,6,6,32,16,10,16,1,4,16,BAM,LZTA,true,true
beta_train_all.json,1505,6,6,8,3,4,16,1,4,16,BAM,HOERAA,false,true
beta_train_all.json,1506,6,6,16,4,6,16,1,4,16,BAM,OLOCA4,false,false
beta_train_all.json,1507,4,4,32,5,4,16,1,4,16,DRUM_APTPU,APPROX5,true,true
beta_train_all.json,1508,8,8,16,4,10,16,1,4,16,DRUM_APTPU,MHERLOA,false,true
beta_train_all.json,1509,4,4,32,6,6,16,1,4,16,BAM,LOAWA,true,true
beta_train_all.json,1510,32,32,8,4,2,16,1,4,16,DRUM_APTPU,LZTA,true,true
beta_train_all.json,1511,4,4,32,5,12,16,1,4,16,DRUM_APTPU,LOA,false,true
beta_train_all.json,1512,16,16,16,7,2,16,1,4,16,DRUM_APTPU,LOA,true,true
beta_train_all.json,1513,4,4,8,7,6,16,1,4,16,UDM,HERLOA,true,true
beta_train_all.json,1514,32,32,8,8,5,16,1,4,16,DRUM_APTPU,LZTA,true,true
beta_train_all.json,1515,4,4,32,16,2,16,1,4,16,DRUM_APTPU,LZTA,true,true
beta_train_all.json,1516,4,4,8,3,10,16,1,4,16,BAM,MHEAA,false,true
beta_train_all.json,1517,8,8,16,8,2,16,1,4,16,DRUM_APTPU,LZTA,true,true
beta_train_all.json,1518,4,4,16,32,4,16,1,4,16,UDM,MHEAA,true,true
beta_train_all.json,1519,16,16,16,6,5,16,1,4,16,DRUM_APTPU,MHERLOA,true,true
beta_train_all.json,1520,4,4,16,6,8,16,1,4,16,DRUM_APTPU,LZTA,false,true
beta_train_all.json,1521,4,4,16,16,2,16,1,4,16,BAM,LZTA,true,true
beta_train_all.json,1522,8,8,16,32,8,16,1,4,16,BAM,SETA,true,true
beta_train_all.json,1523,4,4,8,5,5,16,1,4,16,DRUM_APTPU,HEAA,true,true
beta_train_all.json,1524,6,6,16,6,4,16,1,4,16,DRUM_APTPU,SETA,true,true
beta_train_all.json,1525,4,4,8,32,4,16,1,4,16,UDM,LZTA,true,true
beta_train_all.json,1526,8,8,8,6,12,16,1,4,16,DRUM_APTPU,APPROX5,false,true
beta_train_all.json,1527,4,4,16,16,8,16,1,4,16,BAM,LOA,true,true
beta_train_all.json,1528,4,4,32,4,2,16,1,4,16,BAM,OLOCA4,true,false
beta_train_all.json,1529,4,4,32,3,6,16,1,4,16,DRUM_APTPU,OLOCA4,false,false
beta_train_all.json,1530,4,4,8,6,5,16,1,4,16,DRUM_APTPU,HOAANED,true,true
beta_train_all.json,1531,6,6,8,3,8,16,1,4,16,DRUM_APTPU,MHEAA,false,true
beta_train_all.json,1532,8,8,32,5,2,16,1,4,16,DRUM_APTPU,SETA,true,true
beta_train_all.json,1533,8,8,8,7,4,16,1,4,16,DRUM_APTPU,LOAWA,true,true
beta_train_all.json,1534,4,4,8,5,6,16,1,4,16,BAM,LOA,false,true
beta_train_all.json,1535,16,16,8,3,2,16,1,4,16,DRUM_APTPU,HOERAA,true,true
beta_train_all.json,1536,8,8,8,4,12,16,1,4,16,DRUM_APTPU,MHEAA,false,true
beta_train_all.json,1537,4,4,32,4,10,16,1,4,16,DRUM_APTPU,MHERLOA,false,true
beta_train_all.json,1538,4,4,32,6,8,16,1,4,16,BAM,MHERLOA,false,true
beta_train_all.json,1539,16,16,32,6,10,16,1,4,16,DRUM_APTPU,LZTA,false,true
beta_train_all.json,1540,8,8,16,3,12,16,1,4,16,DRUM_APTPU,LZTA,false,true
beta_train_all.json,1541,32,32,32,8,6,16,1,4,16,DRUM_APTPU,LZTA,true,true
beta_train_all.json,1542,4,4,8,7,3,16,1,4,16,BAM,LZTA,true,true
beta_train_all.json,1543,6,6,8,8,10,16,1,4,16,DRUM_APTPU,MHERLOA,false,true
beta_train_all.json,1544,4,4,8,16,12,16,1,4,16,BAM,HERLOA,false,true
beta_train_all.json,1545,6,6,32,8,10,16,1,4,16,DRUM_APTPU,HOERAA,false,true
beta_train_all.json,1546,8,8,8,5,4,16,1,4,16,DRUM_APTPU,OLOCA4,true,false
beta_train_all.json,1547,6,6,16,3,10,16,1,4,16,DRUM_APTPU,HERLOA,false,true
beta_train_all.json,1548,4,4,8,5,8,16,1,4,16,UDM,SETA,false,true
beta_train_all.json,1549,4,4,8,8,4,16,1,4,16,DRUM_APTPU,APPROX5,true,true
beta_train_all.json,1550,32,32,32,4,12,16,1,4,16,DRUM_APTPU,SETA,false,true
beta_train_all.json,1551,4,4,16,8,5,16,1,4,16,DRUM_APTPU,LZTA,true,true
beta_train_all.json,1552,32,32,8,6,8,16,1,4,16,DRUM_APTPU,MHEAA,false,true
beta_train_all.json,1553,4,4,16,5,5,16,1,4,16,BAM,HOAANED,true,true
beta_train_all.json,1554,32,32,32,32,2,16,1,4,16,DRUM_APTPU,SETA,true,true
beta_train_all.json,1555,4,4,8,32,12,16,1,4,16,UDM,LZTA,false,true
beta_train_all.json,1556,6,6,32,8,4,16,1,4,16,DRUM_APTPU,LZTA,true,true
beta_train_all.json,1557,8,8,32,7,2,16,1,4,16,BAM,HERLOA,true,true
beta_train_all.json,1558,4,4,32,3,12,16,1,4,16,UDM,OLOCA4,false,false
beta_train_all.json,1559,4,4,8,5,8,16,1,4,16,BAM,MHEAA,false,true
beta_train_all.json,1560,32,32,8,4,3,16,1,4,16,DRUM_APTPU,LOAWA,true,true
beta_train_all.json,1561,8,8,32,4,10,16,1,4,16,BAM,OLOCA4,false,false
beta_train_all.json,1562,8,8,8,16,10,16,1,4,16,BAM,SETA,false,true
beta_train_all.json,1563,4,4,8,4,2,16,1,4,16,BAM,LOAWA,true,true
beta_train_all.json,1564,4,4,8,4,6,16,1,4,16,BAM,MHEAA,false,true
beta_train_all.json,1565,6,6,32,3,2,16,1,4,16,DRUM_APTPU,APPROX5,true,true
beta_train_all.json,1566,4,4,32,4,5,16,1,4,16,DRUM_APTPU,LOAWA,false,true
beta_train_all.json,1567,4,4,8,8,2,16,1,4,16,UDM,HERLOA,true,true
beta_train_all.json,1568,16,16,16,32,2,16,1,4,16,DRUM_APTPU,HERLOA,true,true
beta_train_all.json,1569,16,16,16,3,8,16,1,4,16,DRUM_APTPU,LZTA,false,true
beta_train_all.json,1570,4,4,32,7,6,16,1,4,16,BAM,MHERLOA,true,true
beta_train_all.json,1571,16,16,8,6,5,16,1,4,16,DRUM_APTPU,LOA,true,true
beta_train_all.json,1572,32,32,16,4,8,16,1,4,16,DRUM_APTPU,SETA,false,true
beta_train_all.json,1573,6,6,32,16,8,16,1,4,16,BAM,SETA,true,true
beta_train_all.json,1574,4,4,16,6,5,16,1,4,16,DRUM_APTPU,LOAWA,true,true
beta_train_all.json,1575,8,8,32,32,6,16,1,4,16,DRUM_APTPU,HERLOA,true,true
beta_train_all.json,1576,6,6,32,16,12,16,1,4,16,BAM,SETA,true,true
beta_train_all.json,1577,4,4,8,3,6,16,1,4,16,UDM,MHERLOA,false,true
beta_train_all.json,1578,6,6,16,16,6,16,1,4,16,DRUM_APTPU,LOA,true,true
beta_train_all.json,1579,6,6,32,7,3,16,1,4,16,DRUM_APTPU,APPROX5,true,true
beta_train_all.json,1580,8,8,16,4,3,16,1,4,16,BAM,SETA,true,true
beta_train_all.json,1581,16,16,32,7,10,16,1,4,16,DRUM_APTPU,HERLOA,false,true
beta_train_all.json,1582,4,4,8,7,8,16,1,4,16,BAM,APPROX5,false,true
beta_train_all.json,1583,6,6,16,3,12,16,1,4,16,DRUM_APTPU,SETA,false,true
beta_train_all.json,1584,4,4,16,32,2,16,1,4,16,BAM,MHERLOA,true,true
beta_train_all.json,1585,4,4,32,7,2,16,1,4,16,DRUM_APTPU,HERLOA,true,true
beta_train_all.json,1586,6,6,8,7,12,16,1,4,16,DRUM_APTPU,OLOCA4,false,false
beta_train_all.json,1587,8,8,8,32,4,16,1,4,16,DRUM_APTPU,HOERAA,true,true
beta_train_all.json,1588,6,6,8,7,3,16,1,4,16,BAM,SETA,true,true
beta_train_all.json,1589,4,4,16,6,4,16,1,4,16,BAM,HOAANED,true,true
beta_train_all.json,1590,4,4,8,16,4,16,1,4,16,DRUM_APTPU,SETA,true,true
beta_train_all.json,1591,6,6,8,16,4,16,1,4,16,DRUM_APTPU,HOERAA,true,true
beta_train_all.json,1592,6,6,32,7,2,16,1,4,16,DRUM_APTPU,HEAA,true,true
beta_train_all.json,1593,6,6,16,7,3,16,1,4,16,BAM,LZTA,true,true
beta_train_all.json,1594,4,4,8,4,3,16,1,4,16,DRUM_APTPU,LOA,true,true
beta_train_all.json,1595,8,8,8,5,3,16,1,4,16,DRUM_APTPU,LZTA,true,true
beta_train_all.json,1596,6,6,8,6,6,16,1,4,16,DRUM_APTPU,HERLOA,true,true
beta_train_all.json,1597,6,6,8,5,3,16,1,4,16,DRUM_APTPU,SETA,true,true
beta_train_all.json,1598,4,4,32,6,6,16,1,4,16,DRUM_APTPU,HOAANED,true,true
beta_train_all.json,1599,8,8,16,8,2,16,1,4,16,BAM,SETA,true,true
beta_train_all.json,1600,8,8,16,7,6,16,1,4,16,BAM,HERLOA,true,true
beta_train_all.json,1601,4,4,8,16,5,16,1,4,16,UDM,OLOCA4,true,false
beta_train_all.json,1602,4,4,8,5,10,16,1,4,16,UDM,SETA,false,true
beta_train_all.json,1603,8,8,32,16,4,16,1,4,16,DRUM_APTPU,HOAANED,true,true
beta_train_all.json,1604,8,8,16,6,8,16,1,4,16,DRUM_APTPU,LOAWA,false,true
beta_train_all.json,1605,4,4,16,6,6,16,1,4,16,BAM,APPROX5,true,true
beta_train_all.json,1606,4,4,16,4,4,16,1,4,16,UDM,MHEAA,true,true
beta_train_all.json,1607,4,4,16,4,5,16,1,4,16,DRUM_APTPU,HOAANED,false,true
beta_train_all.json,1608,4,4,16,32,3,16,1,4,16,BAM,HEAA,true,true
beta_train_all.json,1609,4,4,32,4,10,16,1,4,16,DRUM_APTPU,LZTA,false,true
beta_train_all.json,1610,32,32,32,4,8,16,1,4,16,DRUM_APTPU,LZTA,false,true
beta_train_all.json,1611,6,6,8,7,10,16,1,4,16,BAM,OLOCA4,false,false
beta_train_all.json,1612,4,4,32,3,4,16,1,4,16,DRUM_APTPU,LZTA,false,true
beta_train_all.json,1613,4,4,32,8,4,16,1,4,16,DRUM_APTPU,HERLOA,true,true
beta_train_all.json,1614,8,8,32,5,8,16,1,4,16,DRUM_APTPU,LOAWA,false,true
beta_train_all.json,1615,6,6,16,6,2,16,1,4,16,DRUM_APTPU,HOERAA,true,true
beta_train_all.json,1616,6,6,32,32,2,16,1,4,16,DRUM_APTPU,OLOCA4,true,false
beta_train_all.json,1617,8,8,16,5,8,16,1,4,16,DRUM_APTPU,HERLOA,false,true
beta_train_all.json,1618,6,6,8,8,12,16,1,4,16,BAM,LOAWA,false,true
beta_train_all.json,1619,6,6,8,4,10,16,1,4,16,BAM,HOERAA,false,true
beta_train_all.json,1620,4,4,8,32,10,16,1,4,16,DRUM_APTPU,SETA,false,true
beta_train_all.json,1621,4,4,8,8,3,16,1,4,16,DRUM_APTPU,OLOCA4,true,false
beta_train_all.json,1622,4,4,32,5,2,16,1,4,16,DRUM_APTPU,HEAA,true,true
beta_train_all.json,1623,16,16,16,6,3,16,1,4,16,DRUM_APTPU,OLOCA4,true,false
beta_train_all.json,1624,8,8,16,16,8,16,1,4,16,BAM,OLOCA4,true,false
beta_train_all.json,1625,6,6,16,3,2,16,1,4,16,BAM,LZTA,true,true
beta_train_all.json,1626,8,8,16,3,10,16,1,4,16,DRUM_APTPU,HERLOA,false,true
beta_train_all.json,1627,4,4,32,5,2,16,1,4,16,DRUM_APTPU,OLOCA4,true,false
beta_train_all.json,1628,4,4,16,6,3,16,1,4,16,DRUM_APTPU,HEAA,true,true
beta_train_all.json,1629,8,8,16,5,4,16,1,4,16,BAM,OLOCA4,true,false
beta_train_all.json,1630,6,6,16,8,8,16,1,4,16,BAM,MHERLOA,true,true
beta_train_all.json,1631,8,8,32,4,6,16,1,4,16,DRUM_APTPU,HOAANED,false,true
beta_train_all.json,1632,6,6,8,6,12,16,1,4,16,DRUM_APTPU,LZTA,false,true
beta_train_all.json,1633,6,6,8,6,10,16,1,4,16,BAM,LZTA,false,true
beta_train_all.json,1634,4,4,16,5,3,16,1,4,16,DRUM_APTPU,HOERAA,true,true
beta_train_all.json,1635,8,8,32,7,10,16,1,4,16,DRUM_APTPU,HERLOA,false,true
beta_train_all.json,1636,4,4,16,4,4,16,1,4,16,DRUM_APTPU,MHEAA,true,true
beta_train_all.json,1637,4,4,8,8,8,16,1,4,16,DRUM_APTPU,HERLOA,true,true
beta_train_all.json,1638,4,4,8,4,8,16,1,4,16,BAM,LOA,false,true
beta_train_all.json,1639,4,4,32,3,3,16,1,4,16,DRUM_APTPU,HEAA,true,true
beta_train_all.json,1640,6,6,8,7,10,16,1,4,16,BAM,MHERLOA,false,true
beta_train_all.json,1641,6,6,8,5,3,16,1,4,16,DRUM_APTPU,LOA,true,true
beta_train_all.json,1642,4,4,8,8,6,16,1,4,16,DRUM_APTPU,HEAA,true,true
beta_train_all.json,1643,6,6,16,32,10,16,1,4,16,BAM,OLOCA4,true,false
beta_train_all.json,1644,6,6,16,8,6,16,1,4,16,DRUM_APTPU,OLOCA4,true,false
beta_train_all.json,1645,6,6,8,32,3,16,1,4,16,DRUM_APTPU,OLOCA4,true,false
beta_train_all.json,1646,32,32,32,5,10,16,1,4,16,DRUM_APTPU,OLOCA4,false,false
beta_train_all.json,1647,4,4,32,16,5,16,1,4,16,UDM,HERLOA,true,true
beta_train_all.json,1648,16,16,16,32,12,16,1,4,16,DRUM_APTPU,OLOCA4,true,false
beta_train_all.json,1649,4,4,16,8,10,16,1,4,16,UDM,HERLOA,false,true
beta_train_all.json,1650,6,6,32,5,8,16,1,4,16,DRUM_APTPU,HERLOA,false,true
beta_train_all.json,1651,8,8,16,3,5,16,1,4,16,DRUM_APTPU,HERLOA,false,true
beta_train_all.json,1652,6,6,8,8,4,16,1,4,16,BAM,HOERAA,true,true
beta_train_all.json,1653,16,16,16,4,2,16,1,4,16,DRUM_APTPU,HERLOA,true,true
beta_train_all.json,1654,6,6,32,3,12,16,1,4,16,BAM,MHEAA,false,true
beta_train_all.json,1655,8,8,8,6,2,16,1,4,16,DRUM_APTPU,MHERLOA,true,true
beta_train_all.json,1656,6,6,16,8,12,16,1,4,16,DRUM_APTPU,HEAA,false,true
beta_train_all.json,1657,8,8,8,32,5,16,1,4,16,DRUM_APTPU,SETA,true,true
beta_train_all.json,1658,16,16,8,6,8,16,1,4,16,DRUM_APTPU,OLOCA4,false,false
beta_train_all.json,1659,4,4,32,16,5,16,1,4,16,BAM,MHEAA,true,true
beta_train_all.json,1660,4,4,16,16,2,16,1,4,16,BAM,LOAWA,true,true
beta_train_all.json,1661,6,6,8,7,5,16,1,4,16,BAM,MHEAA,true,true
beta_train_all.json,1662,6,6,16,4,12,16,1,4,16,DRUM_APTPU,APPROX5,false,true
beta_train_all.json,1663,6,6,16,5,8,16,1,4,16,DRUM_APTPU,SETA,false,true
beta_train_all.json,1664,8,8,32,4,6,16,1,4,16,DRUM_APTPU,LZTA,false,true
beta_train_all.json,1665,6,6,8,6,8,16,1,4,16,BAM,HERLOA,false,true
beta_train_all.json,1666,6,6,32,5,5,16,1,4,16,DRUM_APTPU,MHEAA,true,true
beta_train_all.json,1667,16,16,16,7,3,16,1,4,16,DRUM_APTPU,LZTA,true,true
beta_train_all.json,1668,4,4,8,6,8,16,1,4,16,DRUM_APTPU,MHEAA,false,true
beta_train_all.json,1669,6,6,16,32,10,16,1,4,16,DRUM_APTPU,LOAWA,true,true
beta_train_all.json,1670,8,8,16,8,6,16,1,4,16,BAM,OLOCA4,true,false
beta_train_all.json,1671,8,8,8,32,6,16,1,4,16,DRUM_APTPU,HEAA,true,true
beta_train_all.json,1672,8,8,32,5,12,16,1,4,16,DRUM_APTPU,OLOCA4,false,false
beta_train_all.json,1673,16,16,32,5,3,16,1,4,16,DRUM_APTPU,OLOCA4,true,false
beta_train_all.json,1674,16,16,32,16,10,16,1,4,16,DRUM_APTPU,MHERLOA,true,true
beta_train_all.json,1675,4,4,32,6,4,16,1,4,16,DRUM_APTPU,OLOCA4,true,false
beta_train_all.json,1676,6,6,8,5,10,16,1,4,16,BAM,MHEAA,false,true
beta_train_all.json,1677,8,8,16,4,12,16,1,4,16,DRUM_APTPU,LOAWA,false,true
beta_train_all.json,1678,4,4,32,3,4,16,1,4,16,BAM,HOAANED,false,true
beta_train_all.json,1679,4,4,8,3,5,16,1,4,16,UDM,HERLOA,false,true
beta_train_all.json,1680,32,32,8,16,6,16,1,4,16,DRUM_APTPU,LZTA,true,true
beta_train_all.json,1681,6,6,8,7,3,16,1,4,16,DRUM_APTPU,MHERLOA,true,true
beta_train_all.json,1682,8,8,16,8,2,16,1,4,16,DRUM_APTPU,APPROX5,true,true
beta_train_all.json,1683,4,4,32,6,10,16,1,4,16,BAM,MHERLOA,false,true
beta_train_all.json,1684,4,4,32,5,12,16,1,4,16,DRUM_APTPU,LOAWA,false,true
beta_train_all.json,1685,6,6,8,3,10,16,1,4,16,DRUM_APTPU,HEAA,false,true
beta_train_all.json,1686,6,6,8,3,2,16,1,4,16,BAM,HERLOA,true,true
beta_train_all.json,1687,4,4,16,5,12,16,1,4,16,DRUM_APTPU,APPROX5,false,true
beta_train_all.json,1688,4,4,16,16,2,16,1,4,16,BAM,HOAANED,true,true
beta_train_all.json,1689,4,4,16,16,4,16,1,4,16,BAM,HERLOA,true,true
beta_train_all.json,1690,4,4,16,8,5,16,1,4,16,DRUM_APTPU,HOAANED,true,true
beta_train_all.json,1691,8,8,8,32,2,16,1,4,16,BAM,HERLOA,true,true
beta_train_all.json,1692,4,4,16,6,5,16,1,4,16,DRUM_APTPU,MHEAA,true,true
beta_train_all.json,1693,16,16,8,16,4,16,1,4,16,DRUM_APTPU,LZTA,true,true
beta_train_all.json,1694,16,16,8,4,4,16,1,4,16,DRUM_APTPU,SETA,true,true
beta_train_all.json,1695,4,4,8,4,10,16,1,4,16,DRUM_APTPU,HERLOA,false,true
beta_train_all.json,1696,16,16,8,3,3,16,1,4,16,DRUM_APTPU,HOERAA,true,true
beta_train_all.json,1697,8,8,16,3,12,16,1,4,16,BAM,SETA,false,true
beta_train_all.json,1698,4,4,16,5,12,16,1,4,16,BAM,MHEAA,false,true
beta_train_all.json,1699,8,8,32,3,5,16,1,4,16,DRUM_APTPU,LOA,false,true
beta_train_all.json,1700,8,8,32,4,3,16,1,4,16,DRUM_APTPU,APPROX5,true,true
beta_train_all.json,1701,4,4,8,5,4,16,1,4,16,DRUM_APTPU,LZTA,true,true
beta_train_all.json,1702,8,8,16,4,5,16,1,4,16,DRUM_APTPU,MHERLOA,false,true
beta_train_all.json,1703,4,4,8,7,5,16,1,4,16,BAM,APPROX5,true,true
beta_train_all.json,1704,6,6,8,7,12,16,1,4,16,DRUM_APTPU,HEAA,false,true
beta_train_all.json,1705,6,6,16,8,5,16,1,4,16,BAM,LZTA,true,true
beta_train_all.json,1706,6,6,8,7,10,16,1,4,16,BAM,LZTA,false,true
beta_train_all.json,1707,4,4,32,32,8,16,1,4,16,DRUM_APTPU,LOAWA,true,true
beta_train_all.json,1708,4,4,16,16,10,16,1,4,16,DRUM_APTPU,OLOCA4,true,false
beta_train_all.json,1709,6,6,16,6,2,16,1,4,16,BAM,OLOCA4,true,false
beta_train_all.json,1710,16,16,32,7,4,16,1,4,16,DRUM_APTPU,MHEAA,true,true
beta_train_all.json,1711,4,4,32,6,2,16,1,4,16,UDM,MHEAA,true,true
beta_train_all.json,1712,8,8,8,6,3,16,1,4,16,DRUM_APTPU,MHERLOA,true,true
beta_train_all.json,1713,16,16,16,4,8,16,1,4,16,DRUM_APTPU,MHEAA,false,true
beta_train_all.json,1714,4,4,16,3,6,16,1,4,16,DRUM_APTPU,HEAA,false,true
beta_train_all.json,1715,32,32,8,5,12,16,1,4,16,DRUM_APTPU,MHEAA,false,true
beta_train_all.json,1716,4,4,16,4,5,16,1,4,16,BAM,LZTA,false,true
beta_train_all.json,1717,4,4,8,5,6,16,1,4,16,DRUM_APTPU,MHERLOA,false,true
beta_train_all.json,1718,4,4,8,7,12,16,1,4,16,DRUM_APTPU,HERLOA,false,true
beta_train_all.json,1719,8,8,16,16,5,16,1,4,16,DRUM_APTPU,APPROX5,true,true
beta_train_all.json,1720,8,8,16,4,3,16,1,4,16,DRUM_APTPU,MHERLOA,true,true
beta_train_all.json,1721,8,8,16,7,5,16,1,4,16,DRUM_APTPU,OLOCA4,true,false
beta_train_all.json,1722,6,6,8,32,4,16,1,4,16,DRUM_APTPU,LOA,true,true
beta_train_all.json,1723,6,6,16,7,3,16,1,4,16,DRUM_APTPU,SETA,true,true
beta_train_all.json,1724,16,16,32,7,6,16,1,4,16,DRUM_APTPU,HERLOA,true,true
beta_train_all.json,1725,6,6,16,8,10,16,1,4,16,DRUM_APTPU,LZTA,false,true
beta_train_all.json,1726,4,4,8,32,4,16,1,4,16,DRUM_APTPU,HOAANED,true,true
beta_train_all.json,1727,16,16,16,4,8,16,1,4,16,DRUM_APTPU,LZTA,false,true
beta_train_all.json,1728,4,4,8,8,2,16,1,4,16,DRUM_APTPU,MHERLOA,true,true
beta_train_all.json,1729,16,16,32,32,10,16,1,4,16,DRUM_APTPU,MHEAA,true,true
beta_train_all.json,1730,6,6,32,16,8,16,1,4,16,DRUM_APTPU,MHEAA,true,true
beta_train_all.json,1731,8,8,8,8,6,16,1,4,16,DRUM_APTPU,HOAANED,true,true
beta_train_all.json,1732,4,4,8,5,8,16,1,4,16,BAM,LOA,false,true
beta_train_all.json,1733,32,32,8,4,4,16,1,4,16,DRUM_APTPU,OLOCA4,true,false
beta_train_all.json,1734,6,6,32,16,6,16,1,4,16,DRUM_APTPU,MHERLOA,true,true
beta_train_all.json,1735,6,6,32,6,3,16,1,4,16,DRUM_APTPU,MHEAA,true,true
beta_train_all.json,1736,4,4,32,32,6,16,1,4,16,DRUM_APTPU,HEAA,true,true
beta_train_all.json,1737,4,4,32,7,8,16,1,4,16,BAM,HEAA,false,true
beta_train_all.json,1738,16,16,8,3,6,16,1,4,16,DRUM_APTPU,OLOCA4,false,false
beta_train_all.json,1739,32,32,8,4,12,16,1,4,16,DRUM_APTPU,SETA,false,true
beta_train_all.json,1740,16,16,8,5,5,16,1,4,16,DRUM_APTPU,MHEAA,true,true
beta_train_all.json,1741,4,4,8,4,4,16,1,4,16,UDM,SETA,true,true
beta_train_all.json,1742,8,8,16,16,3,16,1,4,16,DRUM_APTPU,LOA,true,true
beta_train_all.json,1743,32,32,8,3,2,16,1,4,16,DRUM_APTPU,MHERLOA,true,true
beta_train_all.json,1744,6,6,16,32,10,16,1,4,16,DRUM_APTPU,HERLOA,true,true
beta_train_all.json,1745,8,8,32,6,2,16,1,4,16,DRUM_APTPU,LOA,true,true
beta_train_all.json,1746,4,4,16,8,2,16,1,4,16,BAM,LZTA,true,true
beta_train_all.json,1747,6,6,32,5,8,16,1,4,16,BAM,MHERLOA,false,true
beta_train_all.json,1748,4,4,32,16,3,16,1,4,16,BAM,HEAA,true,true
beta_train_all.json,1749,6,6,16,8,5,16,1,4,16,DRUM_APTPU,OLOCA4,true,false
beta_train_all.json,1750,16,16,16,6,10,16,1,4,16,DRUM_APTPU,MHEAA,false,true
beta_train_all.json,1751,32,32,16,32,8,16,1,4,16,DRUM_APTPU,MHEAA,true,true
beta_train_all.json,1752,64,64,8,3,5,16,1,4,16,DRUM_APTPU,HERLOA,false,true
beta_train_all.json,1753,16,16,32,5,12,16,1,4,16,DRUM_APTPU,LOAWA,false,true
beta_train_all.json,1754,32,32,32,4,12,16,1,4,16,DRUM_APTPU,OLOCA4,false,false
beta_train_all.json,1755,4,4,16,7,5,16,1,4,16,DRUM_APTPU,LOAWA,true,true
beta_train_all.json,1756,8,8,8,32,8,16,1,4,16,DRUM_APTPU,LZTA,true,true
beta_train_all.json,1757,32,32,32,3,3,16,1,4,16,DRUM_APTPU,LZTA,true,true
beta_train_all.json,1758,6,6,32,8,4,16,1,4,16,DRUM_APTPU,OLOCA4,true,false
beta_train_all.json,1759,6,6,32,32,4,16,1,4,16,DRUM_APTPU,HOAANED,true,true
beta_train_all.json,1760,16,16,32,16,8,16,1,4,16,DRUM_APTPU,LZTA,true,true
beta_train_all.json,1761,8,8,8,6,12,16,1,4,16,DRUM_APTPU,SETA,false,true
beta_train_all.json,1762,8,8,8,4,5,16,1,4,16,DRUM_APTPU,HEAA,false,true
beta_train_all.json,1763,16,16,32,3,12,16,1,4,16,DRUM_APTPU,OLOCA4,false,false
beta_train_all.json,1764,4,4,16,7,6,16,1,4,16,DRUM_APTPU,OLOCA4,true,false
beta_train_all.json,1765,6,6,32,4,3,16,1,4,16,DRUM_APTPU,APPROX5,true,true
beta_train_all.json,1766,4,4,8,32,12,16,1,4,16,BAM,APPROX5,false,true
beta_train_all.json,1767,16,16,32,32,8,16,1,4,16,DRUM_APTPU,OLOCA4,true,false
beta_train_all.json,1768,4,4,32,8,10,16,1,4,16,BAM,HOERAA,false,true
beta_train_all.json,1769,8,8,32,7,10,16,1,4,16,DRUM_APTPU,OLOCA4,false,false
beta_train_all.json,1770,6,6,16,5,4,16,1,4,16,DRUM_APTPU,HERLOA,true,true
beta_train_all.json,1771,6,6,32,6,12,16,1,4,16,DRUM_APTPU,APPROX5,false,true
beta_train_all.json,1772,16,16,32,7,10,16,1,4,16,DRUM_APTPU,LZTA,false,true
beta_train_all.json,1773,6,6,16,4,6,16,1,4,16,BAM,HOERAA,false,true
beta_train_all.json,1774,8,8,8,3,5,16,1,4,16,DRUM_APTPU,HERLOA,false,true
beta_train_all.json,1775,4,4,16,7,4,16,1,4,16,DRUM_APTPU,LOA,true,true
beta_train_all.json,1776,6,6,32,16,10,16,1,4,16,DRUM_APTPU,APPROX5,true,true
beta_train_all.json,1777,4,4,32,3,2,16,1,4,16,DRUM_APTPU,HERLOA,true,true
beta_train_all.json,1778,4,4,32,7,4,16,1,4,16,BAM,MHEAA,true,true
beta_train_all.json,1779,4,4,8,6,2,16,1,4,16,BAM,HERLOA,true,true
beta_train_all.json,1780,4,4,32,7,5,16,1,4,16,BAM,HOERAA,true,true
beta_train_all.json,1781,8,8,16,4,10,16,1,4,16,DRUM_APTPU,LOA,false,true
beta_train_all.json,1782,8,8,32,8,12,16,1,4,16,DRUM_APTPU,HEAA,false,true
beta_train_all.json,1783,8,8,16,8,2,16,1,4,16,DRUM_APTPU,HERLOA,true,true
beta_train_all.json,1784,8,8,8,8,2,16,1,4,16,BAM,HERLOA,true,true
beta_train_all.json,1785,4,4,16,7,2,16,1,4,16,BAM,OLOCA4,true,false
beta_train_all.json,1786,6,6,8,16,3,16,1,4,16,DRUM_APTPU,LZTA,true,true
beta_train_all.json,1787,8,8,8,3,10,16,1,4,16,DRUM_APTPU,HOERAA,false,true
beta_train_all.json,1788,6,6,8,7,12,16,1,4,16,DRUM_APTPU,LZTA,false,true
beta_train_all.json,1789,8,8,8,32,8,16,1,4,16,DRUM_APTPU,MHEAA,true,true
beta_train_all.json,1790,6,6,32,4,4,16,1,4,16,DRUM_APTPU,APPROX5,true,true
beta_train_all.json,1791,6,6,16,6,8,16,1,4,16,BAM,OLOCA4,false,false
beta_train_all.json,1792,4,4,16,3,12,16,1,4,16,BAM,LOA,false,true
beta_train_all.json,1793,4,4,8,6,3,16,1,4,16,UDM,SETA,true,true
beta_train_all.json,1794,4,4,8,16,10,16,1,4,16,DRUM_APTPU,SETA,false,true
beta_train_all.json,1795,4,4,32,5,12,16,1,4,16,BAM,HEAA,false,true
beta_train_all.json,1796,4,4,16,5,2,16,1,4,16,BAM,LOA,true,true
beta_train_all.json,1797,6,6,8,3,4,16,1,4,16,BAM,MHERLOA,false,true
beta_train_all.json,1798,8,8,8,32,12,16,1,4,16,DRUM_APTPU,SETA,false,true
beta_train_all.json,1799,8,8,32,7,3,16,1,4,16,DRUM_APTPU,HERLOA,true,true
beta_train_all.json,1800,6,6,32,32,8,16,1,4,16,DRUM_APTPU,SETA,true,true
beta_train_all.json,1801,8,8,8,5,10,16,1,4,16,DRUM_APTPU,SETA,false,true
beta_train_all.json,1802,32,32,32,8,4,16,1,4,16,DRUM_APTPU,MHEAA,true,true
beta_train_all.json,1803,8,8,16,5,3,16,1,4,16,DRUM_APTPU,OLOCA4,true,false
beta_train_all.json,1804,4,4,32,5,6,16,1,4,16,BAM,OLOCA4,false,false
beta_train_all.json,1805,4,4,16,7,5,16,1,4,16,BAM,HOERAA,true,true
beta_train_all.json,1806,4,4,8,16,10,16,1,4,16,UDM,MHEAA,false,true
beta_train_all.json,1807,6,6,8,6,12,16,1,4,16,DRUM_APTPU,HEAA,false,true
beta_train_all.json,1808,6,6,32,6,6,16,1,4,16,DRUM_APTPU,MHEAA,true,true
beta_train_all.json,1809,6,6,16,8,2,16,1,4,16,DRUM_APTPU,APPROX5,true,true
beta_train_all.json,1810,32,32,16,16,12,16,1,4,16,DRUM_APTPU,MHERLOA,true,true
beta_train_all.json,1811,6,6,32,5,4,16,1,4,16,DRUM_APTPU,MHERLOA,true,true
beta_train_all.json,1812,6,6,32,3,4,16,1,4,16,DRUM_APTPU,SETA,false,true
beta_train_all.json,1813,8,8,16,7,3,16,1,4,16,DRUM_APTPU,LOA,true,true
beta_train_all.json,1814,16,16,32,8,4,16,1,4,16,DRUM_APTPU,HERLOA,true,true
beta_train_all.json,1815,4,4,16,7,10,16,1,4,16,DRUM_APTPU,OLOCA4,false,false
beta_train_all.json,1816,6,6,16,4,2,16,1,4,16,BAM,LOAWA,true,true
beta_train_all.json,1817,4,4,32,32,5,16,1,4,16,BAM,SETA,true,true
beta_train_all.json,1818,6,6,16,7,6,16,1,4,16,BAM,MHERLOA,true,true
beta_train_all.json,1819,4,4,32,5,8,16,1,4,16,DRUM_APTPU,SETA,false,true
beta_train_all.json,1820,6,6,8,16,10,16,1,4,16,DRUM_APTPU,OLOCA4,false,false
beta_train_all.json,1821,6,6,16,6,3,16,1,4,16,BAM,LZTA,true,true
beta_train_all.json,1822,6,6,32,8,5,16,1,4,16,DRUM_APTPU,MHERLOA,true,true
beta_train_all.json,1823,6,6,16,32,4,16,1,4,16,DRUM_APTPU,LZTA,true,true
beta_train_all.json,1824,6,6,32,4,8,16,1,4,16,BAM,MHERLOA,false,true
beta_train_all.json,1825,4,4,8,5,10,16,1,4,16,BAM,HOERAA,false,true
beta_train_all.json,1826,4,4,16,8,3,16,1,4,16,DRUM_APTPU,HOAANED,true,true
beta_train_all.json,1827,4,4,16,16,12,16,1,4,16,DRUM_APTPU,HEAA,true,true
beta_train_all.json,1828,4,4,8,8,8,16,1,4,16,BAM,MHEAA,true,true
beta_train_all.json,1829,32,32,32,3,5,16,1,4,16,DRUM_APTPU,LZTA,false,true
beta_train_all.json,1830,4,4,8,32,3,16,1,4,16,BAM,HOAANED,true,true
beta_train_all.json,1831,4,4,8,16,10,16,1,4,16,BAM,LOAWA,false,true
beta_train_all.json,1832,8,8,8,5,8,16,1,4,16,DRUM_APTPU,HOERAA,false,true
beta_train_all.json,1833,6,6,16,6,12,16,1,4,16,BAM,MHERLOA,false,true
beta_train_all.json,1834,8,8,16,8,4,16,1,4,16,BAM,HERLOA,true,true
beta_train_all.json,1835,8,8,8,32,6,16,1,4,16,DRUM_APTPU,LOA,true,true
beta_train_all.json,1836,4,4,8,6,6,16,1,4,16,BAM,LZTA,true,true
beta_train_all.json,1837,4,4,8,3,12,16,1,4,16,DRUM_APTPU,SETA,false,true
beta_train_all.json,1838,6,6,32,6,2,16,1,4,16,DRUM_APTPU,LOA,true,true
beta_train_all.json,1839,4,4,32,6,10,16,1,4,16,DRUM_APTPU,LZTA,false,true
beta_train_all.json,1840,8,8,32,8,8,16,1,4,16,DRUM_APTPU,OLOCA4,true,false
beta_train_all.json,1841,4,4,8,6,3,16,1,4,16,BAM,OLOCA4,true,false
beta_train_all.json,1842,4,4,32,32,4,16,1,4,16,BAM,LZTA,true,true
beta_train_all.json,1843,6,6,32,32,5,16,1,4,16,DRUM_APTPU,SETA,true,true
beta_train_all.json,1844,6,6,16,4,8,16,1,4,16,BAM,SETA,false,true
beta_train_all.json,1845,16,16,16,16,12,16,1,4,16,DRUM_APTPU,SETA,true,true
beta_train_all.json,1846,6,6,8,3,10,16,1,4,16,DRUM_APTPU,HERLOA,false,true
beta_train_all.json,1847,32,32,16,7,6,16,1,4,16,DRUM_APTPU,SETA,true,true
beta_train_all.json,1848,4,4,32,16,3,16,1,4,16,DRUM_APTPU,OLOCA4,true,false
beta_train_all.json,1849,6,6,8,8,10,16,1,4,16,DRUM_APTPU,APPROX5,false,true
beta_train_all.json,1850,6,6,16,32,4,16,1,4,16,DRUM_APTPU,HOAANED,true,true
beta_train_all.json,1851,4,4,32,4,12,16,1,4,16,BAM,LOA,false,true
beta_train_all.json,1852,4,4,32,8,12,16,1,4,16,UDM,OLOCA4,false,false
beta_train_all.json,1853,8,8,8,7,10,16,1,4,16,BAM,OLOCA4,false,false
beta_train_all.json,1854,8,8,16,7,10,16,1,4,16,DRUM_APTPU,LZTA,false,true
beta_train_all.json,1855,32,32,16,3,8,16,1,4,16,DRUM_APTPU,HERLOA,false,true
beta_train_all.json,1856,4,4,32,6,6,16,1,4,16,UDM,MHERLOA,true,true
beta_train_all.json,1857,32,32,8,5,3,16,1,4,16,DRUM_APTPU,OLOCA4,true,false
beta_train_all.json,1858,4,4,8,5,5,16,1,4,16,BAM,HEAA,true,true
beta_train_all.json,1859,6,6,32,32,10,16,1,4,16,DRUM_APTPU,HOERAA,true,true
beta_train_all.json,1860,6,6,16,6,5,16,1,4,16,DRUM_APTPU,HEAA,true,true
beta_train_all.json,1861,8,8,32,8,6,16,1,4,16,BAM,HERLOA,true,true
beta_train_all.json,1862,8,8,8,4,3,16,1,4,16,DRUM_APTPU,MHERLOA,true,true
beta_train_all.json,1863,16,16,8,16,4,16,1,4,16,DRUM_APTPU,MHERLOA,true,true
beta_train_all.json,1864,8,8,8,8,6,16,1,4,16,DRUM_APTPU,APPROX5,true,true
beta_train_all.json,1865,6,6,32,3,8,16,1,4,16,DRUM_APTPU,HEAA,false,true
beta_train_all.json,1866,6,6,8,4,6,16,1,4,16,DRUM_APTPU,LOAWA,false,true
beta_train_all.json,1867,8,8,8,7,5,16,1,4,16,BAM,SETA,true,true
beta_train_all.json,1868,4,4,16,3,10,16,1,4,16,DRUM_APTPU,LOAWA,false,true
beta_train_all.json,1869,8,8,8,32,12,16,1,4,16,DRUM_APTPU,LOAWA,false,true
beta_train_all.json,1870,16,16,8,7,4,16,1,4,16,DRUM_APTPU,MHERLOA,true,true
beta_train_all.json,1871,8,8,16,6,6,16,1,4,16,DRUM_APTPU,MHERLOA,true,true
beta_train_all.json,1872,16,16,16,32,4,16,1,4,16,DRUM_APTPU,MHEAA,true,true
beta_train_all.json,1873,4,4,8,6,5,16,1,4,16,BAM,LOA,true,true
beta_train_all.json,1874,8,8,32,4,2,16,1,4,16,DRUM_APTPU,MHEAA,true,true
beta_train_all.json,1875,32,32,16,5,6,16,1,4,16,DRUM_APTPU,MHEAA,false,true
beta_train_all.json,1876,4,4,16,16,5,16,1,4,16,BAM,LOA,true,true
beta_train_all.json,1877,4,4,32,4,5,16,1,4,16,BAM,HERLOA,false,true
beta_train_all.json,1878,16,16,8,7,8,16,1,4,16,DRUM_APTPU,LOA,false,true
beta_train_all.json,1879,16,16,32,5,5,16,1,4,16,DRUM_APTPU,MHEAA,true,true
beta_train_all.json,1880,4,4,8,5,3,16,1,4,16,UDM,SETA,true,true
beta_train_all.json,1881,8,8,32,6,8,16,1,4,16,BAM,OLOCA4,false,false
beta_train_all.json,1882,6,6,8,3,2,16,1,4,16,BAM,HOERAA,true,true
beta_train_all.json,1883,32,32,8,3,4,16,1,4,16,DRUM_APTPU,OLOCA4,false,false
beta_train_all.json,1884,4,4,16,6,6,16,1,4,16,DRUM_APTPU,SETA,true,true
beta_train_all.json,1885,16,16,8,6,10,16,1,4,16,DRUM_APTPU,LOAWA,false,true
beta_train_all.json,1886,4,4,32,3,2,16,1,4,16,UDM,OLOCA4,true,false
beta_train_all.json,1887,4,4,32,8,3,16,1,4,16,UDM,OLOCA4,true,false
beta_train_all.json,1888,6,6,32,5,8,16,1,4,16,DRUM_APTPU,LOA,false,true
beta_train_all.json,1889,16,16,8,8,10,16,1,4,16,DRUM_APTPU,OLOCA4,false,false
beta_train_all.json,1890,6,6,16,16,6,16,1,4,16,BAM,HERLOA,true,true
beta_train_all.json,1891,6,6,16,6,4,16,1,4,16,BAM,LOAWA,true,true
beta_train_all.json,1892,4,4,32,3,5,16,1,4,16,BAM,SETA,false,true
beta_train_all.json,1893,4,4,8,32,5,16,1,4,16,UDM,MHEAA,true,true
beta_train_all.json,1894,6,6,32,8,12,16,1,4,16,DRUM_APTPU,HOERAA,false,true
beta_train_all.json,1895,32,32,32,4,10,16,1,4,16,DRUM_APTPU,OLOCA4,false,false
beta_train_all.json,1896,32,32,32,3,3,16,1,4,16,DRUM_APTPU,MHERLOA,true,true
beta_train_all.json,1897,6,6,32,7,8,16,1,4,16,BAM,OLOCA4,false,false
beta_train_all.json,1898,16,16,32,4,3,16,1,4,16,DRUM_APTPU,LOAWA,true,true
beta_train_all.json,1899,4,4,32,7,5,16,1,4,16,DRUM_APTPU,SETA,true,true
beta_train_all.json,1900,4,4,16,3,3,16,1,4,16,BAM,LOA,true,true
beta_train_all.json,1901,32,32,8,7,8,16,1,4,16,DRUM_APTPU,MHERLOA,false,true
beta_train_all.json,1902,6,6,16,4,2,16,1,4,16,DRUM_APTPU,SETA,true,true
beta_train_all.json,1903,4,4,16,16,8,16,1,4,16,DRUM_APTPU,SETA,true,true
beta_train_all.json,1904,4,4,16,16,10,16,1,4,16,BAM,HOERAA,true,true
beta_train_all.json,1905,4,4,16,8,12,16,1,4,16,BAM,HERLOA,false,true
beta_train_all.json,1906,6,6,8,4,8,16,1,4,16,DRUM_APTPU,SETA,false,true
beta_train_all.json,1907,4,4,32,3,5,16,1,4,16,DRUM_APTPU,SETA,false,true
beta_train_all.json,1908,4,4,16,16,8,16,1,4,16,DRUM_APTPU,APPROX5,true,true
beta_train_all.json,1909,8,8,32,8,12,16,1,4,16,BAM,SETA,false,true
beta_train_all.json,1910,6,6,8,5,3,16,1,4,16,DRUM_APTPU,HOERAA,true,true
beta_train_all.json,1911,16,16,16,7,10,16,1,4,16,DRUM_APTPU,LOAWA,false,true
beta_train_all.json,1912,4,4,8,3,5,16,1,4,16,BAM,MHERLOA,false,true
beta_train_all.json,1913,8,8,8,4,8,16,1,4,16,BAM,OLOCA4,false,false
beta_train_all.json,1914,4,4,16,8,10,16,1,4,16,DRUM_APTPU,APPROX5,false,true
beta_train_all.json,1915,16,16,16,7,2,16,1,4,16,DRUM_APTPU,OLOCA4,true,false
beta_train_all.json,1916,4,4,32,32,10,16,1,4,16,BAM,OLOCA4,true,false
beta_train_all.json,1917,8,8,8,16,8,16,1,4,16,DRUM_APTPU,HEAA,true,true
beta_train_all.json,1918,16,16,16,32,3,16,1,4,16,DRUM_APTPU,LOA,true,true
beta_train_all.json,1919,4,4,16,3,6,16,1,4,16,DRUM_APTPU,HOERAA,false,true
beta_train_all.json,1920,8,8,16,6,5,16,1,4,16,DRUM_APTPU,HOERAA,true,true
beta_train_all.json,1921,16,16,8,4,3,16,1,4,16,DRUM_APTPU,HOERAA,true,true
beta_train_all.json,1922,8,8,16,32,3,16,1,4,16,DRUM_APTPU,SETA,true,true
beta_train_all.json,1923,8,8,32,5,4,16,1,4,16,DRUM_APTPU,LOA,true,true
beta_train_all.json,1924,4,4,32,4,5,16,1,4,16,BAM,SETA,false,true
beta_train_all.json,1925,4,4,8,3,8,16,1,4,16,DRUM_APTPU,HOAANED,false,true
beta_train_all.json,1926,4,4,8,16,8,16,1,4,16,DRUM_APTPU,MHEAA,true,true
beta_train_all.json,1927,4,4,16,16,12,16,1,4,16,BAM,HERLOA,true,true
beta_train_all.json,1928,4,4,32,8,8,16,1,4,16,UDM,MHEAA,true,true
beta_train_all.json,1929,16,16,32,6,4,16,1,4,16,DRUM_APTPU,MHEAA,true,true
beta_train_all.json,1930,16,16,16,6,2,16,1,4,16,DRUM_APTPU,HERLOA,true,true
beta_train_all.json,1931,32,32,32,5,3,16,1,4,16,DRUM_APTPU,HERLOA,true,true
beta_train_all.json,1932,4,4,16,32,4,16,1,4,16,BAM,OLOCA4,true,false
beta_train_all.json,1933,4,4,16,7,10,16,1,4,16,DRUM_APTPU,LZTA,false,true
beta_train_all.json,1934,4,4,8,7,2,16,1,4,16,BAM,HERLOA,true,true
beta_train_all.json,1935,32,32,32,5,8,16,1,4,16,DRUM_APTPU,MHERLOA,false,true
beta_train_all.json,1936,8,8,8,6,4,16,1,4,16,DRUM_APTPU,HOERAA,true,true
beta_train_all.json,1937,6,6,8,6,12,16,1,4,16,DRUM_APTPU,HOERAA,false,true
beta_train_all.json,1938,4,4,8,16,4,16,1,4,16,BAM,HOAANED,true,true
beta_train_all.json,1939,4,4,8,4,12,16,1,4,16,DRUM_APTPU,LZTA,false,true
beta_train_all.json,1940,16,16,8,16,5,16,1,4,16,DRUM_APTPU,SETA,true,true
beta_train_all.json,1941,6,6,32,6,4,16,1,4,16,DRUM_APTPU,HEAA,true,true
beta_train_all.json,1942,4,4,16,5,12,16,1,4,16,DRUM_APTPU,HERLOA,false,true
beta_train_all.json,1943,16,16,32,5,5,16,1,4,16,DRUM_APTPU,LOAWA,true,true
beta_train_all.json,1944,4,4,16,6,10,16,1,4,16,UDM,OLOCA4,false,false
beta_train_all.json,1945,6,6,16,7,8,16,1,4,16,DRUM_APTPU,HOERAA,false,true
beta_train_all.json,1946,4,4,16,6,4,16,1,4,16,UDM,SETA,true,true
beta_train_all.json,1947,32,32,32,32,12,16,1,4,16,DRUM_APTPU,HERLOA,true,true
beta_train_all.json,1948,32,32,32,32,2,16,1,4,16,DRUM_APTPU,HERLOA,true,true
beta_train_all.json,1949,4,4,8,3,2,16,1,4,16,BAM,HOAANED,true,true
beta_train_all.json,1950,4,4,16,7,5,16,1,4,16,DRUM_APTPU,MHERLOA,true,true
beta_train_all.json,1951,4,4,32,8,12,16,1,4,16,BAM,MHEAA,false,true
beta_train_all.json,1952,6,6,16,4,6,16,1,4,16,DRUM_APTPU,HOERAA,false,true
beta_train_all.json,1953,6,6,8,32,6,16,1,4,16,DRUM_APTPU,MHEAA,true,true
beta_train_all.json,1954,16,16,32,32,10,16,1,4,16,DRUM_APTPU,HERLOA,true,true
beta_train_all.json,1955,16,16,8,8,6,16,1,4,16,DRUM_APTPU,SETA,true,true
beta_train_all.json,1956,6,6,16,8,12,16,1,4,16,DRUM_APTPU,HOERAA,false,true
beta_train_all.json,1957,8,8,8,16,2,16,1,4,16,DRUM_APTPU,SETA,true,true
beta_train_all.json,1958,16,16,8,32,10,16,1,4,16,DRUM_APTPU,MHERLOA,false,true
beta_train_all.json,1959,4,4,8,16,3,16,1,4,16,DRUM_APTPU,OLOCA4,true,false
beta_train_all.json,1960,6,6,32,32,2,16,1,4,16,BAM,LOAWA,true,true
beta_train_all.json,1961,4,4,32,16,12,16,1,4,16,UDM,MHEAA,true,true
beta_train_all.json,1962,16,16,16,6,10,16,1,4,16,DRUM_APTPU,LOA,false,true
beta_train_all.json,1963,6,6,32,7,3,16,1,4,16,DRUM_APTPU,HEAA,true,true
beta_train_all.json,1964,4,4,32,7,10,16,1,4,16,DRUM_APTPU,MHEAA,false,true
beta_train_all.json,1965,16,16,16,6,4,16,1,4,16,DRUM_APTPU,LOAWA,true,true
beta_train_all.json,1966,4,4,8,4,8,16,1,4,16,DRUM_APTPU,HOAANED,false,true
beta_train_all.json,1967,8,8,32,3,6,16,1,4,16,DRUM_APTPU,LOAWA,false,true
beta_train_all.json,1968,6,6,8,6,5,16,1,4,16,BAM,LOA,true,true
beta_train_all.json,1969,6,6,32,4,4,16,1,4,16,BAM,MHEAA,true,true
beta_train_all.json,1970,4,4,32,32,5,16,1,4,16,BAM,LZTA,true,true
beta_train_all.json,1971,16,16,8,32,12,16,1,4,16,DRUM_APTPU,SETA,false,true
beta_train_all.json,1972,8,8,32,5,6,16,1,4,16,DRUM_APTPU,HERLOA,false,true
beta_train_all.json,1973,4,4,8,4,3,16,1,4,16,UDM,MHEAA,true,true
beta_train_all.json,1974,4,4,8,7,8,16,1,4,16,DRUM_APTPU,APPROX5,false,true
beta_train_all.json,1975,4,4,32,5,3,16,1,4,16,BAM,LZTA,true,true
beta_train_all.json,1976,4,4,8,7,8,16,1,4,16,UDM,HERLOA,false,true
beta_train_all.json,1977,6,6,8,8,8,16,1,4,16,BAM,HOERAA,true,true
beta_train_all.json,1978,4,4,8,8,8,16,1,4,16,DRUM_APTPU,HEAA,true,true
beta_train_all.json,1979,6,6,16,8,4,16,1,4,16,BAM,LZTA,true,true
beta_train_all.json,1980,4,4,32,3,8,16,1,4,16,DRUM_APTPU,MHERLOA,false,true
beta_train_all.json,1981,6,6,32,5,5,16,1,4,16,DRUM_APTPU,HERLOA,true,true
beta_train_all.json,1982,8,8,16,5,12,16,1,4,16,DRUM_APTPU,OLOCA4,false,false
beta_train_all.json,1983,4,4,16,7,2,16,1,4,16,UDM,MHEAA,true,true
beta_train_all.json,1984,4,4,16,6,2,16,1,4,16,BAM,LOA,true,true
beta_train_all.json,1985,16,16,8,5,5,16,1,4,16,DRUM_APTPU,LOA,true,true
beta_train_all.json,1986,8,8,32,6,8,16,1,4,16,DRUM_APTPU,LOAWA,false,true
beta_train_all.json,1987,4,4,32,6,3,16,1,4,16,DRUM_APTPU,HOERAA,true,true
beta_train_all.json,1988,4,4,8,8,12,16,1,4,16,DRUM_APTPU,LOA,false,true
beta_train_all.json,1989,32,32,8,7,10,16,1,4,16,DRUM_APTPU,LZTA,false,true
beta_train_all.json,1990,4,4,32,3,5,16,1,4,16,BAM,LOAWA,false,true
beta_train_all.json,1991,4,4,32,16,8,16,1,4,16,UDM,MHEAA,true,true
beta_train_all.json,1992,6,6,32,16,5,16,1,4,16,BAM,OLOCA4,true,false
beta_train_all.json,1993,4,4,8,3,4,16,1,4,16,UDM,SETA,false,true
beta_train_all.json,1994,6,6,32,8,12,16,1,4,16,BAM,HERLOA,false,true
beta_train_all.json,1995,4,4,16,4,4,16,1,4,16,BAM,OLOCA4,true,false
beta_train_all.json,1996,4,4,8,16,3,16,1,4,16,DRUM_APTPU,APPROX5,true,true
beta_train_all.json,1997,8,8,8,7,8,16,1,4,16,DRUM_APTPU,APPROX5,false,true
beta_train_all.json,1998,4,4,32,3,10,16,1,4,16,UDM,HERLOA,false,true
beta_train_all.json,1999,16,16,8,8,4,16,1,4,16,DRUM_APTPU,SETA,true,true
beta_train_all.json,2000,4,4,16,8,12,16,1,4,16,DRUM_APTPU,MHERLOA,false,true
beta_train_all.json,2001,8,8,32,6,10,16,1,4,16,DRUM_APTPU,LZTA,false,true
beta_train_all.json,2002,4,4,8,4,4,16,1,4,16,UDM,MHERLOA,true,true
beta_train_all.json,2003,32,32,32,8,3,16,1,4,16,DRUM_APTPU,LZTA,true,true
beta_train_all.json,2004,6,6,8,4,5,16,1,4,16,BAM,LOAWA,false,true
beta_train_all.json,2005,4,4,32,16,2,16,1,4,16,DRUM_APTPU,MHEAA,true,true
beta_train_all.json,2006,16,16,8,5,8,16,1,4,16,DRUM_APTPU,MHEAA,false,true
beta_train_all.json,2007,8,8,8,3,4,16,1,4,16,DRUM_APTPU,SETA,false,true
beta_train_all.json,2008,4,4,16,5,3,16,1,4,16,DRUM_APTPU,LOA,true,true
beta_train_all.json,2009,6,6,16,16,12,16,1,4,16,BAM,MHEAA,true,true
beta_train_all.json,2010,8,8,16,4,5,16,1,4,16,DRUM_APTPU,LOAWA,false,true
beta_train_all.json,2011,4,4,8,4,2,16,1,4,16,UDM,OLOCA4,true,false
beta_train_all.json,2012,8,8,8,3,8,16,1,4,16,BAM,OLOCA4,false,false
beta_train_all.json,2013,16,16,16,8,5,16,1,4,16,DRUM_APTPU,SETA,true,true
beta_train_all.json,2014,6,6,32,8,10,16,1,4,16,BAM,LOAWA,false,true
beta_train_all.json,2015,6,6,8,32,12,16,1,4,16,DRUM_APTPU,LZTA,false,true
beta_train_all.json,2016,6,6,16,8,5,16,1,4,16,BAM,LOAWA,true,true
beta_train_all.json,2017,4,4,16,3,3,16,1,4,16,BAM,MHERLOA,true,true
beta_train_all.json,2018,8,8,8,32,3,16,1,4,16,BAM,SETA,true,true
beta_train_all.json,2019,8,8,32,5,5,16,1,4,16,DRUM_APTPU,SETA,true,true
beta_train_all.json,2020,6,6,8,4,3,16,1,4,16,DRUM_APTPU,APPROX5,true,true
beta_train_all.json,2021,4,4,32,8,10,16,1,4,16,DRUM_APTPU,HOERAA,false,true
beta_train_all.json,2022,8,8,8,8,2,16,1,4,16,DRUM_APTPU,LZTA,true,true
beta_train_all.json,2023,8,8,32,6,5,16,1,4,16,DRUM_APTPU,LOA,true,true
beta_train_all.json,2024,16,16,8,16,10,16,1,4,16,DRUM_APTPU,MHEAA,false,true
beta_train_all.json,2025,6,6,32,6,3,16,1,4,16,BAM,LOAWA,true,true
beta_train_all.json,2026,4,4,32,5,2,16,1,4,16,BAM,MHERLOA,true,true
beta_train_all.json,2027,6,6,8,16,2,16,1,4,16,DRUM_APTPU,HERLOA,true,true
beta_train_all.json,2028,8,8,32,6,2,16,1,4,16,DRUM_APTPU,OLOCA4,true,false
beta_train_all.json,2029,4,4,32,32,12,16,1,4,16,DRUM_APTPU,MHEAA,true,true
beta_train_all.json,2030,16,16,8,8,8,16,1,4,16,DRUM_APTPU,OLOCA4,true,false
beta_train_all.json,2031,6,6,8,32,10,16,1,4,16,DRUM_APTPU,HERLOA,false,true
beta_train_all.json,2032,4,4,16,32,4,16,1,4,16,UDM,SETA,true,true
beta_train_all.json,2033,4,4,16,32,5,16,1,4,16,BAM,OLOCA4,true,false
beta_train_all.json,2034,4,4,8,5,4,16,1,4,16,BAM,HOAANED,true,true
beta_train_all.json,2035,8,8,16,32,12,16,1,4,16,DRUM_APTPU,HEAA,true,true
beta_train_all.json,2036,4,4,16,4,3,16,1,4,16,DRUM_APTPU,MHEAA,true,true
beta_train_all.json,2037,8,8,16,32,6,16,1,4,16,DRUM_APTPU,LOA,true,true
beta_train_all.json,2038,8,8,32,3,2,16,1,4,16,BAM,OLOCA4,true,false
beta_train_all.json,2039,4,4,32,3,8,16,1,4,16,BAM,MHERLOA,false,true
beta_train_all.json,2040,6,6,32,3,6,16,1,4,16,BAM,SETA,false,true
beta_train_all.json,2041,16,16,16,5,5,16,1,4,16,DRUM_APTPU,SETA,true,true
beta_train_all.json,2042,4,4,16,16,4,16,1,4,16,BAM,MHERLOA,true,true
beta_train_all.json,2043,4,4,8,8,5,16,1,4,16,DRUM_APTPU,LOAWA,true,true
beta_train_all.json,2044,4,4,8,16,5,16,1,4,16,DRUM_APTPU,LOAWA,true,true
beta_train_all.json,2045,8,8,32,4,8,16,1,4,16,DRUM_APTPU,LOA,false,true
beta_train_all.json,2046,6,6,8,7,6,16,1,4,16,BAM,OLOCA4,true,false
beta_train_all.json,2047,4,4,8,5,5,16,1,4,16,BAM,HOERAA,true,true
beta_train_all.json,2048,16,16,8,7,4,16,1,4,16,DRUM_APTPU,LOAWA,true,true
beta_train_all.json,2049,6,6,16,8,6,16,1,4,16,DRUM_APTPU,LZTA,true,true
beta_train_all.json,2050,4,4,8,8,12,16,1,4,16,BAM,HERLOA,false,true
beta_train_all.json,2051,6,6,32,4,2,16,1,4,16,DRUM_APTPU,HOAANED,true,true
beta_train_all.json,2052,32,32,8,4,10,16,1,4,16,DRUM_APTPU,MHERLOA,false,true
beta_train_all.json,2053,4,4,8,3,2,16,1,4,16,BAM,HOERAA,true,true
beta_train_all.json,2054,16,16,16,8,8,16,1,4,16,DRUM_APTPU,LOA,true,true
beta_train_all.json,2055,4,4,32,5,10,16,1,4,16,DRUM_APTPU,LOAWA,false,true
beta_train_all.json,2056,4,4,32,3,3,16,1,4,16,DRUM_APTPU,SETA,true,true
beta_train_all.json,2057,8,8,16,3,4,16,1,4,16,BAM,OLOCA4,false,false
beta_train_all.json,2058,6,6,32,16,12,16,1,4,16,DRUM_APTPU,HOERAA,true,true
beta_train_all.json,2059,4,4,32,7,2,16,1,4,16,DRUM_APTPU,LZTA,true,true
beta_train_all.json,2060,16,16,32,6,3,16,1,4,16,DRUM_APTPU,LOAWA,true,true
beta_train_all.json,2061,6,6,8,7,8,16,1,4,16,BAM,MHEAA,false,true
beta_train_all.json,2062,6,6,8,32,5,16,1,4,16,DRUM_APTPU,HERLOA,true,true
beta_train_all.json,2063,4,4,8,6,5,16,1,4,16,UDM,MHERLOA,true,true
beta_train_all.json,2064,16,16,32,16,6,16,1,4,16,DRUM_APTPU,LOAWA,true,true
beta_train_all.json,2065,8,8,8,8,12,16,1,4,16,DRUM_APTPU,MHEAA,false,true
beta_train_all.json,2066,6,6,8,32,3,16,1,4,16,BAM,HOERAA,true,true
beta_train_all.json,2067,4,4,16,16,10,16,1,4,16,BAM,SETA,true,true
beta_train_all.json,2068,8,8,16,8,10,16,1,4,16,DRUM_APTPU,MHEAA,false,true
beta_train_all.json,2069,4,4,16,5,6,16,1,4,16,BAM,MHERLOA,false,true
beta_train_all.json,2070,8,8,16,16,4,16,1,4,16,BAM,SETA,true,true
beta_train_all.json,2071,6,6,16,16,10,16,1,4,16,DRUM_APTPU,HOERAA,true,true
beta_train_all.json,2072,6,6,16,3,2,16,1,4,16,DRUM_APTPU,MHERLOA,true,true
beta_train_all.json,2073,4,4,8,6,12,16,1,4,16,DRUM_APTPU,LZTA,false,true
beta_train_all.json,2074,4,4,8,32,4,16,1,4,16,BAM,LZTA,true,true
beta_train_all.json,2075,6,6,16,32,6,16,1,4,16,DRUM_APTPU,APPROX5,true,true
beta_train_all.json,2076,6,6,8,3,4,16,1,4,16,BAM,MHEAA,false,true
beta_train_all.json,2077,8,8,8,16,5,16,1,4,16,DRUM_APTPU,LOAWA,true,true
beta_train_all.json,2078,8,8,16,3,12,16,1,4,16,DRUM_APTPU,HERLOA,false,true
beta_train_all.json,2079,4,4,16,5,10,16,1,4,16,BAM,LOA,false,true
beta_train_all.json,2080,32,32,32,5,2,16,1,4,16,DRUM_APTPU,HERLOA,true,true
beta_train_all.json,2081,4,4,32,5,10,16,1,4,16,BAM,MHEAA,false,true
beta_train_all.json,2082,8,8,16,4,12,16,1,4,16,DRUM_APTPU,SETA,false,true
beta_train_all.json,2083,4,4,8,4,2,16,1,4,16,DRUM_APTPU,OLOCA4,true,false
beta_train_all.json,2084,4,4,32,8,2,16,1,4,16,BAM,APPROX5,true,true
beta_train_all.json,2085,6,6,32,3,2,16,1,4,16,DRUM_APTPU,MHERLOA,true,true
beta_train_all.json,2086,4,4,8,4,4,16,1,4,16,DRUM_APTPU,MHERLOA,true,true
beta_train_all.json,2087,4,4,32,3,10,16,1,4,16,DRUM_APTPU,LOAWA,false,true
beta_train_all.json,2088,32,32,16,5,10,16,1,4,16,DRUM_APTPU,MHERLOA,false,true
beta_train_all.json,2089,8,8,32,32,2,16,1,4,16,DRUM_APTPU,LOA,true,true
beta_train_all.json,2090,16,16,16,5,3,16,1,4,16,DRUM_APTPU,OLOCA4,true,false
beta_train_all.json,2091,8,8,8,16,12,16,1,4,16,DRUM_APTPU,LOA,false,true
beta_train_all.json,2092,4,4,16,5,5,16,1,4,16,DRUM_APTPU,OLOCA4,true,false
beta_train_all.json,2093,4,4,16,32,4,16,1,4,16,DRUM_APTPU,HOAANED,true,true
beta_train_all.json,2094,6,6,8,8,6,16,1,4,16,DRUM_APTPU,LZTA,true,true
beta_train_all.json,2095,4,4,32,32,8,16,1,4,16,BAM,HERLOA,true,true
beta_train_all.json,2096,4,4,16,4,2,16,1,4,16,DRUM_APTPU,LOAWA,true,true
beta_train_all.json,2097,8,8,16,3,12,16,1,4,16,BAM,HERLOA,false,true
beta_train_all.json,2098,6,6,8,8,10,16,1,4,16,BAM,MHERLOA,false,true
beta_train_all.json,2099,4,4,8,16,12,16,1,4,16,BAM,HOERAA,false,true
beta_train_all.json,2100,4,4,32,5,6,16,1,4,16,UDM,MHEAA,false,true
beta_train_all.json,2101,4,4,16,16,12,16,1,4,16,BAM,APPROX5,true,true
beta_train_all.json,2102,4,4,32,3,6,16,1,4,16,BAM,MHERLOA,false,true
beta_train_all.json,2103,4,4,8,3,3,16,1,4,16,BAM,APPROX5,true,true
beta_train_all.json,2104,4,4,16,8,3,16,1,4,16,BAM,LOAWA,true,true
beta_train_all.json,2105,4,4,8,8,3,16,1,4,16,DRUM_APTPU,HOAANED,true,true
beta_train_all.json,2106,4,4,32,5,10,16,1,4,16,UDM,MHEAA,false,true
beta_train_all.json,2107,8,8,32,16,12,16,1,4,16,DRUM_APTPU,LZTA,true,true
beta_train_all.json,2108,8,8,16,8,4,16,1,4,16,DRUM_APTPU,HOERAA,true,true
beta_train_all.json,2109,4,4,8,7,6,16,1,4,16,DRUM_APTPU,MHEAA,true,true
beta_train_all.json,2110,4,4,16,32,8,16,1,4,16,BAM,LZTA,true,true
beta_train_all.json,2111,16,16,8,32,2,16,1,4,16,DRUM_APTPU,LZTA,true,true
beta_train_all.json,2112,4,4,16,3,8,16,1,4,16,DRUM_APTPU,OLOCA4,false,false
beta_train_all.json,2113,32,32,8,5,10,16,1,4,16,DRUM_APTPU,LZTA,false,true
beta_train_all.json,2114,6,6,8,16,5,16,1,4,16,DRUM_APTPU,LZTA,true,true
beta_train_all.json,2115,6,6,8,6,10,16,1,4,16,BAM,LOAWA,false,true
beta_train_all.json,2116,4,4,8,4,10,16,1,4,16,DRUM_APTPU,OLOCA4,false,false
beta_train_all.json,2117,8,8,16,6,5,16,1,4,16,DRUM_APTPU,OLOCA4,true,false
beta_train_all.json,2118,4,4,16,3,10,16,1,4,16,DRUM_APTPU,HEAA,false,true
beta_train_all.json,2119,6,6,32,32,3,16,1,4,16,DRUM_APTPU,APPROX5,true,true
beta_train_all.json,2120,4,4,16,8,5,16,1,4,16,DRUM_APTPU,OLOCA4,true,false
beta_train_all.json,2121,6,6,32,5,8,16,1,4,16,DRUM_APTPU,HOAANED,false,true
beta_train_all.json,2122,16,16,32,16,12,16,1,4,16,DRUM_APTPU,LOA,true,true
beta_train_all.json,2123,4,4,16,5,8,16,1,4,16,BAM,HOAANED,false,true
beta_train_all.json,2124,4,4,32,4,2,16,1,4,16,UDM,SETA,true,true
beta_train_all.json,2125,8,8,16,7,6,16,1,4,16,BAM,SETA,true,true
beta_train_all.json,2126,4,4,32,16,8,16,1,4,16,UDM,SETA,true,true
beta_train_all.json,2127,6,6,32,4,5,16,1,4,16,DRUM_APTPU,HERLOA,false,true
beta_train_all.json,2128,16,16,32,4,10,16,1,4,16,DRUM_APTPU,LOA,false,true
beta_train_all.json,2129,6,6,16,5,6,16,1,4,16,DRUM_APTPU,MHERLOA,false,true
beta_train_all.json,2130,8,8,16,6,10,16,1,4,16,DRUM_APTPU,HERLOA,false,true
beta_train_all.json,2131,6,6,32,4,2,16,1,4,16,BAM,LZTA,true,true
beta_train_all.json,2132,6,6,32,8,10,16,1,4,16,DRUM_APTPU,APPROX5,false,true
beta_train_all.json,2133,6,6,32,6,5,16,1,4,16,BAM,OLOCA4,true,false
beta_train_all.json,2134,6,6,16,7,6,16,1,4,16,DRUM_APTPU,APPROX5,true,true
beta_train_all.json,2135,6,6,32,8,6,16,1,4,16,DRUM_APTPU,LOAWA,true,true
beta_train_all.json,2136,6,6,32,6,8,16,1,4,16,BAM,LOA,false,true
beta_train_all.json,2137,16,16,32,3,2,16,1,4,16,DRUM_APTPU,LZTA,true,true
beta_train_all.json,2138,32,32,32,7,3,16,1,4,16,DRUM_APTPU,LZTA,true,true
beta_train_all.json,2139,6,6,32,8,2,16,1,4,16,DRUM_APTPU,SETA,true,true
beta_train_all.json,2140,6,6,16,4,2,16,1,4,16,DRUM_APTPU,LOA,true,true
beta_train_all.json,2141,6,6,16,8,10,16,1,4,16,BAM,LZTA,false,true
beta_train_all.json,2142,4,4,32,8,2,16,1,4,16,DRUM_APTPU,MHEAA,true,true
beta_train_all.json,2143,4,4,16,5,2,16,1,4,16,BAM,OLOCA4,true,false
beta_train_all.json,2144,4,4,16,3,3,16,1,4,16,UDM,MHERLOA,true,true
beta_train_all.json,2145,8,8,16,16,12,16,1,4,16,DRUM_APTPU,HOAANED,true,true
beta_train_all.json,2146,4,4,32,32,4,16,1,4,16,UDM,SETA,true,true
beta_train_all.json,2147,6,6,8,7,8,16,1,4,16,DRUM_APTPU,MHEAA,false,true
beta_train_all.json,2148,8,8,8,8,5,16,1,4,16,BAM,HERLOA,true,true
beta_train_all.json,2149,32,32,16,6,2,16,1,4,16,DRUM_APTPU,SETA,true,true
beta_train_all.json,2150,4,4,32,6,12,16,1,4,16,BAM,MHERLOA,false,true
beta_train_all.json,2151,32,32,16,5,6,16,1,4,16,DRUM_APTPU,OLOCA4,false,false
beta_train_all.json,2152,6,6,8,6,3,16,1,4,16,DRUM_APTPU,MHEAA,true,true
beta_train_all.json,2153,4,4,32,8,6,16,1,4,16,DRUM_APTPU,HEAA,true,true
beta_train_all.json,2154,4,4,32,5,12,16,1,4,16,BAM,LOAWA,false,true
beta_train_all.json,2155,4,4,8,8,8,16,1,4,16,UDM,SETA,true,true
beta_train_all.json,2156,4,4,8,32,6,16,1,4,16,BAM,OLOCA4,true,false
beta_train_all.json,2157,16,16,32,4,8,16,1,4,16,DRUM_APTPU,LOA,false,true
beta_train_all.json,2158,4,4,8,3,5,16,1,4,16,BAM,OLOCA4,false,false
beta_train_all.json,2159,4,4,16,8,12,16,1,4,16,BAM,MHERLOA,false,true
beta_train_all.json,2160,4,4,16,4,6,16,1,4,16,DRUM_APTPU,MHERLOA,false,true
beta_train_all.json,2161,8,8,32,3,2,16,1,4,16,DRUM_APTPU,LZTA,true,true
beta_train_all.json,2162,6,6,32,32,8,16,1,4,16,BAM,LZTA,true,true
beta_train_all.json,2163,32,32,16,7,5,16,1,4,16,DRUM_APTPU,MHERLOA,true,true
beta_train_all.json,2164,6,6,8,16,2,16,1,4,16,DRUM_APTPU,APPROX5,true,true
beta_train_all.json,2165,8,8,32,6,6,16,1,4,16,DRUM_APTPU,HEAA,true,true
beta_train_all.json,2166,16,16,8,16,6,16,1,4,16,DRUM_APTPU,OLOCA4,true,false
beta_train_all.json,2167,4,4,8,8,2,16,1,4,16,BAM,MHERLOA,true,true
beta_train_all.json,2168,32,32,8,3,8,16,1,4,16,DRUM_APTPU,MHEAA,false,true
beta_train_all.json,2169,16,16,32,7,5,16,1,4,16,DRUM_APTPU,OLOCA4,true,false
beta_train_all.json,2170,4,4,8,7,12,16,1,4,16,BAM,LOAWA,false,true
beta_train_all.json,2171,4,4,32,6,2,16,1,4,16,BAM,SETA,true,true
beta_train_all.json,2172,6,6,16,5,12,16,1,4,16,BAM,OLOCA4,false,false
beta_train_all.json,2173,6,6,16,6,5,16,1,4,16,BAM,LOA,true,true
beta_train_all.json,2174,16,16,16,4,8,16,1,4,16,DRUM_APTPU,LOAWA,false,true
beta_train_all.json,2175,6,6,32,32,8,16,1,4,16,DRUM_APTPU,APPROX5,true,true
beta_train_all.json,2176,8,8,32,3,8,16,1,4,16,DRUM_APTPU,OLOCA4,false,false
beta_train_all.json,2177,6,6,16,3,10,16,1,4,16,BAM,SETA,false,true
beta_train_all.json,2178,6,6,8,3,3,16,1,4,16,BAM,LOAWA,true,true
beta_train_all.json,2179,16,16,8,4,4,16,1,4,16,DRUM_APTPU,LOA,true,true
beta_train_all.json,2180,6,6,32,3,12,16,1,4,16,DRUM_APTPU,HOERAA,false,true
beta_train_all.json,2181,6,6,16,16,5,16,1,4,16,DRUM_APTPU,LZTA,true,true
beta_train_all.json,2182,32,32,16,4,4,16,1,4,16,DRUM_APTPU,LZTA,true,true
beta_train_all.json,2183,6,6,16,5,2,16,1,4,16,DRUM_APTPU,LZTA,true,true
beta_train_all.json,2184,6,6,32,32,8,16,1,4,16,DRUM_APTPU,MHERLOA,true,true
beta_train_all.json,2185,6,6,32,7,5,16,1,4,16,BAM,LZTA,true,true
beta_train_all.json,2186,32,32,32,3,6,16,1,4,16,DRUM_APTPU,HERLOA,false,true
beta_train_all.json,2187,8,8,16,6,2,16,1,4,16,DRUM_APTPU,SETA,true,true
beta_train_all.json,2188,32,32,8,3,4,16,1,4,16,DRUM_APTPU,LOAWA,false,true
beta_train_all.json,2189,8,8,8,32,6,16,1,4,16,DRUM_APTPU,HOAANED,true,true
beta_train_all.json,2190,4,4,32,6,5,16,1,4,16,BAM,SETA,true,true
beta_train_all.json,2191,32,32,32,6,2,16,1,4,16,DRUM_APTPU,LZTA,true,true
beta_train_all.json,2192,4,4,16,4,8,16,1,4,16,BAM,HOERAA,false,true
beta_train_all.json,2193,32,32,16,16,12,16,1,4,16,DRUM_APTPU,HERLOA,true,true
beta_train_all.json,2194,32,32,8,3,10,16,1,4,16,DRUM_APTPU,MHEAA,false,true
beta_train_all.json,2195,8,8,16,16,4,16,1,4,16,DRUM_APTPU,SETA,true,true
beta_train_all.json,2196,8,8,16,3,4,16,1,4,16,BAM,SETA,false,true
beta_train_all.json,2197,6,6,16,3,12,16,1,4,16,DRUM_APTPU,HOAANED,false,true
beta_train_all.json,2198,4,4,32,7,5,16,1,4,16,UDM,MHERLOA,true,true
beta_train_all.json,2199,8,8,32,32,6,16,1,4,16,DRUM_APTPU,HEAA,true,true
beta_train_all.json,2200,6,6,8,8,2,16,1,4,16,BAM,LOA,true,true
beta_train_all.json,2201,32,32,16,8,10,16,1,4,16,DRUM_APTPU,HERLOA,false,true
beta_train_all.json,2202,8,8,16,3,5,16,1,4,16,DRUM_APTPU,HOERAA,false,true
beta_train_all.json,2203,6,6,32,7,4,16,1,4,16,DRUM_APTPU,HEAA,true,true
beta_train_all.json,2204,6,6,16,8,3,16,1,4,16,BAM,MHERLOA,true,true
beta_train_all.json,2205,6,6,8,7,5,16,1,4,16,DRUM_APTPU,MHERLOA,true,true
beta_train_all.json,2206,6,6,8,3,5,16,1,4,16,DRUM_APTPU,LZTA,false,true
beta_train_all.json,2207,4,4,16,5,6,16,1,4,16,UDM,MHEAA,false,true
beta_train_all.json,2208,8,8,32,3,6,16,1,4,16,DRUM_APTPU,HOERAA,false,true
beta_train_all.json,2209,6,6,8,6,8,16,1,4,16,BAM,MHERLOA,false,true
beta_train_all.json,2210,4,4,8,4,12,16,1,4,16,UDM,MHEAA,false,true
beta_train_all.json,2211,8,8,8,8,12,16,1,4,16,BAM,SETA,false,true
beta_train_all.json,2212,4,4,16,8,8,16,1,4,16,BAM,HEAA,true,true
beta_train_all.json,2213,4,4,16,4,5,16,1,4,16,BAM,HEAA,false,true
beta_train_all.json,2214,8,8,8,16,3,16,1,4,16,DRUM_APTPU,MHEAA,true,true
beta_train_all.json,2215,8,8,32,16,3,16,1,4,16,DRUM_APTPU,MHERLOA,true,true
beta_train_all.json,2216,6,6,32,4,8,16,1,4,16,DRUM_APTPU,HERLOA,false,true
beta_train_all.json,2217,6,6,8,6,6,16,1,4,16,DRUM_APTPU,OLOCA4,true,false
beta_train_all.json,2218,6,6,32,3,6,16,1,4,16,BAM,HERLOA,false,true
beta_train_all.json,2219,8,8,16,3,2,16,1,4,16,DRUM_APTPU,HOERAA,true,true
beta_train_all.json,2220,8,8,32,3,6,16,1,4,16,DRUM_APTPU,HEAA,false,true
beta_train_all.json,2221,6,6,16,8,12,16,1,4,16,BAM,LOAWA,false,true
beta_train_all.json,2222,16,16,32,32,12,16,1,4,16,DRUM_APTPU,SETA,true,true
beta_train_all.json,2223,6,6,32,8,2,16,1,4,16,DRUM_APTPU,HOERAA,true,true
beta_train_all.json,2224,4,4,8,6,2,16,1,4,16,BAM,LOAWA,true,true
beta_train_all.json,2225,6,6,32,32,6,16,1,4,16,DRUM_APTPU,LZTA,true,true
beta_train_all.json,2226,4,4,8,6,10,16,1,4,16,DRUM_APTPU,LOA,false,true
beta_train_all.json,2227,8,8,16,5,10,16,1,4,16,BAM,HERLOA,false,true
beta_train_all.json,2228,4,4,8,32,4,16,1,4,16,DRUM_APTPU,MHERLOA,true,true
beta_train_all.json,2229,4,4,8,6,4,16,1,4,16,BAM,HOERAA,true,true
beta_train_all.json,2230,6,6,32,6,4,16,1,4,16,BAM,MHEAA,true,true
beta_train_all.json,2231,4,4,8,16,2,16,1,4,16,DRUM_APTPU,MHERLOA,true,true
beta_train_all.json,2232,8,8,16,3,2,16,1,4,16,DRUM_APTPU,APPROX5,true,true
beta_train_all.json,2233,8,8,8,8,2,16,1,4,16,BAM,SETA,true,true
beta_train_all.json,2234,6,6,16,32,8,16,1,4,16,DRUM_APTPU,LZTA,true,true
beta_train_all.json,2235,6,6,16,6,10,16,1,4,16,BAM,OLOCA4,false,false
beta_train_all.json,2236,8,8,8,3,10,16,1,4,16,DRUM_APTPU,HERLOA,false,true
beta_train_all.json,2237,6,6,16,6,5,16,1,4,16,BAM,OLOCA4,true,false
beta_train_all.json,2238,8,8,32,6,12,16,1,4,16,DRUM_APTPU,HOAANED,false,true
beta_train_all.json,2239,8,8,32,6,8,16,1,4,16,DRUM_APTPU,MHEAA,false,true
beta_train_all.json,2240,6,6,8,16,2,16,1,4,16,BAM,MHEAA,true,true
beta_train_all.json,2241,8,8,16,3,8,16,1,4,16,DRUM_APTPU,MHERLOA,false,true
beta_train_all.json,2242,4,4,16,3,8,16,1,4,16,BAM,HOERAA,false,true
beta_train_all.json,2243,4,4,16,16,10,16,1,4,16,UDM,OLOCA4,true,false
beta_train_all.json,2244,8,8,16,8,8,16,1,4,16,DRUM_APTPU,HERLOA,true,true
beta_train_all.json,2245,8,8,16,6,5,16,1,4,16,DRUM_APTPU,HOAANED,true,true
beta_train_all.json,2246,4,4,16,7,8,16,1,4,16,DRUM_APTPU,MHEAA,false,true
beta_train_all.json,2247,6,6,8,6,8,16,1,4,16,BAM,OLOCA4,false,false
beta_train_all.json,2248,6,6,8,4,4,16,1,4,16,DRUM_APTPU,APPROX5,true,true
beta_train_all.json,2249,4,4,8,3,8,16,1,4,16,DRUM_APTPU,SETA,false,true
beta_train_all.json,2250,6,6,32,16,2,16,1,4,16,DRUM_APTPU,APPROX5,true,true
beta_train_all.json,2251,4,4,16,4,5,16,1,4,16,DRUM_APTPU,SETA,false,true
beta_train_all.json,2252,4,4,32,3,6,16,1,4,16,BAM,HERLOA,false,true
beta_train_all.json,2253,6,6,8,4,6,16,1,4,16,BAM,LOAWA,false,true
beta_train_all.json,2254,6,6,8,8,6,16,1,4,16,DRUM_APTPU,MHERLOA,true,true
beta_train_all.json,2255,6,6,8,6,3,16,1,4,16,BAM,LOAWA,true,true
beta_train_all.json,2256,6,6,16,3,3,16,1,4,16,DRUM_APTPU,HOAANED,true,true
beta_train_all.json,2257,16,16,16,3,2,16,1,4,16,DRUM_APTPU,LOA,true,true
beta_train_all.json,2258,8,8,32,5,3,16,1,4,16,DRUM_APTPU,HEAA,true,true
beta_train_all.json,2259,4,4,32,32,12,16,1,4,16,BAM,MHERLOA,true,true
beta_train_all.json,2260,16,16,32,4,4,16,1,4,16,DRUM_APTPU,HERLOA,true,true
beta_train_all.json,2261,6,6,16,7,8,16,1,4,16,DRUM_APTPU,MHEAA,false,true
beta_train_all.json,2262,4,4,8,5,12,16,1,4,16,DRUM_APTPU,SETA,false,true
beta_train_all.json,2263,16,16,16,32,6,16,1,4,16,DRUM_APTPU,LOA,true,true
beta_train_all.json,2264,8,8,16,3,8,16,1,4,16,DRUM_APTPU,MHEAA,false,true
beta_train_all.json,2265,4,4,8,6,4,16,1,4,16,BAM,SETA,true,true
beta_train_all.json,2266,6,6,8,5,8,16,1,4,16,BAM,LOAWA,false,true
beta_train_all.json,2267,32,32,16,8,8,16,1,4,16,DRUM_APTPU,SETA,true,true
beta_train_all.json,2268,4,4,8,4,8,16,1,4,16,BAM,HEAA,false,true
beta_train_all.json,2269,8,8,16,32,3,16,1,4,16,BAM,SETA,true,true
beta_train_all.json,2270,8,8,16,32,8,16,1,4,16,BAM,HERLOA,true,true
beta_train_all.json,2271,6,6,32,32,12,16,1,4,16,BAM,LOAWA,true,true
beta_train_all.json,2272,6,6,8,32,2,16,1,4,16,BAM,LZTA,true,true
beta_train_all.json,2273,8,8,16,7,6,16,1,4,16,DRUM_APTPU,HERLOA,true,true
beta_train_all.json,2274,16,16,16,3,5,16,1,4,16,DRUM_APTPU,MHEAA,false,true
beta_train_all.json,2275,6,6,8,5,8,16,1,4,16,DRUM_APTPU,HOERAA,false,true
beta_train_all.json,2276,32,32,32,7,6,16,1,4,16,DRUM_APTPU,OLOCA4,true,false
beta_train_all.json,2277,4,4,16,8,12,16,1,4,16,DRUM_APTPU,LOA,false,true
beta_train_all.json,2278,4,4,8,7,8,16,1,4,16,BAM,LOAWA,false,true
beta_train_all.json,2279,6,6,32,4,12,16,1,4,16,DRUM_APTPU,LOA,false,true
beta_train_all.json,2280,8,8,8,3,6,16,1,4,16,DRUM_APTPU,HOERAA,false,true
beta_train_all.json,2281,32,32,8,6,3,16,1,4,16,DRUM_APTPU,LOAWA,true,true
beta_train_all.json,2282,4,4,8,7,8,16,1,4,16,BAM,LZTA,false,true
beta_train_all.json,2283,6,6,8,6,6,16,1,4,16,DRUM_APTPU,MHEAA,true,true
beta_train_all.json,2284,8,8,32,6,3,16,1,4,16,BAM,HERLOA,true,true
beta_train_all.json,2285,32,32,16,3,4,16,1,4,16,DRUM_APTPU,MHEAA,false,true
beta_train_all.json,2286,8,8,8,3,5,16,1,4,16,DRUM_APTPU,SETA,false,true
beta_train_all.json,2287,6,6,8,7,6,16,1,4,16,DRUM_APTPU,OLOCA4,true,false
beta_train_all.json,2288,8,8,16,8,3,16,1,4,16,DRUM_APTPU,SETA,true,true
beta_train_all.json,2289,6,6,16,7,2,16,1,4,16,BAM,MHEAA,true,true
beta_train_all.json,2290,4,4,8,5,2,16,1,4,16,DRUM_APTPU,MHEAA,true,true
beta_train_all.json,2291,4,4,8,5,5,16,1,4,16,DRUM_APTPU,HOAANED,true,true
beta_train_all.json,2292,4,4,16,32,5,16,1,4,16,BAM,LZTA,true,true
beta_train_all.json,2293,32,32,32,4,2,16,1,4,16,DRUM_APTPU,MHERLOA,true,true
beta_train_all.json,2294,4,4,16,8,5,16,1,4,16,DRUM_APTPU,LOAWA,true,true
beta_train_all.json,2295,8,8,8,3,4,16,1,4,16,DRUM_APTPU,MHEAA,false,true
beta_train_all.json,2296,8,8,32,16,3,16,1,4,16,BAM,SETA,true,true
beta_train_all.json,2297,6,6,16,8,8,16,1,4,16,BAM,HERLOA,true,true
beta_train_all.json,2298,6,6,16,7,12,16,1,4,16,BAM,MHERLOA,false,true
beta_train_all.json,2299,6,6,32,6,8,16,1,4,16,BAM,OLOCA4,false,false
beta_train_all.json,2300,4,4,8,3,4,16,1,4,16,DRUM_APTPU,LOAWA,false,true
beta_train_all.json,2301,8,8,8,6,12,16,1,4,16,DRUM_APTPU,MHERLOA,false,true
beta_train_all.json,2302,8,8,8,4,12,16,1,4,16,DRUM_APTPU,APPROX5,false,true
beta_train_all.json,2303,6,6,8,3,8,16,1,4,16,BAM,MHERLOA,false,true
beta_train_all.json,2304,4,4,16,6,8,16,1,4,16,BAM,LOAWA,false,true
beta_train_all.json,2305,4,4,8,16,4,16,1,4,16,DRUM_APTPU,HOERAA,true,true
beta_train_all.json,2306,8,8,8,6,8,16,1,4,16,DRUM_APTPU,LOA,false,true
beta_train_all.json,2307,32,32,16,7,2,16,1,4,16,DRUM_APTPU,MHERLOA,true,true
beta_train_all.json,2308,6,6,16,16,10,16,1,4,16,DRUM_APTPU,LOAWA,true,true
beta_train_all.json,2309,16,16,8,32,12,16,1,4,16,DRUM_APTPU,LOA,false,true
beta_train_all.json,2310,4,4,32,4,5,16,1,4,16,UDM,LZTA,false,true
beta_train_all.json,2311,16,16,16,32,5,16,1,4,16,DRUM_APTPU,MHERLOA,true,true
beta_train_all.json,2312,8,8,16,6,12,16,1,4,16,DRUM_APTPU,LOAWA,false,true
beta_train_all.json,2313,8,8,32,7,2,16,1,4,16,DRUM_APTPU,OLOCA4,true,false
beta_train_all.json,2314,4,4,32,7,12,16,1,4,16,DRUM_APTPU,LOAWA,false,true
beta_train_all.json,2315,6,6,32,32,12,16,1,4,16,DRUM_APTPU,LZTA,true,true
beta_train_all.json,2316,8,8,8,16,3,16,1,4,16,BAM,HERLOA,true,true
beta_train_all.json,2317,4,4,32,5,12,16,1,4,16,UDM,MHEAA,false,true
beta_train_all.json,2318,16,16,8,4,12,16,1,4,16,DRUM_APTPU,MHERLOA,false,true
beta_train_all.json,2319,4,4,8,6,5,16,1,4,16,DRUM_APTPU,SETA,true,true
beta_train_all.json,2320,6,6,8,4,2,16,1,4,16,BAM,LOA,true,true
beta_train_all.json,2321,6,6,16,16,12,16,1,4,16,BAM,MHERLOA,true,true
beta_train_all.json,2322,8,8,8,3,8,16,1,4,16,DRUM_APTPU,LOA,false,true
beta_train_all.json,2323,4,4,32,16,10,16,1,4,16,BAM,LOA,true,true
beta_train_all.json,2324,4,4,8,6,3,16,1,4,16,BAM,LOAWA,true,true
beta_train_all.json,2325,16,16,8,3,2,16,1,4,16,DRUM_APTPU,LZTA,true,true
beta_train_all.json,2326,8,8,16,6,10,16,1,4,16,DRUM_APTPU,HOERAA,false,true
beta_train_all.json,2327,6,6,8,4,6,16,1,4,16,BAM,SETA,false,true
beta_train_all.json,2328,4,4,16,32,8,16,1,4,16,UDM,HERLOA,true,true
beta_train_all.json,2329,6,6,32,16,5,16,1,4,16,DRUM_APTPU,HOAANED,true,true
beta_train_all.json,2330,6,6,16,8,6,16,1,4,16,BAM,LZTA,true,true
beta_train_all.json,2331,4,4,32,8,5,16,1,4,16,BAM,LZTA,true,true
beta_train_all.json,2332,4,4,32,6,4,16,1,4,16,UDM,SETA,true,true
beta_train_all.json,2333,16,16,16,6,4,16,1,4,16,DRUM_APTPU,LZTA,true,true
beta_train_all.json,2334,8,8,32,3,4,16,1,4,16,DRUM_APTPU,OLOCA4,false,false
beta_train_all.json,2335,6,6,32,5,6,16,1,4,16,BAM,HERLOA,false,true
beta_train_all.json,2336,16,16,16,32,8,16,1,4,16,DRUM_APTPU,LOAWA,true,true
beta_train_all.json,2337,4,4,8,4,10,16,1,4,16,DRUM_APTPU,APPROX5,false,true
beta_train_all.json,2338,8,8,8,3,10,16,1,4,16,DRUM_APTPU,MHEAA,false,true
beta_train_all.json,2339,8,8,16,32,4,16,1,4,16,BAM,OLOCA4,true,false
beta_train_all.json,2340,6,6,8,32,2,16,1,4,16,DRUM_APTPU,SETA,true,true
beta_train_all.json,2341,4,4,8,4,8,16,1,4,16,UDM,SETA,false,true
beta_train_all.json,2342,6,6,32,32,12,16,1,4,16,DRUM_APTPU,LOAWA,true,true
beta_train_all.json,2343,32,32,32,7,4,16,1,4,16,DRUM_APTPU,HERLOA,true,true
beta_train_all.json,2344,4,4,16,16,10,16,1,4,16,BAM,LOA,true,true
beta_train_all.json,2345,6,6,16,16,2,16,1,4,16,DRUM_APTPU,HEAA,true,true
beta_train_all.json,2346,4,4,16,8,4,16,1,4,16,UDM,HERLOA,true,true
beta_train_all.json,2347,8,8,16,3,8,16,1,4,16,DRUM_APTPU,SETA,false,true
beta_train_all.json,2348,4,4,32,3,5,16,1,4,16,BAM,MHERLOA,false,true
beta_train_all.json,2349,6,6,32,8,10,16,1,4,16,DRUM_APTPU,HOAANED,false,true
beta_train_all.json,2350,6,6,8,7,4,16,1,4,16,BAM,MHERLOA,true,true
beta_train_all.json,2351,32,32,16,32,10,16,1,4,16,DRUM_APTPU,MHERLOA,true,true
beta_train_all.json,2352,4,4,32,32,8,16,1,4,16,DRUM_APTPU,MHERLOA,true,true
beta_train_all.json,2353,8,8,32,32,3,16,1,4,16,DRUM_APTPU,HOERAA,true,true
beta_train_all.json,2354,8,8,8,4,12,16,1,4,16,BAM,SETA,false,true
beta_train_all.json,2355,32,32,32,5,4,16,1,4,16,DRUM_APTPU,MHEAA,true,true
beta_train_all.json,2356,6,6,32,3,4,16,1,4,16,DRUM_APTPU,OLOCA4,false,false
beta_train_all.json,2357,4,4,32,6,10,16,1,4,16,BAM,HOAANED,false,true
beta_train_all.json,2358,8,8,8,6,10,16,1,4,16,DRUM_APTPU,HOERAA,false,true
beta_train_all.json,2359,6,6,16,5,8,16,1,4,16,BAM,OLOCA4,false,false
beta_train_all.json,2360,6,6,8,16,8,16,1,4,16,BAM,HERLOA,true,true
beta_train_all.json,2361,32,32,32,32,10,16,1,4,16,DRUM_APTPU,OLOCA4,true,false
beta_train_all.json,2362,4,4,16,3,10,16,1,4,16,DRUM_APTPU,OLOCA4,false,false
beta_train_all.json,2363,6,6,32,3,4,16,1,4,16,DRUM_APTPU,MHEAA,false,true
beta_train_all.json,2364,4,4,16,3,4,16,1,4,16,DRUM_APTPU,OLOCA4,false,false
beta_train_all.json,2365,8,8,32,4,5,16,1,4,16,DRUM_APTPU,MHEAA,false,true
beta_train_all.json,2366,8,8,16,3,10,16,1,4,16,DRUM_APTPU,LOAWA,false,true
beta_train_all.json,2367,16,16,8,5,2,16,1,4,16,DRUM_APTPU,LOA,true,true
beta_train_all.json,2368,16,16,16,6,5,16,1,4,16,DRUM_APTPU,HERLOA,true,true
beta_train_all.json,2369,4,4,16,6,4,16,1,4,16,BAM,LOAWA,true,true
beta_train_all.json,2370,4,4,8,3,6,16,1,4,16,BAM,HEAA,false,true
beta_train_all.json,2371,8,8,16,7,4,16,1,4,16,DRUM_APTPU,MHERLOA,true,true
beta_train_all.json,2372,6,6,8,32,2,16,1,4,16,BAM,MHEAA,true,true
beta_train_all.json,2373,6,6,8,5,5,16,1,4,16,BAM,HOERAA,true,true
beta_train_all.json,2374,4,4,16,32,2,16,1,4,16,DRUM_APTPU,APPROX5,true,true
beta_train_all.json,2375,4,4,16,8,5,16,1,4,16,BAM,HEAA,true,true
beta_train_all.json,2376,4,4,16,16,6,16,1,4,16,DRUM_APTPU,LZTA,true,true
beta_train_all.json,2377,8,8,32,32,12,16,1,4,16,BAM,OLOCA4,true,false
beta_train_all.json,2378,4,4,32,32,10,16,1,4,16,DRUM_APTPU,HOERAA,true,true
beta_train_all.json,2379,4,4,8,16,6,16,1,4,16,DRUM_APTPU,SETA,true,true
beta_train_all.json,2380,16,16,16,6,3,16,1,4,16,DRUM_APTPU,MHEAA,true,true
beta_train_all.json,2381,8,8,8,4,3,16,1,4,16,DRUM_APTPU,HEAA,true,true
beta_train_all.json,2382,4,4,32,7,6,16,1,4,16,DRUM_APTPU,OLOCA4,true,false
beta_train_all.json,2383,4,4,16,7,2,16,1,4,16,DRUM_APTPU,MHEAA,true,true
beta_train_all.json,2384,4,4,16,6,5,16,1,4,16,BAM,MHEAA,true,true
beta_train_all.json,2385,8,8,8,3,5,16,1,4,16,BAM,MHERLOA,false,true
beta_train_all.json,2386,4,4,32,6,12,16,1,4,16,DRUM_APTPU,LOAWA,false,true
beta_train_all.json,2387,6,6,32,16,10,16,1,4,16,DRUM_APTPU,SETA,true,true
beta_train_all.json,2388,6,6,32,4,6,16,1,4,16,DRUM_APTPU,OLOCA4,false,false
beta_train_all.json,2389,16,16,32,4,3,16,1,4,16,DRUM_APTPU,MHERLOA,true,true
beta_train_all.json,2390,8,8,16,5,3,16,1,4,16,DRUM_APTPU,SETA,true,true
beta_train_all.json,2391,6,6,32,16,3,16,1,4,16,DRUM_APTPU,OLOCA4,true,false
beta_train_all.json,2392,4,4,8,32,3,16,1,4,16,BAM,LZTA,true,true
beta_train_all.json,2393,6,6,16,16,10,16,1,4,16,BAM,LOAWA,true,true
beta_train_all.json,2394,4,4,16,16,8,16,1,4,16,UDM,SETA,true,true
beta_train_all.json,2395,8,8,8,8,4,16,1,4,16,BAM,SETA,true,true
beta_train_all.json,2396,4,4,16,32,6,16,1,4,16,DRUM_APTPU,OLOCA4,true,false
beta_train_all.json,2397,4,4,32,7,8,16,1,4,16,DRUM_APTPU,HERLOA,false,true
beta_train_all.json,2398,4,4,16,6,12,16,1,4,16,DRUM_APTPU,LOA,false,true
beta_train_all.json,2399,4,4,8,5,10,16,1,4,16,DRUM_APTPU,HEAA,false,true
beta_train_all.json,2400,16,16,16,5,4,16,1,4,16,DRUM_APTPU,SETA,true,true
beta_train_all.json,2401,4,4,32,5,4,16,1,4,16,DRUM_APTPU,OLOCA4,true,false
beta_train_all.json,2402,4,4,32,32,5,16,1,4,16,BAM,LOAWA,true,true
beta_train_all.json,2403,4,4,32,4,12,16,1,4,16,DRUM_APTPU,HEAA,false,true
beta_train_all.json,2404,4,4,32,16,6,16,1,4,16,BAM,HEAA,true,true
beta_train_all.json,2405,6,6,8,7,8,16,1,4,16,DRUM_APTPU,LOAWA,false,true
beta_train_all.json,2406,8,8,16,16,10,16,1,4,16,BAM,SETA,true,true
beta_train_all.json,2407,32,32,16,4,12,16,1,4,16,DRUM_APTPU,SETA,false,true
beta_train_all.json,2408,32,32,8,5,4,16,1,4,16,DRUM_APTPU,LZTA,true,true
beta_train_all.json,2409,4,4,8,16,3,16,1,4,16,BAM,APPROX5,true,true
beta_train_all.json,2410,6,6,32,32,12,16,1,4,16,DRUM_APTPU,HEAA,true,true
beta_train_all.json,2411,32,32,8,4,12,16,1,4,16,DRUM_APTPU,MHERLOA,false,true
beta_train_all.json,2412,6,6,16,5,5,16,1,4,16,BAM,LZTA,true,true
beta_train_all.json,2413,32,32,16,4,2,16,1,4,16,DRUM_APTPU,HERLOA,true,true
beta_train_all.json,2414,6,6,8,6,3,16,1,4,16,DRUM_APTPU,LZTA,true,true
beta_train_all.json,2415,6,6,8,4,3,16,1,4,16,DRUM_APTPU,OLOCA4,true,false
beta_train_all.json,2416,6,6,16,3,5,16,1,4,16,DRUM_APTPU,LZTA,false,true
beta_train_all.json,2417,32,32,16,4,4,16,1,4,16,DRUM_APTPU,MHERLOA,true,true
beta_train_all.json,2418,6,6,8,16,2,16,1,4,16,BAM,LZTA,true,true
beta_train_all.json,2419,8,8,16,3,10,16,1,4,16,DRUM_APTPU,SETA,false,true
beta_train_all.json,2420,4,4,16,5,2,16,1,4,16,UDM,LZTA,true,true
beta_train_all.json,2421,4,4,16,6,6,16,1,4,16,UDM,HERLOA,true,true
beta_train_all.json,2422,16,16,8,3,10,16,1,4,16,DRUM_APTPU,HOERAA,false,true
beta_train_all.json,2423,8,8,8,6,10,16,1,4,16,DRUM_APTPU,LOAWA,false,true
beta_train_all.json,2424,4,4,8,7,6,16,1,4,16,BAM,LOA,true,true
beta_train_all.json,2425,4,4,16,7,8,16,1,4,16,BAM,LOAWA,false,true
beta_train_all.json,2426,4,4,16,8,5,16,1,4,16,DRUM_APTPU,HEAA,true,true
beta_train_all.json,2427,6,6,32,32,3,16,1,4,16,BAM,MHEAA,true,true
beta_train_all.json,2428,16,16,16,8,12,16,1,4,16,DRUM_APTPU,OLOCA4,false,false
beta_train_all.json,2429,4,4,32,3,3,16,1,4,16,UDM,MHERLOA,true,true
beta_train_all.json,2430,4,4,32,5,4,16,1,4,16,DRUM_APTPU,HERLOA,true,true
beta_train_all.json,2431,4,4,32,5,4,16,1,4,16,DRUM_APTPU,HOERAA,true,true
beta_train_all.json,2432,16,16,8,7,10,16,1,4,16,DRUM_APTPU,LZTA,false,true
beta_train_all.json,2433,4,4,16,16,6,16,1,4,16,DRUM_APTPU,HOERAA,true,true
beta_train_all.json,2434,6,6,8,5,5,16,1,4,16,DRUM_APTPU,LOA,true,true
beta_train_all.json,2435,16,16,8,3,12,16,1,4,16,DRUM_APTPU,MHEAA,false,true
beta_train_all.json,2436,6,6,32,8,8,16,1,4,16,DRUM_APTPU,APPROX5,true,true
beta_train_all.json,2437,6,6,32,6,5,16,1,4,16,BAM,LOA,true,true
beta_train_all.json,2438,32,32,16,7,5,16,1,4,16,DRUM_APTPU,HERLOA,true,true
beta_train_all.json,2439,4,4,16,8,10,16,1,4,16,UDM,MHEAA,false,true
beta_train_all.json,2440,4,4,16,8,5,16,1,4,16,BAM,SETA,true,true
beta_train_all.json,2441,4,4,16,4,5,16,1,4,16,DRUM_APTPU,LZTA,false,true
beta_train_all.json,2442,16,16,32,5,10,16,1,4,16,DRUM_APTPU,SETA,false,true
beta_train_all.json,2443,8,8,8,5,3,16,1,4,16,BAM,HERLOA,true,true
beta_train_all.json,2444,4,4,8,4,5,16,1,4,16,BAM,HERLOA,false,true
beta_train_all.json,2445,6,6,32,7,10,16,1,4,16,DRUM_APTPU,HOERAA,false,true
beta_train_all.json,2446,4,4,16,7,2,16,1,4,16,DRUM_APTPU,HEAA,true,true
beta_train_all.json,2447,6,6,32,8,10,16,1,4,16,BAM,LZTA,false,true
beta_train_all.json,2448,6,6,32,4,5,16,1,4,16,DRUM_APTPU,SETA,false,true
beta_train_all.json,2449,8,8,32,16,10,16,1,4,16,BAM,HERLOA,true,true
beta_train_all.json,2450,8,8,32,6,5,16,1,4,16,DRUM_APTPU,HEAA,true,true
beta_train_all.json,2451,8,8,8,32,2,16,1,4,16,BAM,OLOCA4,true,false
beta_train_all.json,2452,4,4,8,3,2,16,1,4,16,DRUM_APTPU,LZTA,true,true
beta_train_all.json,2453,16,16,32,6,8,16,1,4,16,DRUM_APTPU,SETA,false,true
beta_train_all.json,2454,8,8,32,3,8,16,1,4,16,DRUM_APTPU,HOAANED,false,true
beta_train_all.json,2455,4,4,32,5,6,16,1,4,16,DRUM_APTPU,HOAANED,false,true
beta_train_all.json,2456,32,32,16,7,5,16,1,4,16,DRUM_APTPU,SETA,true,true
beta_train_all.json,2457,8,8,16,6,10,16,1,4,16,DRUM_APTPU,SETA,false,true
beta_train_all.json,2458,4,4,16,32,12,16,1,4,16,BAM,OLOCA4,true,false
beta_train_all.json,2459,6,6,32,3,2,16,1,4,16,BAM,MHEAA,true,true
beta_train_all.json,2460,4,4,16,5,3,16,1,4,16,BAM,LOA,true,true
beta_train_all.json,2461,4,4,8,8,5,16,1,4,16,UDM,MHERLOA,true,true
beta_train_all.json,2462,4,4,32,16,2,16,1,4,16,BAM,HEAA,true,true
beta_train_all.json,2463,32,32,8,16,5,16,1,4,16,DRUM_APTPU,SETA,true,true
beta_train_all.json,2464,4,4,16,4,8,16,1,4,16,UDM,SETA,false,true
beta_train_all.json,2465,6,6,8,32,6,16,1,4,16,BAM,LZTA,true,true
beta_train_all.json,2466,8,8,8,16,6,16,1,4,16,DRUM_APTPU,MHERLOA,true,true
beta_train_all.json,2467,16,16,16,6,8,16,1,4,16,DRUM_APTPU,LZTA,false,true
beta_train_all.json,2468,8,8,16,3,6,16,1,4,16,DRUM_APTPU,LOA,false,true
beta_train_all.json,2469,4,4,16,6,8,16,1,4,16,BAM,APPROX5,false,true
beta_train_all.json,2470,4,4,8,4,4,16,1,4,16,UDM,LZTA,true,true
beta_train_all.json,2471,4,4,32,4,2,16,1,4,16,DRUM_APTPU,MHEAA,true,true
beta_train_all.json,2472,6,6,16,32,4,16,1,4,16,BAM,SETA,true,true
beta_train_all.json,2473,8,8,8,6,5,16,1,4,16,BAM,SETA,true,true
beta_train_all.json,2474,6,6,8,32,5,16,1,4,16,BAM,MHEAA,true,true
beta_train_all.json,2475,4,4,16,7,4,16,1,4,16,BAM,HEAA,true,true
beta_train_all.json,2476,16,16,8,8,3,16,1,4,16,DRUM_APTPU,HERLOA,true,true
beta_train_all.json,2477,8,8,32,6,5,16,1,4,16,DRUM_APTPU,SETA,true,true
beta_train_all.json,2478,4,4,8,8,12,16,1,4,16,DRUM_APTPU,OLOCA4,false,false
beta_train_all.json,2479,4,4,8,6,2,16,1,4,16,DRUM_APTPU,SETA,true,true
beta_train_all.json,2480,6,6,32,7,3,16,1,4,16,BAM,HERLOA,true,true
beta_train_all.json,2481,6,6,32,6,8,16,1,4,16,DRUM_APTPU,HERLOA,false,true
beta_train_all.json,2482,32,32,8,8,8,16,1,4,16,DRUM_APTPU,LZTA,true,true
beta_train_all.json,2483,6,6,32,8,5,16,1,4,16,BAM,SETA,true,true
beta_train_all.json,2484,8,8,8,5,10,16,1,4,16,DRUM_APTPU,LOA,false,true
beta_train_all.json,2485,4,4,8,3,10,16,1,4,16,UDM,SETA,false,true
beta_train_all.json,2486,4,4,32,8,3,16,1,4,16,BAM,MHEAA,true,true
beta_train_all.json,2487,32,32,32,4,10,16,1,4,16,DRUM_APTPU,SETA,false,true
beta_train_all.json,2488,16,16,16,32,10,16,1,4,16,DRUM_APTPU,MHERLOA,true,true
beta_train_all.json,2489,16,16,8,3,12,16,1,4,16,DRUM_APTPU,HERLOA,false,true
beta_train_all.json,2490,4,4,8,16,5,16,1,4,16,BAM,MHERLOA,true,true
beta_train_all.json,2491,32,32,16,3,4,16,1,4,16,DRUM_APTPU,LZTA,false,true
beta_train_all.json,2492,4,4,8,6,4,16,1,4,16,DRUM_APTPU,SETA,true,true
beta_train_all.json,2493,6,6,16,6,2,16,1,4,16,DRUM_APTPU,MHERLOA,true,true
beta_train_all.json,2494,32,32,32,4,3,16,1,4,16,DRUM_APTPU,HERLOA,true,true
beta_train_all.json,2495,8,8,32,8,4,16,1,4,16,BAM,SETA,true,true
beta_train_all.json,2496,8,8,8,6,6,16,1,4,16,DRUM_APTPU,MHEAA,true,true
beta_train_all.json,2497,32,32,8,7,4,16,1,4,16,DRUM_APTPU,HERLOA,true,true
beta_train_all.json,2498,8,8,8,3,6,16,1,4,16,BAM,HERLOA,false,true
beta_train_all.json,2499,8,8,8,16,3,16,1,4,16,DRUM_APTPU,MHERLOA,true,true
beta_train_all.json,2500,8,8,8,32,5,16,1,4,16,DRUM_APTPU,LZTA,true,true
beta_train_all.json,2501,4,4,16,6,5,16,1,4,16,UDM,OLOCA4,true,false
beta_train_all.json,2502,16,16,32,8,12,16,1,4,16,DRUM_APTPU,LOAWA,false,true
beta_train_all.json,2503,6,6,16,6,5,16,1,4,16,BAM,HERLOA,true,true
beta_train_all.json,2504,8,8,32,4,3,16,1,4,16,DRUM_APTPU,HERLOA,true,true
beta_train_all.json,2505,8,8,32,7,3,16,1,4,16,DRUM_APTPU,LOAWA,true,true
beta_train_all.json,2506,6,6,32,7,6,16,1,4,16,DRUM_APTPU,MHERLOA,true,true
beta_train_all.json,2507,8,8,8,32,5,16,1,4,16,DRUM_APTPU,HOAANED,true,true
beta_train_all.json,2508,8,8,16,32,10,16,1,4,16,DRUM_APTPU,MHERLOA,true,true
beta_train_all.json,2509,4,4,8,7,5,16,1,4,16,DRUM_APTPU,HERLOA,true,true
beta_train_all.json,2510,6,6,16,5,10,16,1,4,16,BAM,OLOCA4,false,false
beta_train_all.json,2511,4,4,16,32,2,16,1,4,16,DRUM_APTPU,HERLOA,true,true
beta_train_all.json,2512,4,4,32,4,10,16,1,4,16,DRUM_APTPU,HERLOA,false,true
beta_train_all.json,2513,6,6,16,32,12,16,1,4,16,DRUM_APTPU,HOAANED,true,true
beta_train_all.json,2514,32,32,8,8,5,16,1,4,16,DRUM_APTPU,MHEAA,true,true
beta_train_all.json,2515,8,8,32,6,10,16,1,4,16,DRUM_APTPU,OLOCA4,false,false
beta_train_all.json,2516,4,4,8,32,2,16,1,4,16,DRUM_APTPU,APPROX5,true,true
beta_train_all.json,2517,6,6,8,5,5,16,1,4,16,BAM,HERLOA,true,true
beta_train_all.json,2518,32,32,32,16,6,16,1,4,16,DRUM_APTPU,OLOCA4,true,false
beta_train_all.json,2519,4,4,8,16,2,16,1,4,16,BAM,MHERLOA,true,true
beta_train_all.json,2520,4,4,16,4,2,16,1,4,16,DRUM_APTPU,HEAA,true,true
beta_train_all.json,2521,6,6,32,5,4,16,1,4,16,BAM,SETA,true,true
beta_train_all.json,2522,4,4,32,8,4,16,1,4,16,BAM,MHEAA,true,true
beta_train_all.json,2523,4,4,8,5,4,16,1,4,16,BAM,SETA,true,true
beta_train_all.json,2524,8,8,8,5,8,16,1,4,16,DRUM_APTPU,LZTA,false,true
beta_train_all.json,2525,6,6,8,5,12,16,1,4,16,DRUM_APTPU,HERLOA,false,true
beta_train_all.json,2526,16,16,16,4,8,16,1,4,16,DRUM_APTPU,MHERLOA,false,true
beta_train_all.json,2527,4,4,16,3,3,16,1,4,16,BAM,SETA,true,true
beta_train_all.json,2528,4,4,16,3,10,16,1,4,16,DRUM_APTPU,LZTA,false,true
beta_train_all.json,2529,8,8,32,4,12,16,1,4,16,DRUM_APTPU,MHEAA,false,true
beta_train_all.json,2530,8,8,32,7,5,16,1,4,16,DRUM_APTPU,LZTA,true,true
beta_train_all.json,2531,16,16,16,8,4,16,1,4,16,DRUM_APTPU,HERLOA,true,true
beta_train_all.json,2532,8,8,32,8,8,16,1,4,16,DRUM_APTPU,LZTA,true,true
beta_train_all.json,2533,4,4,16,4,8,16,1,4,16,UDM,MHEAA,false,true
beta_train_all.json,2534,4,4,16,6,4,16,1,4,16,BAM,APPROX5,true,true
beta_train_all.json,2535,4,4,32,7,4,16,1,4,16,UDM,OLOCA4,true,false
beta_train_all.json,2536,16,16,16,4,12,16,1,4,16,DRUM_APTPU,SETA,false,true
beta_train_all.json,2537,16,16,8,4,6,16,1,4,16,DRUM_APTPU,HERLOA,false,true
beta_train_all.json,2538,8,8,32,32,12,16,1,4,16,DRUM_APTPU,HERLOA,true,true
beta_train_all.json,2539,4,4,8,6,8,16,1,4,16,DRUM_APTPU,HERLOA,false,true
beta_train_all.json,2540,32,32,32,8,12,16,1,4,16,DRUM_APTPU,LZTA,false,true
beta_train_all.json,2541,6,6,8,6,10,16,1,4,16,BAM,MHEAA,false,true
beta_train_all.json,2542,16,16,32,32,2,16,1,4,16,DRUM_APTPU,HERLOA,true,true
beta_train_all.json,2543,6,6,32,5,10,16,1,4,16,DRUM_APTPU,SETA,false,true
beta_train_all.json,2544,4,4,32,3,8,16,1,4,16,BAM,SETA,false,true
beta_train_all.json,2545,8,8,32,16,8,16,1,4,16,DRUM_APTPU,HOERAA,true,true
beta_train_all.json,2546,4,4,32,32,8,16,1,4,16,DRUM_APTPU,HOAANED,true,true
beta_train_all.json,2547,16,16,16,7,4,16,1,4,16,DRUM_APTPU,HERLOA,true,true
beta_train_all.json,2548,4,4,16,5,12,16,1,4,16,DRUM_APTPU,MHERLOA,false,true
beta_train_all.json,2549,8,8,8,6,5,16,1,4,16,DRUM_APTPU,SETA,true,true
beta_train_all.json,2550,8,8,8,8,2,16,1,4,16,DRUM_APTPU,LOAWA,true,true
beta_train_all.json,2551,4,4,8,32,2,16,1,4,16,BAM,OLOCA4,true,false
beta_train_all.json,2552,4,4,8,7,8,16,1,4,16,BAM,LOA,false,true
beta_train_all.json,2553,8,8,32,5,8,16,1,4,16,DRUM_APTPU,LOA,false,true
beta_train_all.json,2554,4,4,32,8,8,16,1,4,16,DRUM_APTPU,LOAWA,true,true
beta_train_all.json,2555,8,8,8,32,3,16,1,4,16,DRUM_APTPU,MHERLOA,true,true
beta_train_all.json,2556,6,6,16,7,8,16,1,4,16,DRUM_APTPU,MHERLOA,false,true
beta_train_all.json,2557,8,8,16,16,10,16,1,4,16,DRUM_APTPU,OLOCA4,true,false
beta_train_all.json,2558,4,4,8,5,12,16,1,4,16,BAM,HOAANED,false,true
beta_train_all.json,2559,8,8,32,7,6,16,1,4,16,DRUM_APTPU,HEAA,true,true
beta_train_all.json,2560,8,8,32,3,5,16,1,4,16,BAM,OLOCA4,false,false
beta_train_all.json,2561,6,6,8,32,8,16,1,4,16,BAM,HERLOA,true,true
beta_train_all.json,2562,16,16,8,7,2,16,1,4,16,DRUM_APTPU,SETA,true,true
beta_train_all.json,2563,4,4,8,5,2,16,1,4,16,BAM,LZTA,true,true
beta_train_all.json,2564,32,32,32,6,3,16,1,4,16,DRUM_APTPU,OLOCA4,true,false
beta_train_all.json,2565,4,4,8,3,8,16,1,4,16,DRUM_APTPU,LOAWA,false,true
beta_train_all.json,2566,8,8,16,4,4,16,1,4,16,DRUM_APTPU,HERLOA,true,true
beta_train_all.json,2567,8,8,32,8,10,16,1,4,16,DRUM_APTPU,HEAA,false,true
beta_train_all.json,2568,4,4,16,6,6,16,1,4,16,BAM,HERLOA,true,true
beta_train_all.json,2569,8,8,32,32,4,16,1,4,16,BAM,OLOCA4,true,false
beta_train_all.json,2570,4,4,32,5,8,16,1,4,16,UDM,OLOCA4,false,false
beta_train_all.json,2571,8,8,8,6,5,16,1,4,16,DRUM_APTPU,MHEAA,true,true
beta_train_all.json,2572,6,6,16,4,10,16,1,4,16,BAM,SETA,false,true
beta_train_all.json,2573,32,32,16,5,6,16,1,4,16,DRUM_APTPU,SETA,false,true
beta_train_all.json,2574,4,4,8,32,10,16,1,4,16,BAM,MHEAA,false,true
beta_train_all.json,2575,6,6,32,4,6,16,1,4,16,BAM,MHERLOA,false,true
beta_train_all.json,2576,16,16,16,8,8,16,1,4,16,DRUM_APTPU,LZTA,true,true
beta_train_all.json,2577,16,16,8,16,2,16,1,4,16,DRUM_APTPU,OLOCA4,true,false
beta_train_all.json,2578,8,8,8,4,8,16,1,4,16,DRUM_APTPU,SETA,false,true
beta_train_all.json,2579,16,16,32,16,8,16,1,4,16,DRUM_APTPU,LOA,true,true
beta_train_all.json,2580,8,8,32,8,5,16,1,4,16,DRUM_APTPU,MHERLOA,true,true
beta_train_all.json,2581,6,6,16,6,2,16,1,4,16,BAM,LZTA,true,true
beta_train_all.json,2582,6,6,8,3,3,16,1,4,16,DRUM_APTPU,MHERLOA,true,true
beta_train_all.json,2583,32,32,32,6,4,16,1,4,16,DRUM_APTPU,MHEAA,true,true
beta_train_all.json,2584,4,4,16,16,5,16,1,4,16,BAM,HOERAA,true,true
beta_train_all.json,2585,32,32,8,5,5,16,1,4,16,DRUM_APTPU,HERLOA,true,true
beta_train_all.json,2586,6,6,16,5,4,16,1,4,16,BAM,HOERAA,true,true
beta_train_all.json,2587,4,4,32,16,6,16,1,4,16,BAM,MHERLOA,true,true
beta_train_all.json,2588,16,16,8,8,3,16,1,4,16,DRUM_APTPU,MHERLOA,true,true
beta_train_all.json,2589,16,16,8,16,12,16,1,4,16,DRUM_APTPU,LOAWA,false,true
beta_train_all.json,2590,32,32,32,32,6,16,1,4,16,DRUM_APTPU,MHEAA,true,true
beta_train_all.json,2591,8,8,32,32,8,16,1,4,16,DRUM_APTPU,HERLOA,true,true
beta_train_all.json,2592,8,8,16,32,2,16,1,4,16,DRUM_APTPU,LOA,true,true
beta_train_all.json,2593,8,8,32,5,5,16,1,4,16,DRUM_APTPU,MHEAA,true,true
beta_train_all.json,2594,4,4,8,3,12,16,1,4,16,BAM,OLOCA4,false,false
beta_train_all.json,2595,8,8,32,32,5,16,1,4,16,DRUM_APTPU,SETA,true,true
beta_train_all.json,2596,8,8,16,16,2,16,1,4,16,DRUM_APTPU,LOA,true,true
beta_train_all.json,2597,32,32,16,4,4,16,1,4,16,DRUM_APTPU,SETA,true,true
beta_train_all.json,2598,4,4,16,4,5,16,1,4,16,UDM,LZTA,false,true
beta_train_all.json,2599,8,8,16,8,2,16,1,4,16,DRUM_APTPU,SETA,true,true
beta_train_all.json,2600,8,8,32,5,5,16,1,4,16,DRUM_APTPU,HEAA,true,true
beta_train_all.json,2601,8,8,16,5,12,16,1,4,16,DRUM_APTPU,HERLOA,false,true
beta_train_all.json,2602,6,6,8,32,8,16,1,4,16,DRUM_APTPU,APPROX5,true,true
beta_train_all.json,2603,8,8,16,32,2,16,1,4,16,BAM,HERLOA,true,true
beta_train_all.json,2604,16,16,16,16,10,16,1,4,16,DRUM_APTPU,SETA,true,true
beta_train_all.json,2605,4,4,16,32,3,16,1,4,16,DRUM_APTPU,LOA,true,true
beta_train_all.json,2606,8,8,16,4,2,16,1,4,16,DRUM_APTPU,SETA,true,true
beta_train_all.json,2607,32,32,16,16,12,16,1,4,16,DRUM_APTPU,LZTA,true,true
beta_train_all.json,2608,6,6,8,4,10,16,1,4,16,DRUM_APTPU,HERLOA,false,true
beta_train_all.json,2609,4,4,8,5,8,16,1,4,16,DRUM_APTPU,OLOCA4,false,false
beta_train_all.json,2610,4,4,32,3,2,16,1,4,16,BAM,OLOCA4,true,false
beta_train_all.json,2611,4,4,32,16,3,16,1,4,16,DRUM_APTPU,MHEAA,true,true
beta_train_all.json,2612,4,4,16,4,5,16,1,4,16,BAM,HOAANED,false,true
beta_train_all.json,2613,16,16,8,7,5,16,1,4,16,DRUM_APTPU,OLOCA4,true,false
beta_train_all.json,2614,8,8,16,6,12,16,1,4,16,DRUM_APTPU,OLOCA4,false,false
beta_train_all.json,2615,4,4,32,5,8,16,1,4,16,DRUM_APTPU,MHERLOA,false,true
beta_train_all.json,2616,6,6,32,5,8,16,1,4,16,BAM,LOA,false,true
beta_train_all.json,2617,4,4,32,32,10,16,1,4,16,BAM,HERLOA,true,true
beta_train_all.json,2618,4,4,8,6,2,16,1,4,16,DRUM_APTPU,HEAA,true,true
beta_train_all.json,2619,4,4,8,5,6,16,1,4,16,UDM,MHEAA,false,true
beta_train_all.json,2620,4,4,8,6,4,16,1,4,16,DRUM_APTPU,MHERLOA,true,true
beta_train_all.json,2621,8,8,16,6,10,16,1,4,16,DRUM_APTPU,LZTA,false,true
beta_train_all.json,2622,4,4,8,5,8,16,1,4,16,UDM,HERLOA,false,true
beta_train_all.json,2623,8,8,8,6,10,16,1,4,16,DRUM_APTPU,OLOCA4,false,false
beta_train_all.json,2624,6,6,16,16,5,16,1,4,16,DRUM_APTPU,OLOCA4,true,false
beta_train_all.json,2625,4,4,8,5,12,16,1,4,16,DRUM_APTPU,LZTA,false,true
beta_train_all.json,2626,16,16,8,16,12,16,1,4,16,DRUM_APTPU,MHERLOA,false,true
beta_train_all.json,2627,32,32,16,3,3,16,1,4,16,DRUM_APTPU,LZTA,true,true
beta_train_all.json,2628,8,8,16,7,2,16,1,4,16,DRUM_APTPU,HEAA,true,true
beta_train_all.json,2629,6,6,8,3,4,16,1,4,16,BAM,HERLOA,false,true
beta_train_all.json,2630,8,8,16,6,12,16,1,4,16,BAM,SETA,false,true
beta_train_all.json,2631,4,4,8,16,5,16,1,4,16,DRUM_APTPU,HERLOA,true,true
beta_train_all.json,2632,8,8,16,3,6,16,1,4,16,BAM,HERLOA,false,true
beta_train_all.json,2633,8,8,32,6,12,16,1,4,16,DRUM_APTPU,OLOCA4,false,false
beta_train_all.json,2634,4,4,32,8,6,16,1,4,16,DRUM_APTPU,MHEAA,true,true
beta_train_all.json,2635,4,4,16,6,8,16,1,4,16,BAM,HERLOA,false,true
beta_train_all.json,2636,6,6,16,32,2,16,1,4,16,DRUM_APTPU,LZTA,true,true
beta_train_all.json,2637,32,32,8,32,5,16,1,4,16,DRUM_APTPU,SETA,true,true
beta_train_all.json,2638,6,6,32,3,10,16,1,4,16,BAM,LOAWA,false,true
beta_train_all.json,2639,8,8,16,4,8,16,1,4,16,BAM,SETA,false,true
beta_train_all.json,2640,6,6,32,16,8,16,1,4,16,BAM,HERLOA,true,true
beta_train_all.json,2641,4,4,8,32,6,16,1,4,16,BAM,HEAA,true,true
beta_train_all.json,2642,4,4,32,32,3,16,1,4,16,UDM,MHERLOA,true,true
beta_train_all.json,2643,16,16,32,5,3,16,1,4,16,DRUM_APTPU,MHERLOA,true,true
beta_train_all.json,2644,4,4,16,5,4,16,1,4,16,BAM,HOAANED,true,true
beta_train_all.json,2645,4,4,32,32,8,16,1,4,16,DRUM_APTPU,HERLOA,true,true
beta_train_all.json,2646,4,4,32,8,8,16,1,4,16,BAM,LOAWA,true,true
beta_train_all.json,2647,4,4,16,4,6,16,1,4,16,BAM,HOAANED,false,true
beta_train_all.json,2648,16,16,32,8,5,16,1,4,16,DRUM_APTPU,LOA,true,true
beta_train_all.json,2649,6,6,8,3,5,16,1,4,16,BAM,LOAWA,false,true
beta_train_all.json,2650,4,4,16,6,4,16,1,4,16,DRUM_APTPU,HEAA,true,true
beta_train_all.json,2651,16,16,8,7,6,16,1,4,16,DRUM_APTPU,MHEAA,true,true
beta_train_all.json,2652,32,32,16,5,10,16,1,4,16,DRUM_APTPU,HERLOA,false,true
beta_train_all.json,2653,8,8,32,7,6,16,1,4,16,DRUM_APTPU,OLOCA4,true,false
beta_train_all.json,2654,6,6,16,4,2,16,1,4,16,BAM,HERLOA,true,true
beta_train_all.json,2655,32,32,8,6,12,16,1,4,16,DRUM_APTPU,OLOCA4,false,false
beta_train_all.json,2656,4,4,16,4,5,16,1,4,16,DRUM_APTPU,MHEAA,false,true
beta_train_all.json,2657,6,6,16,5,2,16,1,4,16,BAM,HERLOA,true,true
beta_train_all.json,2658,8,8,16,4,10,16,1,4,16,DRUM_APTPU,APPROX5,false,true
beta_train_all.json,2659,4,4,8,7,4,16,1,4,16,BAM,APPROX5,true,true
beta_train_all.json,2660,6,6,8,8,5,16,1,4,16,DRUM_APTPU,LOA,true,true
beta_train_all.json,2661,32,32,32,7,5,16,1,4,16,DRUM_APTPU,HERLOA,true,true
beta_train_all.json,2662,8,8,32,4,5,16,1,4,16,DRUM_APTPU,MHERLOA,false,true
beta_train_all.json,2663,4,4,32,5,3,16,1,4,16,DRUM_APTPU,HOAANED,true,true
beta_train_all.json,2664,6,6,8,16,12,16,1,4,16,DRUM_APTPU,APPROX5,false,true
beta_train_all.json,2665,4,4,16,3,5,16,1,4,16,BAM,LOA,false,true
beta_train_all.json,2666,6,6,32,5,10,16,1,4,16,BAM,MHEAA,false,true
beta_train_all.json,2667,4,4,16,6,10,16,1,4,16,UDM,HERLOA,false,true
beta_train_all.json,2668,4,4,32,32,12,16,1,4,16,UDM,MHEAA,true,true
beta_train_all.json,2669,32,32,16,3,8,16,1,4,16,DRUM_APTPU,LZTA,false,true
beta_train_all.json,2670,4,4,16,7,2,16,1,4,16,DRUM_APTPU,MHERLOA,true,true
beta_train_all.json,2671,4,4,32,3,12,16,1,4,16,BAM,HEAA,false,true
beta_train_all.json,2672,16,16,32,5,5,16,1,4,16,DRUM_APTPU,MHERLOA,true,true
beta_train_all.json,2673,16,16,32,16,10,16,1,4,16,DRUM_APTPU,LOAWA,true,true
beta_train_all.json,2674,4,4,32,4,3,16,1,4,16,UDM,MHEAA,true,true
beta_train_all.json,2675,4,4,16,16,4,16,1,4,16,BAM,LOAWA,true,true
beta_train_all.json,2676,6,6,8,7,3,16,1,4,16,DRUM_APTPU,HEAA,true,true
beta_train_all.json,2677,16,16,32,7,5,16,1,4,16,DRUM_APTPU,MHEAA,true,true
beta_train_all.json,2678,4,4,8,3,2,16,1,4,16,DRUM_APTPU,LDCA,true,true
beta_train_all.json,2679,16,16,8,7,2,16,1,4,16,DRUM_APTPU,LOAWA,true,true
beta_train_all.json,2680,4,4,32,16,4,16,1,4,16,BAM,HOAANED,true,true
beta_train_all.json,2681,4,4,8,7,5,16,1,4,16,BAM,MHERLOA,true,true
beta_train_all.json,2682,6,6,8,7,5,16,1,4,16,DRUM_APTPU,OLOCA4,true,false
beta_train_all.json,2683,4,4,16,8,4,16,1,4,16,BAM,MHEAA,true,true
beta_train_all.json,2684,4,4,32,3,4,16,1,4,16,BAM,HERLOA,false,true
beta_train_all.json,2685,4,4,32,8,3,16,1,4,16,BAM,APPROX5,true,true
beta_train_all.json,2686,6,6,32,16,12,16,1,4,16,BAM,MHEAA,true,true
beta_train_all.json,2687,4,4,16,32,2,16,1,4,16,BAM,HOAANED,true,true
beta_train_all.json,2688,8,8,32,8,3,16,1,4,16,BAM,OLOCA4,true,false
beta_train_all.json,2689,4,4,8,6,6,16,1,4,16,BAM,HOAANED,true,true
beta_train_all.json,2690,4,4,16,7,8,16,1,4,16,UDM,MHEAA,false,true
beta_train_all.json,2691,4,4,8,5,2,16,1,4,16,DRUM_APTPU,HOERAA,true,true
beta_train_all.json,2692,6,6,8,32,3,16,1,4,16,DRUM_APTPU,MHERLOA,true,true
beta_train_all.json,2693,6,6,32,16,5,16,1,4,16,DRUM_APTPU,SETA,true,true
beta_train_all.json,2694,8,8,8,6,8,16,1,4,16,DRUM_APTPU,APPROX5,false,true
beta_train_all.json,2695,8,8,8,5,8,16,1,4,16,DRUM_APTPU,SETA,false,true
beta_train_all.json,2696,6,6,16,5,12,16,1,4,16,DRUM_APTPU,HOERAA,false,true
beta_train_all.json,2697,6,6,32,6,5,16,1,4,16,BAM,LZTA,true,true
beta_train_all.json,2698,8,8,8,7,6,16,1,4,16,DRUM_APTPU,LZTA,true,true
beta_train_all.json,2699,4,4,16,5,10,16,1,4,16,UDM,MHERLOA,false,true
beta_train_all.json,2700,16,16,8,6,3,16,1,4,16,DRUM_APTPU,MHERLOA,true,true
beta_train_all.json,2701,4,4,8,4,4,16,1,4,16,BAM,APPROX5,true,true
beta_train_all.json,2702,16,16,32,4,12,16,1,4,16,DRUM_APTPU,MHEAA,false,true
beta_train_all.json,2703,4,4,16,6,8,16,1,4,16,DRUM_APTPU,HOAANED,false,true
beta_train_all.json,2704,8,8,32,32,3,16,1,4,16,DRUM_APTPU,MHEAA,true,true
beta_train_all.json,2705,6,6,16,3,2,16,1,4,16,DRUM_APTPU,MHEAA,true,true
beta_train_all.json,2706,4,4,16,4,2,16,1,4,16,DRUM_APTPU,SETA,true,true
beta_train_all.json,2707,6,6,32,3,2,16,1,4,16,BAM,LOA,true,true
beta_train_all.json,2708,4,4,8,5,5,16,1,4,16,BAM,MHEAA,true,true
beta_train_all.json,2709,32,32,16,8,2,16,1,4,16,DRUM_APTPU,HERLOA,true,true
beta_train_all.json,2710,6,6,8,32,4,16,1,4,16,BAM,HOERAA,true,true
beta_train_all.json,2711,8,8,16,5,10,16,1,4,16,DRUM_APTPU,LZTA,false,true
beta_train_all.json,2712,4,4,32,3,3,16,1,4,16,DRUM_APTPU,MHEAA,true,true
beta_train_all.json,2713,4,4,32,32,3,16,1,4,16,DRUM_APTPU,MHERLOA,true,true
beta_train_all.json,2714,4,4,8,4,3,16,1,4,16,BAM,MHEAA,true,true
beta_train_all.json,2715,6,6,8,16,8,16,1,4,16,BAM,SETA,true,true
beta_train_all.json,2716,4,4,16,8,12,16,1,4,16,UDM,LZTA,false,true
beta_train_all.json,2717,6,6,8,7,4,16,1,4,16,DRUM_APTPU,LZTA,true,true
beta_train_all.json,2718,6,6,32,7,10,16,1,4,16,BAM,LZTA,false,true
beta_train_all.json,2719,4,4,16,5,3,16,1,4,16,DRUM_APTPU,MHEAA,true,true
beta_train_all.json,2720,4,4,8,5,6,16,1,4,16,BAM,HOERAA,false,true
beta_train_all.json,2721,6,6,32,4,4,16,1,4,16,BAM,HERLOA,true,true
beta_train_all.json,2722,16,16,8,32,10,16,1,4,16,DRUM_APTPU,LOAWA,false,true
beta_train_all.json,2723,8,8,8,16,6,16,1,4,16,DRUM_APTPU,LOA,true,true
beta_train_all.json,2724,8,8,32,7,2,16,1,4,16,DRUM_APTPU,HEAA,true,true
beta_train_all.json,2725,32,32,16,6,2,16,1,4,16,DRUM_APTPU,MHEAA,true,true
beta_train_all.json,2726,4,4,8,32,6,16,1,4,16,BAM,MHEAA,true,true
beta_train_all.json,2727,6,6,16,32,10,16,1,4,16,BAM,HERLOA,true,true
beta_train_all.json,2728,4,4,16,6,4,16,1,4,16,DRUM_APTPU,LZTA,true,true
beta_train_all.json,2729,4,4,8,6,8,16,1,4,16,UDM,HERLOA,false,true
beta_train_all.json,2730,6,6,16,16,12,16,1,4,16,DRUM_APTPU,SETA,true,true
beta_train_all.json,2731,4,4,8,4,5,16,1,4,16,UDM,MHERLOA,false,true
beta_train_all.json,2732,4,4,32,5,3,16,1,4,16,UDM,SETA,true,true
beta_train_all.json,2733,4,4,16,16,8,16,1,4,16,BAM,LZTA,true,true
beta_train_all.json,2734,4,4,8,32,5,16,1,4,16,DRUM_APTPU,APPROX5,true,true
beta_train_all.json,2735,8,8,16,5,12,16,1,4,16,DRUM_APTPU,SETA,false,true
beta_train_all.json,2736,4,4,16,4,2,16,1,4,16,DRUM_APTPU,MHERLOA,true,true
beta_train_all.json,2737,32,32,16,32,12,16,1,4,16,DRUM_APTPU,LZTA,true,true
beta_train_all.json,2738,16,16,32,8,6,16,1,4,16,DRUM_APTPU,MHEAA,true,true
beta_train_all.json,2739,6,6,32,8,8,16,1,4,16,DRUM_APTPU,MHEAA,true,true
beta_train_all.json,2740,6,6,16,8,2,16,1,4,16,DRUM_APTPU,OLOCA4,true,false
beta_train_all.json,2741,32,32,32,7,3,16,1,4,16,DRUM_APTPU,HERLOA,true,true
beta_train_all.json,2742,6,6,8,6,10,16,1,4,16,DRUM_APTPU,HERLOA,false,true
beta_train_all.json,2743,4,4,32,3,5,16,1,4,16,DRUM_APTPU,MHERLOA,false,true
beta_train_all.json,2744,4,4,8,4,5,16,1,4,16,BAM,LZTA,false,true
beta_train_all.json,2745,32,32,16,4,6,16,1,4,16,DRUM_APTPU,SETA,false,true
beta_train_all.json,2746,4,4,8,4,5,16,1,4,16,BAM,HEAA,false,true
beta_train_all.json,2747,6,6,16,3,10,16,1,4,16,BAM,MHEAA,false,true
beta_train_all.json,2748,32,32,16,6,6,16,1,4,16,DRUM_APTPU,HERLOA,true,true
beta_train_all.json,2749,4,4,8,32,10,16,1,4,16,UDM,SETA,false,true
beta_train_all.json,2750,16,16,16,16,12,16,1,4,16,DRUM_APTPU,MHERLOA,true,true
beta_train_all.json,2751,16,16,8,5,6,16,1,4,16,DRUM_APTPU,MHERLOA,false,true
beta_train_all.json,2752,8,8,16,7,6,16,1,4,16,DRUM_APTPU,OLOCA4,true,false
beta_train_all.json,2753,32,32,8,4,12,16,1,4,16,DRUM_APTPU,LZTA,false,true
beta_train_all.json,2754,4,4,32,16,8,16,1,4,16,BAM,LZTA,true,true
beta_train_all.json,2755,4,4,32,16,3,16,1,4,16,DRUM_APTPU,LOA,true,true
beta_train_all.json,2756,8,8,8,6,2,16,1,4,16,DRUM_APTPU,LOA,true,true
beta_train_all.json,2757,4,4,32,7,3,16,1,4,16,DRUM_APTPU,LZTA,true,true
beta_train_all.json,2758,4,4,8,8,6,16,1,4,16,UDM,HERLOA,true,true
beta_train_all.json,2759,8,8,16,7,8,16,1,4,16,DRUM_APTPU,APPROX5,false,true
beta_train_all.json,2760,4,4,16,6,2,16,1,4,16,BAM,HOAANED,true,true
beta_train_all.json,2761,8,8,16,4,4,16,1,4,16,DRUM_APTPU,SETA,true,true
beta_train_all.json,2762,6,6,8,7,12,16,1,4,16,DRUM_APTPU,MHERLOA,false,true
beta_train_all.json,2763,6,6,32,4,4,16,1,4,16,DRUM_APTPU,LOAWA,true,true
beta_train_all.json,2764,6,6,16,3,5,16,1,4,16,BAM,OLOCA4,false,false
beta_train_all.json,2765,4,4,32,7,12,16,1,4,16,UDM,OLOCA4,false,false
beta_train_all.json,2766,4,4,8,32,5,16,1,4,16,DRUM_APTPU,SETA,true,true
beta_train_all.json,2767,4,4,16,32,12,16,1,4,16,BAM,SETA,true,true
beta_train_all.json,2768,4,4,16,32,12,16,1,4,16,DRUM_APTPU,APPROX5,true,true
beta_train_all.json,2769,32,32,8,32,8,16,1,4,16,DRUM_APTPU,HERLOA,true,true
beta_train_all.json,2770,4,4,16,3,10,16,1,4,16,UDM,HERLOA,false,true
beta_train_all.json,2771,6,6,16,4,3,16,1,4,16,DRUM_APTPU,APPROX5,true,true
beta_train_all.json,2772,8,8,32,3,3,16,1,4,16,DRUM_APTPU,MHERLOA,true,true
beta_train_all.json,2773,8,8,32,3,2,16,1,4,16,DRUM_APTPU,MHEAA,true,true
beta_train_all.json,2774,16,16,32,4,2,16,1,4,16,DRUM_APTPU,SETA,true,true
beta_train_all.json,2775,32,32,8,4,2,16,1,4,16,DRUM_APTPU,SETA,true,true
beta_train_all.json,2776,32,32,16,16,3,16,1,4,16,DRUM_APTPU,MHEAA,true,true
beta_train_all.json,2777,4,4,16,3,10,16,1,4,16,BAM,HERLOA,false,true
beta_train_all.json,2778,6,6,8,4,4,16,1,4,16,BAM,LOA,true,true
beta_train_all.json,2779,8,8,16,8,12,16,1,4,16,DRUM_APTPU,MHERLOA,false,true
beta_train_all.json,2780,6,6,8,7,4,16,1,4,16,DRUM_APTPU,LOA,true,true
beta_train_all.json,2781,16,16,32,5,12,16,1,4,16,DRUM_APTPU,MHERLOA,false,true
beta_train_all.json,2782,8,8,8,4,5,16,1,4,16,DRUM_APTPU,OLOCA4,false,false
beta_train_all.json,2783,4,4,16,16,8,16,1,4,16,BAM,LOAWA,true,true
beta_train_all.json,2784,4,4,16,4,12,16,1,4,16,BAM,HERLOA,false,true
beta_train_all.json,2785,4,4,16,16,5,16,1,4,16,UDM,MHEAA,true,true
beta_train_all.json,2786,8,8,8,4,10,16,1,4,16,DRUM_APTPU,MHEAA,false,true
beta_train_all.json,2787,8,8,32,32,3,16,1,4,16,DRUM_APTPU,HOAANED,true,true
beta_train_all.json,2788,6,6,16,16,10,16,1,4,16,DRUM_APTPU,LZTA,true,true
beta_train_all.json,2789,6,6,16,6,4,16,1,4,16,DRUM_APTPU,LZTA,true,true
beta_train_all.json,2790,4,4,32,16,3,16,1,4,16,BAM,APPROX5,true,true
beta_train_all.json,2791,8,8,16,8,10,16,1,4,16,BAM,HERLOA,false,true
beta_train_all.json,2792,8,8,8,4,4,16,1,4,16,DRUM_APTPU,SETA,true,true
beta_train_all.json,2793,32,32,8,32,4,16,1,4,16,DRUM_APTPU,LOAWA,true,true
beta_train_all.json,2794,4,4,16,6,6,16,1,4,16,DRUM_APTPU,HOAANED,true,true
beta_train_all.json,2795,16,16,32,7,12,16,1,4,16,DRUM_APTPU,OLOCA4,false,false
beta_train_all.json,2796,6,6,8,32,3,16,1,4,16,DRUM_APTPU,SETA,true,true
beta_train_all.json,2797,6,6,8,4,8,16,1,4,16,DRUM_APTPU,LOAWA,false,true
beta_train_all.json,2798,32,32,32,32,3,16,1,4,16,DRUM_APTPU,MHEAA,true,true
beta_train_all.json,2799,4,4,16,7,4,16,1,4,16,UDM,OLOCA4,true,false
beta_train_all.json,2800,4,4,32,4,6,16,1,4,16,BAM,HERLOA,false,true
beta_train_all.json,2801,4,4,32,5,3,16,1,4,16,UDM,OLOCA4,true,false
beta_train_all.json,2802,16,16,16,5,2,16,1,4,16,DRUM_APTPU,OLOCA4,true,false
beta_train_all.json,2803,16,16,16,4,4,16,1,4,16,DRUM_APTPU,LOAWA,true,true
beta_train_all.json,2804,6,6,8,3,5,16,1,4,16,DRUM_APTPU,HERLOA,false,true
beta_train_all.json,2805,8,8,16,5,5,16,1,4,16,DRUM_APTPU,SETA,true,true
beta_train_all.json,2806,6,6,8,16,12,16,1,4,16,BAM,LOA,false,true
beta_train_all.json,2807,8,8,8,32,12,16,1,4,16,DRUM_APTPU,HOAANED,false,true
beta_train_all.json,2808,16,16,8,32,4,16,1,4,16,DRUM_APTPU,MHEAA,true,true
beta_train_all.json,2809,4,4,32,3,6,16,1,4,16,BAM,MHEAA,false,true
beta_train_all.json,2810,6,6,8,5,12,16,1,4,16,BAM,MHEAA,false,true
beta_train_all.json,2811,8,8,8,16,12,16,1,4,16,BAM,SETA,false,true
beta_train_all.json,2812,32,32,16,8,12,16,1,4,16,DRUM_APTPU,OLOCA4,false,false
beta_train_all.json,2813,4,4,16,3,6,16,1,4,16,DRUM_APTPU,HERLOA,false,true
beta_train_all.json,2814,8,8,32,7,12,16,1,4,16,BAM,OLOCA4,false,false
beta_train_all.json,2815,8,8,16,16,2,16,1,4,16,DRUM_APTPU,LZTA,true,true
beta_train_all.json,2816,16,16,8,3,8,16,1,4,16,DRUM_APTPU,SETA,false,true
beta_train_all.json,2817,4,4,32,8,6,16,1,4,16,UDM,MHEAA,true,true
beta_train_all.json,2818,32,32,32,6,3,16,1,4,16,DRUM_APTPU,LZTA,true,true
beta_train_all.json,2819,32,32,8,16,12,16,1,4,16,DRUM_APTPU,SETA,false,true
beta_train_all.json,2820,8,8,16,4,6,16,1,4,16,DRUM_APTPU,LZTA,false,true
beta_train_all.json,2821,32,32,8,5,12,16,1,4,16,DRUM_APTPU,SETA,false,true
beta_train_all.json,2822,4,4,32,3,8,16,1,4,16,UDM,LZTA,false,true
beta_train_all.json,2823,8,8,16,4,10,16,1,4,16,DRUM_APTPU,OLOCA4,false,false
beta_train_all.json,2824,8,8,16,7,4,16,1,4,16,DRUM_APTPU,LOAWA,true,true
beta_train_all.json,2825,6,6,8,4,4,16,1,4,16,DRUM_APTPU,MHERLOA,true,true
beta_train_all.json,2826,16,16,32,6,3,16,1,4,16,DRUM_APTPU,LZTA,true,true
beta_train_all.json,2827,4,4,32,8,4,16,1,4,16,DRUM_APTPU,MHERLOA,true,true
beta_train_all.json,2828,8,8,8,6,10,16,1,4,16,DRUM_APTPU,APPROX5,false,true
beta_train_all.json,2829,6,6,32,5,4,16,1,4,16,DRUM_APTPU,HERLOA,true,true
beta_train_all.json,2830,8,8,8,32,8,16,1,4,16,DRUM_APTPU,HERLOA,true,true
beta_train_all.json,2831,4,4,32,6,4,16,1,4,16,BAM,HERLOA,true,true
beta_train_all.json,2832,4,4,16,32,8,16,1,4,16,UDM,MHERLOA,true,true
beta_train_all.json,2833,4,4,32,3,12,16,1,4,16,BAM,LOAWA,false,true
beta_train_all.json,2834,6,6,8,3,3,16,1,4,16,DRUM_APTPU,HERLOA,true,true
beta_train_all.json,2835,4,4,16,8,3,16,1,4,16,BAM,OLOCA4,true,false
beta_train_all.json,2836,4,4,32,5,10,16,1,4,16,BAM,OLOCA4,false,false
beta_train_all.json,2837,4,4,32,16,6,16,1,4,16,DRUM_APTPU,HEAA,true,true
beta_train_all.json,2838,4,4,16,32,8,16,1,4,16,BAM,SETA,true,true
beta_train_all.json,2839,6,6,32,4,8,16,1,4,16,DRUM_APTPU,HEAA,false,true
beta_train_all.json,2840,16,16,8,3,12,16,1,4,16,DRUM_APTPU,HOERAA,false,true
beta_train_all.json,2841,16,16,16,16,5,16,1,4,16,DRUM_APTPU,LZTA,true,true
beta_train_all.json,2842,8,8,8,7,10,16,1,4,16,DRUM_APTPU,SETA,false,true
beta_train_all.json,2843,4,4,8,8,8,16,1,4,16,BAM,HOERAA,true,true
beta_train_all.json,2844,4,4,16,5,6,16,1,4,16,DRUM_APTPU,LZTA,false,true
beta_train_all.json,2845,8,8,32,5,6,16,1,4,16,DRUM_APTPU,LZTA,false,true
beta_train_all.json,2846,8,8,8,32,8,16,1,4,16,DRUM_APTPU,LOA,true,true
beta_train_all.json,2847,16,16,8,16,2,16,1,4,16,DRUM_APTPU,LZTA,true,true
beta_train_all.json,2848,8,8,32,16,12,16,1,4,16,DRUM_APTPU,APPROX5,true,true
beta_train_all.json,2849,4,4,16,5,3,16,1,4,16,UDM,LZTA,true,true
beta_train_all.json,2850,4,4,8,32,12,16,1,4,16,DRUM_APTPU,MHEAA,false,true
beta_train_all.json,2851,4,4,8,4,12,16,1,4,16,BAM,HOERAA,false,true
beta_train_all.json,2852,32,32,32,16,12,16,1,4,16,DRUM_APTPU,HERLOA,true,true
beta_train_all.json,2853,8,8,32,7,3,16,1,4,16,DRUM_APTPU,SETA,true,true
beta_train_all.json,2854,32,32,8,32,4,16,1,4,16,DRUM_APTPU,HERLOA,true,true
beta_train_all.json,2855,6,6,8,3,10,16,1,4,16,DRUM_APTPU,HOERAA,false,true
beta_train_all.json,2856,32,32,16,5,10,16,1,4,16,DRUM_APTPU,LZTA,false,true
beta_train_all.json,2857,4,4,32,16,6,16,1,4,16,DRUM_APTPU,OLOCA4,true,false
beta_train_all.json,2858,8,8,32,16,10,16,1,4,16,DRUM_APTPU,LZTA,true,true
beta_train_all.json,2859,4,4,8,5,2,16,1,4,16,BAM,LOA,true,true
beta_train_all.json,2860,32,32,8,3,5,16,1,4,16,DRUM_APTPU,MHEAA,false,true
beta_train_all.json,2861,4,4,32,7,2,16,1,4,16,UDM,OLOCA4,true,false
beta_train_all.json,2862,6,6,8,6,4,16,1,4,16,DRUM_APTPU,SETA,true,true
beta_train_all.json,2863,32,32,16,8,3,16,1,4,16,DRUM_APTPU,SETA,true,true
beta_train_all.json,2864,4,4,32,8,10,16,1,4,16,UDM,MHERLOA,false,true
beta_train_all.json,2865,6,6,8,6,6,16,1,4,16,DRUM_APTPU,MHERLOA,true,true
beta_train_all.json,2866,6,6,16,16,6,16,1,4,16,DRUM_APTPU,HOERAA,true,true
beta_train_all.json,2867,4,4,16,8,4,16,1,4,16,DRUM_APTPU,HEAA,true,true
beta_train_all.json,2868,4,4,16,4,3,16,1,4,16,BAM,HEAA,true,true
beta_train_all.json,2869,4,4,16,5,5,16,1,4,16,BAM,SETA,true,true
beta_train_all.json,2870,8,8,32,16,5,16,1,4,16,BAM,OLOCA4,true,false
beta_train_all.json,2871,4,4,16,4,12,16,1,4,16,UDM,MHERLOA,false,true
beta_train_all.json,2872,4,4,8,32,3,16,1,4,16,DRUM_APTPU,HERLOA,true,true
beta_train_all.json,2873,6,6,32,7,6,16,1,4,16,BAM,LOA,true,true
beta_train_all.json,2874,8,8,32,8,10,16,1,4,16,DRUM_APTPU,LOA,false,true
beta_train_all.json,2875,16,16,32,5,2,16,1,4,16,DRUM_APTPU,SETA,true,true
beta_train_all.json,2876,4,4,8,7,4,16,1,4,16,UDM,LZTA,true,true
beta_train_all.json,2877,4,4,16,3,8,16,1,4,16,DRUM_APTPU,LZTA,false,true
beta_train_all.json,2878,4,4,8,4,6,16,1,4,16,UDM,OLOCA4,false,false
beta_train_all.json,2879,8,8,16,7,12,16,1,4,16,BAM,SETA,false,true
beta_train_all.json,2880,6,6,16,4,10,16,1,4,16,DRUM_APTPU,LOAWA,false,true
beta_train_all.json,2881,6,6,16,5,12,16,1,4,16,DRUM_APTPU,LOA,false,true
beta_train_all.json,2882,6,6,16,32,4,16,1,4,16,DRUM_APTPU,MHEAA,true,true
beta_train_all.json,2883,4,4,32,5,10,16,1,4,16,UDM,OLOCA4,false,false
beta_train_all.json,2884,32,32,8,3,3,16,1,4,16,DRUM_APTPU,SETA,true,true
beta_train_all.json,2885,4,4,8,4,10,16,1,4,16,DRUM_APTPU,MHEAA,false,true
beta_train_all.json,2886,4,4,16,4,6,16,1,4,16,BAM,HERLOA,false,true
beta_train_all.json,2887,6,6,32,7,2,16,1,4,16,DRUM_APTPU,SETA,true,true
beta_train_all.json,2888,4,4,32,8,12,16,1,4,16,DRUM_APTPU,MHEAA,false,true
beta_train_all.json,2889,8,8,8,3,8,16,1,4,16,DRUM_APTPU,HOAANED,false,true
beta_train_all.json,2890,8,8,16,8,8,16,1,4,16,BAM,SETA,true,true
beta_train_all.json,2891,8,8,32,4,5,16,1,4,16,BAM,OLOCA4,false,false
beta_train_all.json,2892,4,4,8,4,10,16,1,4,16,DRUM_APTPU,LOAWA,false,true
beta_train_all.json,2893,4,4,16,8,4,16,1,4,16,BAM,SETA,true,true
beta_train_all.json,2894,6,6,16,7,6,16,1,4,16,DRUM_APTPU,OLOCA4,true,false
beta_train_all.json,2895,4,4,32,5,5,16,1,4,16,UDM,MHEAA,true,true
beta_train_all.json,2896,16,16,8,7,4,16,1,4,16,DRUM_APTPU,HERLOA,true,true
beta_train_all.json,2897,4,4,8,4,4,16,1,4,16,BAM,OLOCA4,true,false
beta_train_all.json,2898,8,8,16,7,4,16,1,4,16,DRUM_APTPU,HOERAA,true,true
beta_train_all.json,2899,8,8,32,3,12,16,1,4,16,BAM,HERLOA,false,true
beta_train_all.json,2900,4,4,8,5,8,16,1,4,16,DRUM_APTPU,LOA,false,true
beta_train_all.json,2901,4,4,8,32,3,16,1,4,16,BAM,LOAWA,true,true
beta_train_all.json,2902,8,8,8,4,8,16,1,4,16,DRUM_APTPU,HOERAA,false,true
beta_train_all.json,2903,6,6,32,3,10,16,1,4,16,DRUM_APTPU,OLOCA4,false,false
beta_train_all.json,2904,6,6,16,5,10,16,1,4,16,DRUM_APTPU,MHERLOA,false,true
beta_train_all.json,2905,6,6,32,7,4,16,1,4,16,BAM,OLOCA4,true,false
beta_train_all.json,2906,8,8,8,16,5,16,1,4,16,DRUM_APTPU,SETA,true,true
beta_train_all.json,2907,32,32,16,5,4,16,1,4,16,DRUM_APTPU,MHEAA,true,true
beta_train_all.json,2908,4,4,8,4,3,16,1,4,16,DRUM_APTPU,OLOCA4,true,false
beta_train_all.json,2909,4,4,16,8,12,16,1,4,16,DRUM_APTPU,OLOCA4,false,false
beta_train_all.json,2910,6,6,16,7,4,16,1,4,16,DRUM_APTPU,LOA,true,true
beta_train_all.json,2911,6,6,32,32,10,16,1,4,16,BAM,HERLOA,true,true
beta_train_all.json,2912,4,4,8,5,6,16,1,4,16,BAM,HEAA,false,true
beta_train_all.json,2913,8,8,32,5,12,16,1,4,16,DRUM_APTPU,APPROX5,false,true
beta_train_all.json,2914,4,4,8,6,3,16,1,4,16,UDM,MHEAA,true,true
beta_train_all.json,2915,8,8,8,3,4,16,1,4,16,DRUM_APTPU,HOAANED,false,true
beta_train_all.json,2916,6,6,8,16,2,16,1,4,16,DRUM_APTPU,SETA,true,true
beta_train_all.json,2917,6,6,16,8,5,16,1,4,16,BAM,OLOCA4,true,false
beta_train_all.json,2918,6,6,8,3,2,16,1,4,16,DRUM_APTPU,LZTA,true,true
beta_train_all.json,2919,8,8,32,4,12,16,1,4,16,DRUM_APTPU,APPROX5,false,true
beta_train_all.json,2920,16,16,8,4,4,16,1,4,16,DRUM_APTPU,LOAWA,true,true
beta_train_all.json,2921,8,8,16,8,12,16,1,4,16,DRUM_APTPU,HEAA,false,true
beta_train_all.json,2922,8,8,32,5,6,16,1,4,16,DRUM_APTPU,HOAANED,false,true
beta_train_all.json,2923,6,6,16,3,5,16,1,4,16,DRUM_APTPU,APPROX5,false,true
beta_train_all.json,2924,4,4,8,7,12,16,1,4,16,BAM,HOAANED,false,true
beta_train_all.json,2925,4,4,16,3,8,16,1,4,16,DRUM_APTPU,HOAANED,false,true
beta_train_all.json,2926,8,8,8,16,6,16,1,4,16,DRUM_APTPU,HOAANED,true,true
beta_train_all.json,2927,6,6,32,4,12,16,1,4,16,DRUM_APTPU,LOAWA,false,true
beta_train_all.json,2928,4,4,8,3,3,16,1,4,16,BAM,HEAA,true,true
beta_train_all.json,2929,16,16,16,3,3,16,1,4,16,DRUM_APTPU,SETA,true,true
beta_train_all.json,2930,4,4,8,6,12,16,1,4,16,DRUM_APTPU,HOERAA,false,true
beta_train_all.json,2931,4,4,8,7,6,16,1,4,16,BAM,HOERAA,true,true
beta_train_all.json,2932,4,4,32,3,2,16,1,4,16,DRUM_APTPU,LZTA,true,true
beta_train_all.json,2933,4,4,8,6,5,16,1,4,16,BAM,HOAANED,true,true
beta_train_all.json,2934,8,8,32,7,8,16,1,4,16,DRUM_APTPU,LOAWA,false,true
beta_train_all.json,2935,4,4,16,32,10,16,1,4,16,BAM,OLOCA4,true,false
beta_train_all.json,2936,32,32,32,8,3,16,1,4,16,DRUM_APTPU,HERLOA,true,true
beta_train_all.json,2937,4,4,16,3,6,16,1,4,16,UDM,LZTA,false,true
beta_train_all.json,2938,16,16,8,3,5,16,1,4,16,DRUM_APTPU,LOAWA,false,true
beta_train_all.json,2939,6,6,32,7,10,16,1,4,16,DRUM_APTPU,HERLOA,false,true
beta_train_all.json,2940,8,8,32,4,2,16,1,4,16,DRUM_APTPU,LOAWA,true,true
beta_train_all.json,2941,6,6,16,16,10,16,1,4,16,DRUM_APTPU,MHEAA,true,true
beta_train_all.json,2942,4,4,16,4,10,16,1,4,16,UDM,SETA,false,true
beta_train_all.json,2943,4,4,32,6,2,16,1,4,16,DRUM_APTPU,MHERLOA,true,true
beta_train_all.json,2944,8,8,16,5,2,16,1,4,16,DRUM_APTPU,MHERLOA,true,true
beta_train_all.json,2945,4,4,8,3,2,16,1,4,16,BAM,APPROX5,true,true
beta_train_all.json,2946,16,16,16,3,2,16,1,4,16,DRUM_APTPU,LZTA,true,true
beta_train_all.json,2947,8,8,16,7,3,16,1,4,16,DRUM_APTPU,HOAANED,true,true
beta_train_all.json,2948,8,8,16,6,2,16,1,4,16,BAM,SETA,true,true
beta_train_all.json,2949,6,6,8,16,12,16,1,4,16,BAM,HOERAA,false,true
beta_train_all.json,2950,6,6,8,7,5,16,1,4,16,DRUM_APTPU,MHEAA,true,true
beta_train_all.json,2951,4,4,8,16,8,16,1,4,16,BAM,OLOCA4,true,false
beta_train_all.json,2952,8,8,16,32,4,16,1,4,16,DRUM_APTPU,MHERLOA,true,true
beta_train_all.json,2953,16,16,32,4,8,16,1,4,16,DRUM_APTPU,OLOCA4,false,false
beta_train_all.json,2954,32,32,8,4,4,16,1,4,16,DRUM_APTPU,LOAWA,true,true
beta_train_all.json,2955,4,4,32,7,6,16,1,4,16,DRUM_APTPU,MHEAA,true,true
beta_train_all.json,2956,4,4,8,8,8,16,1,4,16,BAM,LOA,true,true
beta_train_all.json,2957,4,4,32,7,6,16,1,4,16,DRUM_APTPU,APPROX5,true,true
beta_train_all.json,2958,8,8,16,5,2,16,1,4,16,DRUM_APTPU,APPROX5,true,true
beta_train_all.json,2959,4,4,16,8,8,16,1,4,16,UDM,LZTA,true,true
beta_train_all.json,2960,32,32,32,5,2,16,1,4,16,DRUM_APTPU,OLOCA4,true,false
beta_train_all.json,2961,4,4,32,6,12,16,1,4,16,DRUM_APTPU,LZTA,false,true
beta_train_all.json,2962,16,16,32,4,8,16,1,4,16,DRUM_APTPU,MHERLOA,false,true
beta_train_all.json,2963,8,8,8,32,6,16,1,4,16,DRUM_APTPU,MHERLOA,true,true
beta_train_all.json,2964,4,4,16,8,6,16,1,4,16,DRUM_APTPU,HOERAA,true,true
beta_train_all.json,2965,32,32,8,4,3,16,1,4,16,DRUM_APTPU,OLOCA4,true,false
beta_train_all.json,2966,6,6,16,6,5,16,1,4,16,BAM,MHERLOA,true,true
beta_train_all.json,2967,32,32,16,7,12,16,1,4,16,DRUM_APTPU,SETA,false,true
beta_train_all.json,2968,6,6,8,16,8,16,1,4,16,DRUM_APTPU,OLOCA4,true,false
beta_train_all.json,2969,4,4,32,7,3,16,1,4,16,BAM,LOA,true,true
beta_train_all.json,2970,6,6,8,6,5,16,1,4,16,DRUM_APTPU,HERLOA,true,true
beta_train_all.json,2971,4,4,16,7,6,16,1,4,16,DRUM_APTPU,HERLOA,true,true
beta_train_all.json,2972,4,4,32,6,8,16,1,4,16,BAM,HOERAA,false,true
beta_train_all.json,2973,4,4,32,32,6,16,1,4,16,BAM,OLOCA4,true,false
beta_train_all.json,2974,6,6,16,8,5,16,1,4,16,DRUM_APTPU,HEAA,true,true
beta_train_all.json,2975,4,4,16,8,10,16,1,4,16,BAM,MHEAA,false,true
beta_train_all.json,2976,6,6,16,16,2,16,1,4,16,DRUM_APTPU,MHEAA,true,true
beta_train_all.json,2977,4,4,16,6,8,16,1,4,16,UDM,MHERLOA,false,true
beta_train_all.json,2978,4,4,16,8,5,16,1,4,16,DRUM_APTPU,LOA,true,true
beta_train_all.json,2979,6,6,32,3,8,16,1,4,16,DRUM_APTPU,LZTA,false,true
beta_train_all.json,2980,4,4,16,4,3,16,1,4,16,BAM,LOA,true,true
beta_train_all.json,2981,4,4,8,4,6,16,1,4,16,UDM,LZTA,false,true
beta_train_all.json,2982,4,4,8,8,10,16,1,4,16,BAM,HEAA,false,true
beta_train_all.json,2983,32,32,32,4,3,16,1,4,16,DRUM_APTPU,SETA,true,true
beta_train_all.json,2984,6,6,8,8,5,16,1,4,16,DRUM_APTPU,LZTA,true,true
beta_train_all.json,2985,6,6,32,16,5,16,1,4,16,BAM,LOAWA,true,true
beta_train_all.json,2986,4,4,32,6,10,16,1,4,16,DRUM_APTPU,MHEAA,false,true
beta_train_all.json,2987,4,4,32,3,12,16,1,4,16,BAM,SETA,false,true
beta_train_all.json,2988,4,4,32,5,6,16,1,4,16,BAM,SETA,false,true
beta_train_all.json,2989,6,6,16,3,12,16,1,4,16,BAM,LZTA,false,true
beta_train_all.json,2990,8,8,8,7,4,16,1,4,16,BAM,HERLOA,true,true
beta_train_all.json,2991,6,6,16,8,6,16,1,4,16,DRUM_APTPU,MHERLOA,true,true
beta_train_all.json,2992,16,16,32,3,12,16,1,4,16,DRUM_APTPU,MHERLOA,false,true
beta_train_all.json,2993,6,6,8,6,5,16,1,4,16,DRUM_APTPU,SETA,true,true
beta_train_all.json,2994,4,4,32,7,6,16,1,4,16,BAM,HOERAA,true,true
beta_train_all.json,2995,32,32,8,16,8,16,1,4,16,DRUM_APTPU,LZTA,true,true
beta_train_all.json,2996,6,6,16,4,12,16,1,4,16,DRUM_APTPU,HEAA,false,true
beta_train_all.json,2997,4,4,32,16,2,16,1,4,16,UDM,SETA,true,true
beta_train_all.json,2998,8,8,8,6,5,16,1,4,16,DRUM_APTPU,HOAANED,true,true
beta_train_all.json,2999,4,4,8,5,3,16,1,4,16,UDM,MHEAA,true,true
beta_train_all.json,3000,32,32,8,16,3,16,1,4,16,DRUM_APTPU,LZTA,true,true
beta_train_all.json,3001,4,4,8,3,3,16,1,4,16,DRUM_APTPU,APPROX5,true,true
beta_train_all.json,3002,6,6,32,8,10,16,1,4,16,BAM,MHERLOA,false,true
beta_train_all.json,3003,8,8,8,7,6,16,1,4,16,DRUM_APTPU,LOA,true,true
beta_train_all.json,3004,8,8,32,3,8,16,1,4,16,DRUM_APTPU,LOA,false,true
beta_train_all.json,3005,4,4,8,5,3,16,1,4,16,DRUM_APTPU,LOA,true,true
beta_train_all.json,3006,6,6,32,7,2,16,1,4,16,BAM,LZTA,true,true
beta_train_all.json,3007,32,32,32,32,12,16,1,4,16,DRUM_APTPU,MHEAA,true,true
beta_train_all.json,3008,4,4,16,4,4,16,1,4,16,BAM,HOERAA,true,true
beta_train_all.json,3009,16,16,32,8,6,16,1,4,16,DRUM_APTPU,LOAWA,true,true
beta_train_all.json,3010,6,6,16,5,8,16,1,4,16,BAM,HERLOA,false,true
beta_train_all.json,3011,6,6,8,32,5,16,1,4,16,DRUM_APTPU,SETA,true,true
beta_train_all.json,3012,6,6,16,8,12,16,1,4,16,DRUM_APTPU,SETA,false,true
beta_train_all.json,3013,8,8,32,32,12,16,1,4,16,DRUM_APTPU,HOERAA,true,true
beta_train_all.json,3014,8,8,16,6,2,16,1,4,16,DRUM_APTPU,LOA,true,true
beta_train_all.json,3015,4,4,8,8,8,16,1,4,16,DRUM_APTPU,LZTA,true,true
beta_train_all.json,3016,6,6,8,4,6,16,1,4,16,DRUM_APTPU,HERLOA,false,true
beta_train_all.json,3017,4,4,32,8,4,16,1,4,16,BAM,OLOCA4,true,false
beta_train_all.json,3018,8,8,32,5,6,16,1,4,16,DRUM_APTPU,APPROX5,false,true
beta_train_all.json,3019,4,4,8,5,6,16,1,4,16,BAM,HOAANED,false,true
beta_train_all.json,3020,6,6,32,32,5,16,1,4,16,BAM,OLOCA4,true,false
beta_train_all.json,3021,4,4,16,3,4,16,1,4,16,UDM,SETA,false,true
beta_train_all.json,3022,6,6,16,7,4,16,1,4,16,DRUM_APTPU,MHEAA,true,true
beta_train_all.json,3023,32,32,32,3,5,16,1,4,16,DRUM_APTPU,OLOCA4,false,false
beta_train_all.json,3024,6,6,8,8,10,16,1,4,16,BAM,OLOCA4,false,false
beta_train_all.json,3025,6,6,16,6,6,16,1,4,16,DRUM_APTPU,HOERAA,true,true
beta_train_all.json,3026,8,8,8,6,3,16,1,4,16,BAM,SETA,true,true
beta_train_all.json,3027,8,8,8,5,2,16,1,4,16,DRUM_APTPU,HOAANED,true,true
beta_train_all.json,3028,8,8,32,6,2,16,1,4,16,DRUM_APTPU,SETA,true,true
beta_train_all.json,3029,6,6,8,5,2,16,1,4,16,BAM,SETA,true,true
beta_train_all.json,3030,4,4,16,16,3,16,1,4,16,BAM,LZTA,true,true
beta_train_all.json,3031,4,4,8,5,12,16,1,4,16,DRUM_APTPU,LOAWA,false,true
beta_train_all.json,3032,8,8,8,16,6,16,1,4,16,BAM,SETA,true,true
beta_train_all.json,3033,4,4,16,16,5,16,1,4,16,DRUM_APTPU,LZTA,true,true
beta_train_all.json,3034,8,8,16,6,10,16,1,4,16,BAM,SETA,false,true
beta_train_all.json,3035,4,4,16,32,8,16,1,4,16,BAM,LOA,true,true
beta_train_all.json,3036,16,16,16,32,10,16,1,4,16,DRUM_APTPU,LOA,true,true
beta_train_all.json,3037,4,4,32,8,12,16,1,4,16,DRUM_APTPU,MHERLOA,false,true
beta_train_all.json,3038,6,6,16,6,6,16,1,4,16,BAM,MHERLOA,true,true
beta_train_all.json,3039,16,16,32,5,4,16,1,4,16,DRUM_APTPU,HERLOA,true,true
beta_train_all.json,3040,4,4,32,5,8,16,1,4,16,DRUM_APTPU,HEAA,false,true
beta_train_all.json,3041,16,16,16,5,8,16,1,4,16,DRUM_APTPU,MHEAA,false,true
beta_train_all.json,3042,6,6,16,8,10,16,1,4,16,DRUM_APTPU,HEAA,false,true
beta_train_all.json,3043,6,6,16,3,10,16,1,4,16,DRUM_APTPU,LZTA,false,true
beta_train_all.json,3044,4,4,8,32,3,16,1,4,16,BAM,MHERLOA,true,true
beta_train_all.json,3045,32,32,8,5,12,16,1,4,16,DRUM_APTPU,OLOCA4,false,false
beta_train_all.json,3046,6,6,16,3,6,16,1,4,16,BAM,MHEAA,false,true
beta_train_all.json,3047,4,4,8,3,5,16,1,4,16,BAM,LOA,false,true
beta_train_all.json,3048,4,4,8,3,5,16,1,4,16,DRUM_APTPU,LZTA,false,true
beta_train_all.json,3049,8,8,8,32,8,16,1,4,16,BAM,OLOCA4,true,false
beta_train_all.json,3050,8,8,32,5,8,16,1,4,16,DRUM_APTPU,APPROX5,false,true
beta_train_all.json,3051,4,4,8,5,10,16,1,4,16,BAM,MHEAA,false,true
beta_train_all.json,3052,4,4,16,4,3,16,1,4,16,UDM,MHERLOA,true,true
beta_train_all.json,3053,6,6,8,6,6,16,1,4,16,BAM,MHEAA,true,true
beta_train_all.json,3054,6,6,32,6,10,16,1,4,16,DRUM_APTPU,LOAWA,false,true
beta_train_all.json,3055,4,4,32,16,10,16,1,4,16,DRUM_APTPU,MHEAA,true,true
beta_train_all.json,3056,4,4,8,4,5,16,1,4,16,UDM,LZTA,false,true
beta_train_all.json,3057,8,8,32,32,10,16,1,4,16,DRUM_APTPU,HEAA,true,true
beta_train_all.json,3058,6,6,16,8,5,16,1,4,16,BAM,MHEAA,true,true
beta_train_all.json,3059,16,16,32,7,4,16,1,4,16,DRUM_APTPU,HERLOA,true,true
beta_train_all.json,3060,4,4,16,32,3,16,1,4,16,BAM,HERLOA,true,true
beta_train_all.json,3061,6,6,16,16,8,16,1,4,16,DRUM_APTPU,HOAANED,true,true
beta_train_all.json,3062,4,4,16,4,5,16,1,4,16,DRUM_APTPU,HEAA,false,true
beta_train_all.json,3063,8,8,32,16,12,16,1,4,16,BAM,HERLOA,true,true
beta_train_all.json,3064,6,6,32,5,4,16,1,4,16,DRUM_APTPU,HOERAA,true,true
beta_train_all.json,3065,6,6,16,32,8,16,1,4,16,BAM,LOAWA,true,true
beta_train_all.json,3066,8,8,32,8,12,16,1,4,16,DRUM_APTPU,MHEAA,false,true
beta_train_all.json,3067,8,8,8,4,8,16,1,4,16,DRUM_APTPU,LOA,false,true
beta_train_all.json,3068,16,16,16,32,3,16,1,4,16,DRUM_APTPU,MHEAA,true,true
beta_train_all.json,3069,6,6,8,32,5,16,1,4,16,BAM,HERLOA,true,true
beta_train_all.json,3070,16,16,16,4,4,16,1,4,16,DRUM_APTPU,HERLOA,true,true
beta_train_all.json,3071,4,4,8,8,6,16,1,4,16,BAM,MHERLOA,true,true
beta_train_all.json,3072,6,6,16,32,6,16,1,4,16,DRUM_APTPU,OLOCA4,true,false
beta_train_all.json,3073,32,32,16,3,2,16,1,4,16,DRUM_APTPU,MHEAA,true,true
beta_train_all.json,3074,6,6,16,8,4,16,1,4,16,BAM,MHEAA,true,true
beta_train_all.json,3075,4,4,32,8,8,16,1,4,16,DRUM_APTPU,LZTA,true,true
beta_train_all.json,3076,4,4,16,8,6,16,1,4,16,DRUM_APTPU,HERLOA,true,true
beta_train_all.json,3077,4,4,16,4,8,16,1,4,16,DRUM_APTPU,HEAA,false,true
beta_train_all.json,3078,6,6,8,4,3,16,1,4,16,DRUM_APTPU,LOAWA,true,true
beta_train_all.json,3079,8,8,16,3,6,16,1,4,16,DRUM_APTPU,HOAANED,false,true
beta_train_all.json,3080,6,6,16,5,12,16,1,4,16,BAM,MHERLOA,false,true
beta_train_all.json,3081,8,8,8,16,2,16,1,4,16,DRUM_APTPU,LOAWA,true,true
beta_train_all.json,3082,6,6,32,32,6,16,1,4,16,DRUM_APTPU,HEAA,true,true
beta_train_all.json,3083,4,4,32,5,4,16,1,4,16,BAM,HOAANED,true,true
beta_train_all.json,3084,4,4,32,32,8,16,1,4,16,BAM,LZTA,true,true
beta_train_all.json,3085,16,16,8,4,10,16,1,4,16,DRUM_APTPU,MHEAA,false,true
beta_train_all.json,3086,4,4,16,3,12,16,1,4,16,DRUM_APTPU,LOAWA,false,true
beta_train_all.json,3087,4,4,16,7,12,16,1,4,16,UDM,HERLOA,false,true
beta_train_all.json,3088,8,8,8,7,2,16,1,4,16,BAM,SETA,true,true
beta_train_all.json,3089,4,4,16,7,12,16,1,4,16,BAM,MHERLOA,false,true
beta_train_all.json,3090,4,4,32,8,6,16,1,4,16,DRUM_APTPU,SETA,true,true
beta_train_all.json,3091,4,4,32,3,2,16,1,4,16,BAM,LOA,true,true
beta_train_all.json,3092,6,6,16,8,4,16,1,4,16,DRUM_APTPU,MHEAA,true,true
beta_train_all.json,3093,8,8,16,5,2,16,1,4,16,BAM,HERLOA,true,true
beta_train_all.json,3094,4,4,8,3,6,16,1,4,16,BAM,APPROX5,false,true
beta_train_all.json,3095,6,6,32,5,8,16,1,4,16,BAM,LZTA,false,true
beta_train_all.json,3096,4,4,8,6,12,16,1,4,16,UDM,SETA,false,true
beta_train_all.json,3097,6,6,32,3,3,16,1,4,16,BAM,SETA,true,true
beta_train_all.json,3098,6,6,32,7,5,16,1,4,16,DRUM_APTPU,LZTA,true,true
beta_train_all.json,3099,6,6,8,32,6,16,1,4,16,DRUM_APTPU,SETA,true,true
beta_train_all.json,3100,8,8,32,8,4,16,1,4,16,DRUM_APTPU,LOA,true,true
beta_train_all.json,3101,4,4,8,6,6,16,1,4,16,DRUM_APTPU,HOAANED,true,true
beta_train_all.json,3102,8,8,16,16,3,16,1,4,16,DRUM_APTPU,OLOCA4,true,false
beta_train_all.json,3103,4,4,8,7,8,16,1,4,16,DRUM_APTPU,MHERLOA,false,true
beta_train_all.json,3104,4,4,8,4,2,16,1,4,16,DRUM_APTPU,LOA,true,true
beta_train_all.json,3105,4,4,8,4,8,16,1,4,16,BAM,LZTA,false,true
beta_train_all.json,3106,8,8,8,6,12,16,1,4,16,DRUM_APTPU,HOERAA,false,true
beta_train_all.json,3107,8,8,32,8,5,16,1,4,16,DRUM_APTPU,HEAA,true,true
beta_train_all.json,3108,16,16,8,4,8,16,1,4,16,DRUM_APTPU,HOERAA,false,true
beta_train_all.json,3109,6,6,8,16,5,16,1,4,16,DRUM_APTPU,MHEAA,true,true
beta_train_all.json,3110,4,4,32,5,12,16,1,4,16,DRUM_APTPU,SETA,false,true
beta_train_all.json,3111,4,4,32,3,4,16,1,4,16,BAM,LOA,false,true
beta_train_all.json,3112,4,4,16,6,4,16,1,4,16,BAM,LOA,true,true
beta_train_all.json,3113,6,6,16,3,2,16,1,4,16,DRUM_APTPU,LZTA,true,true
beta_train_all.json,3114,4,4,32,32,12,16,1,4,16,BAM,HERLOA,true,true
beta_train_all.json,3115,6,6,8,5,2,16,1,4,16,BAM,OLOCA4,true,false
beta_train_all.json,3116,6,6,32,32,12,16,1,4,16,BAM,LOA,true,true
beta_train_all.json,3117,32,32,32,8,5,16,1,4,16,DRUM_APTPU,MHERLOA,true,true
beta_train_all.json,3118,6,6,32,7,6,16,1,4,16,DRUM_APTPU,LOAWA,true,true
beta_train_all.json,3119,8,8,16,4,8,16,1,4,16,DRUM_APTPU,HERLOA,false,true
beta_train_all.json,3120,6,6,8,8,2,16,1,4,16,DRUM_APTPU,HEAA,true,true
beta_train_all.json,3121,4,4,16,3,10,16,1,4,16,BAM,SETA,false,true
beta_train_all.json,3122,6,6,32,3,6,16,1,4,16,BAM,LOA,false,true
beta_train_all.json,3123,8,8,8,4,6,16,1,4,16,DRUM_APTPU,LOAWA,false,true
beta_train_all.json,3124,4,4,32,7,4,16,1,4,16,BAM,HEAA,true,true
beta_train_all.json,3125,16,16,32,6,12,16,1,4,16,DRUM_APTPU,HERLOA,false,true
beta_train_all.json,3126,6,6,32,8,10,16,1,4,16,DRUM_APTPU,MHEAA,false,true
beta_train_all.json,3127,6,6,32,16,3,16,1,4,16,DRUM_APTPU,HEAA,true,true
beta_train_all.json,3128,4,4,32,32,5,16,1,4,16,DRUM_APTPU,MHEAA,true,true
beta_train_all.json,3129,6,6,32,4,8,16,1,4,16,DRUM_APTPU,HOAANED,false,true
beta_train_all.json,3130,16,16,8,32,8,16,1,4,16,DRUM_APTPU,MHEAA,true,true
beta_train_all.json,3131,16,16,32,6,4,16,1,4,16,DRUM_APTPU,LOA,true,true
beta_train_all.json,3132,8,8,16,3,6,16,1,4,16,DRUM_APTPU,LZTA,false,true
beta_train_all.json,3133,4,4,32,16,5,16,1,4,16,DRUM_APTPU,APPROX5,true,true
beta_train_all.json,3134,16,16,8,5,5,16,1,4,16,DRUM_APTPU,HERLOA,true,true
beta_train_all.json,3135,16,16,8,3,5,16,1,4,16,DRUM_APTPU,SETA,false,true
beta_train_all.json,3136,4,4,32,3,3,16,1,4,16,BAM,LOA,true,true
beta_train_all.json,3137,6,6,32,5,12,16,1,4,16,DRUM_APTPU,HERLOA,false,true
beta_train_all.json,3138,4,4,16,5,3,16,1,4,16,UDM,MHEAA,true,true
beta_train_all.json,3139,8,8,16,4,8,16,1,4,16,BAM,OLOCA4,false,false
beta_train_all.json,3140,8,8,8,7,10,16,1,4,16,DRUM_APTPU,LOA,false,true
beta_train_all.json,3141,8,8,16,6,10,16,1,4,16,BAM,HERLOA,false,true
beta_train_all.json,3142,8,8,8,16,10,16,1,4,16,DRUM_APTPU,LZTA,false,true
beta_train_all.json,3143,16,16,32,7,2,16,1,4,16,DRUM_APTPU,SETA,true,true
beta_train_all.json,3144,6,6,8,4,12,16,1,4,16,DRUM_APTPU,MHEAA,false,true
beta_train_all.json,3145,6,6,32,32,5,16,1,4,16,DRUM_APTPU,HOERAA,true,true
beta_train_all.json,3146,4,4,8,7,8,16,1,4,16,DRUM_APTPU,OLOCA4,false,false
beta_train_all.json,3147,6,6,8,32,2,16,1,4,16,BAM,HOERAA,true,true
beta_train_all.json,3148,4,4,32,7,12,16,1,4,16,DRUM_APTPU,OLOCA4,false,false
beta_train_all.json,3149,4,4,32,16,3,16,1,4,16,BAM,MHEAA,true,true
beta_train_all.json,3150,16,16,32,4,10,16,1,4,16,DRUM_APTPU,LZTA,false,true
beta_train_all.json,3151,6,6,8,4,12,16,1,4,16,BAM,HOERAA,false,true
beta_train_all.json,3152,32,32,16,3,3,16,1,4,16,DRUM_APTPU,SETA,true,true
beta_train_all.json,3153,6,6,8,6,3,16,1,4,16,DRUM_APTPU,APPROX5,true,true
beta_train_all.json,3154,4,4,16,32,10,16,1,4,16,DRUM_APTPU,HOERAA,true,true
beta_train_all.json,3155,32,32,8,5,4,16,1,4,16,DRUM_APTPU,HERLOA,true,true
beta_train_all.json,3156,6,6,32,6,3,16,1,4,16,BAM,LOA,true,true
beta_train_all.json,3157,4,4,8,5,6,16,1,4,16,DRUM_APTPU,LOA,false,true
beta_train_all.json,3158,4,4,32,5,5,16,1,4,16,UDM,HERLOA,true,true
beta_train_all.json,3159,8,8,8,3,3,16,1,4,16,DRUM_APTPU,LZTA,true,true
beta_train_all.json,3160,4,4,32,7,6,16,1,4,16,UDM,MHEAA,true,true
beta_train_all.json,3161,6,6,8,6,12,16,1,4,16,BAM,OLOCA4,false,false
beta_train_all.json,3162,4,4,8,16,2,16,1,4,16,BAM,HEAA,true,true
beta_train_all.json,3163,16,16,32,8,5,16,1,4,16,DRUM_APTPU,OLOCA4,true,false
beta_train_all.json,3164,6,6,16,4,2,16,1,4,16,DRUM_APTPU,LOAWA,true,true
beta_train_all.json,3165,4,4,16,6,12,16,1,4,16,UDM,MHEAA,false,true
beta_train_all.json,3166,16,16,32,6,2,16,1,4,16,DRUM_APTPU,SETA,true,true
beta_train_all.json,3167,8,8,32,5,5,16,1,4,16,DRUM_APTPU,LOAWA,true,true
beta_train_all.json,3168,32,32,8,4,3,16,1,4,16,DRUM_APTPU,SETA,true,true
beta_train_all.json,3169,8,8,16,7,12,16,1,4,16,DRUM_APTPU,MHERLOA,false,true
beta_train_all.json,3170,4,4,32,3,10,16,1,4,16,BAM,APPROX5,false,true
beta_train_all.json,3171,4,4,32,32,10,16,1,4,16,UDM,MHEAA,true,true
beta_train_all.json,3172,6,6,8,7,6,16,1,4,16,DRUM_APTPU,HOAANED,true,true
beta_train_all.json,3173,6,6,32,8,6,16,1,4,16,BAM,MHERLOA,true,true
beta_train_all.json,3174,32,32,16,32,5,16,1,4,16,DRUM_APTPU,MHEAA,true,true
beta_train_all.json,3175,4,4,8,32,12,16,1,4,16,DRUM_APTPU,LZTA,false,true
beta_train_all.json,3176,4,4,16,3,12,16,1,4,16,DRUM_APTPU,HEAA,false,true
beta_train_all.json,3177,32,32,32,7,5,16,1,4,16,DRUM_APTPU,LZTA,true,true
beta_train_all.json,3178,4,4,32,4,8,16,1,4,16,UDM,MHEAA,false,true
beta_train_all.json,3179,4,4,8,8,4,16,1,4,16,BAM,HEAA,true,true
beta_train_all.json,3180,8,8,8,4,3,16,1,4,16,DRUM_APTPU,HOERAA,true,true
beta_train_all.json,3181,4,4,8,16,4,16,1,4,16,DRUM_APTPU,HOAANED,true,true
beta_train_all.json,3182,6,6,32,4,2,16,1,4,16,DRUM_APTPU,OLOCA4,true,false
beta_train_all.json,3183,6,6,32,6,5,16,1,4,16,DRUM_APTPU,MHEAA,true,true
beta_train_all.json,3184,6,6,32,5,6,16,1,4,16,BAM,SETA,false,true
beta_train_all.json,3185,4,4,8,7,3,16,1,4,16,BAM,HERLOA,true,true
beta_train_all.json,3186,4,4,16,3,10,16,1,4,16,UDM,LZTA,false,true
beta_train_all.json,3187,4,4,8,3,3,16,1,4,16,BAM,HOERAA,true,true
beta_train_all.json,3188,6,6,8,4,3,16,1,4,16,DRUM_APTPU,HERLOA,true,true
beta_train_all.json,3189,6,6,16,4,8,16,1,4,16,BAM,LOA,false,true
beta_train_all.json,3190,4,4,8,5,3,16,1,4,16,BAM,HOERAA,true,true
beta_train_all.json,3191,16,16,32,3,2,16,1,4,16,DRUM_APTPU,OLOCA4,true,false
beta_train_all.json,3192,4,4,32,5,10,16,1,4,16,DRUM_APTPU,OLOCA4,false,false
beta_train_all.json,3193,6,6,8,4,5,16,1,4,16,DRUM_APTPU,HEAA,false,true
beta_train_all.json,3194,4,4,32,32,10,16,1,4,16,BAM,APPROX5,true,true
beta_train_all.json,3195,6,6,16,3,8,16,1,4,16,BAM,MHERLOA,false,true
beta_train_all.json,3196,4,4,16,8,8,16,1,4,16,DRUM_APTPU,LZTA,true,true
beta_train_all.json,3197,4,4,8,6,6,16,1,4,16,DRUM_APTPU,HERLOA,true,true
beta_train_all.json,3198,4,4,16,16,12,16,1,4,16,BAM,HOERAA,true,true
beta_train_all.json,3199,32,32,32,16,2,16,1,4,16,DRUM_APTPU,OLOCA4,true,false
beta_train_all.json,3200,6,6,32,7,6,16,1,4,16,DRUM_APTPU,HOERAA,true,true
beta_train_all.json,3201,4,4,16,4,4,16,1,4,16,DRUM_APTPU,LOAWA,true,true
beta_train_all.json,3202,4,4,8,8,10,16,1,4,16,BAM,HERLOA,false,true
beta_train_all.json,3203,4,4,16,8,10,16,1,4,16,BAM,HOERAA,false,true
beta_train_all.json,3204,4,4,16,3,12,16,1,4,16,DRUM_APTPU,OLOCA4,false,false
beta_train_all.json,3205,4,4,32,32,8,16,1,4,16,BAM,HOERAA,true,true
beta_train_all.json,3206,6,6,8,16,6,16,1,4,16,DRUM_APTPU,HOAANED,true,true
beta_train_all.json,3207,16,16,16,5,12,16,1,4,16,DRUM_APTPU,MHERLOA,false,true
beta_train_all.json,3208,4,4,8,7,2,16,1,4,16,BAM,HOERAA,true,true
beta_train_all.json,3209,8,8,8,32,12,16,1,4,16,DRUM_APTPU,HEAA,false,true
beta_train_all.json,3210,6,6,32,16,5,16,1,4,16,BAM,MHERLOA,true,true
beta_train_all.json,3211,4,4,32,6,8,16,1,4,16,BAM,HOAANED,false,true
beta_train_all.json,3212,16,16,16,3,10,16,1,4,16,DRUM_APTPU,MHEAA,false,true
beta_train_all.json,3213,6,6,8,32,3,16,1,4,16,BAM,LZTA,true,true
beta_train_all.json,3214,8,8,32,4,6,16,1,4,16,DRUM_APTPU,LOA,false,true
beta_train_all.json,3215,4,4,8,5,3,16,1,4,16,BAM,APPROX5,true,true
beta_train_all.json,3216,4,4,8,4,3,16,1,4,16,DRUM_APTPU,LOAWA,true,true
beta_train_all.json,3217,8,8,8,4,4,16,1,4,16,DRUM_APTPU,MHERLOA,true,true
beta_train_all.json,3218,4,4,32,6,6,16,1,4,16,DRUM_APTPU,HEAA,true,true
beta_train_all.json,3219,6,6,8,16,4,16,1,4,16,DRUM_APTPU,MHEAA,true,true
beta_train_all.json,3220,6,6,16,7,6,16,1,4,16,DRUM_APTPU,HOAANED,true,true
beta_train_all.json,3221,16,16,32,7,6,16,1,4,16,DRUM_APTPU,LOAWA,true,true
beta_train_all.json,3222,6,6,16,4,3,16,1,4,16,BAM,LOA,true,true
beta_train_all.json,3223,4,4,32,5,3,16,1,4,16,BAM,OLOCA4,true,false
beta_train_all.json,3224,4,4,16,4,2,16,1,4,16,BAM,LZTA,true,true
beta_train_all.json,3225,16,16,16,6,5,16,1,4,16,DRUM_APTPU,LOAWA,true,true
beta_train_all.json,3226,4,4,32,16,10,16,1,4,16,DRUM_APTPU,HEAA,true,true
beta_train_all.json,3227,16,16,32,32,6,16,1,4,16,DRUM_APTPU,LZTA,true,true
beta_train_all.json,3228,8,8,32,16,3,16,1,4,16,DRUM_APTPU,LZTA,true,true
beta_train_all.json,3229,16,16,32,7,2,16,1,4,16,DRUM_APTPU,LOA,true,true
beta_train_all.json,3230,4,4,32,4,10,16,1,4,16,DRUM_APTPU,SETA,false,true
beta_train_all.json,3231,32,32,8,7,3,16,1,4,16,DRUM_APTPU,LZTA,true,true
beta_train_all.json,3232,6,6,8,8,3,16,1,4,16,DRUM_APTPU,APPROX5,true,true
beta_train_all.json,3233,32,32,16,32,10,16,1,4,16,DRUM_APTPU,HERLOA,true,true
beta_train_all.json,3234,32,32,8,6,4,16,1,4,16,DRUM_APTPU,OLOCA4,true,false
beta_train_all.json,3235,4,4,32,3,10,16,1,4,16,DRUM_APTPU,APPROX5,false,true
beta_train_all.json,3236,16,16,32,16,6,16,1,4,16,DRUM_APTPU,HERLOA,true,true
beta_train_all.json,3237,4,4,32,4,6,16,1,4,16,DRUM_APTPU,LOA,false,true
beta_train_all.json,3238,4,4,16,3,3,16,1,4,16,BAM,OLOCA4,true,false
beta_train_all.json,3239,16,16,8,32,5,16,1,4,16,DRUM_APTPU,LOAWA,true,true
beta_train_all.json,3240,6,6,32,7,3,16,1,4,16,DRUM_APTPU,SETA,true,true
beta_train_all.json,3241,32,32,16,8,12,16,1,4,16,DRUM_APTPU,SETA,false,true
beta_train_all.json,3242,16,16,32,8,8,16,1,4,16,DRUM_APTPU,SETA,true,true
beta_train_all.json,3243,6,6,32,8,5,16,1,4,16,DRUM_APTPU,LOAWA,true,true
beta_train_all.json,3244,4,4,8,8,4,16,1,4,16,BAM,APPROX5,true,true
beta_train_all.json,3245,6,6,16,4,6,16,1,4,16,BAM,LOAWA,false,true
beta_train_all.json,3246,6,6,32,8,8,16,1,4,16,BAM,LOAWA,true,true
beta_train_all.json,3247,8,8,8,8,12,16,1,4,16,DRUM_APTPU,HERLOA,false,true
beta_train_all.json,3248,16,16,8,3,12,16,1,4,16,DRUM_APTPU,SETA,false,true
beta_train_all.json,3249,6,6,16,16,6,16,1,4,16,DRUM_APTPU,HOAANED,true,true
beta_train_all.json,3250,6,6,32,32,4,16,1,4,16,DRUM_APTPU,LOA,true,true
beta_train_all.json,3251,4,4,8,32,10,16,1,4,16,DRUM_APTPU,LOAWA,false,true
beta_train_all.json,3252,4,4,16,5,4,16,1,4,16,DRUM_APTPU,HOERAA,true,true
beta_train_all.json,3253,8,8,16,16,3,16,1,4,16,DRUM_APTPU,MHEAA,true,true
beta_train_all.json,3254,6,6,16,32,8,16,1,4,16,DRUM_APTPU,HERLOA,true,true
beta_train_all.json,3255,6,6,8,32,3,16,1,4,16,DRUM_APTPU,HERLOA,true,true
beta_train_all.json,3256,6,6,8,8,12,16,1,4,16,DRUM_APTPU,LOAWA,false,true
beta_train_all.json,3257,4,4,32,8,12,16,1,4,16,UDM,HERLOA,false,true
beta_train_all.json,3258,4,4,8,6,12,16,1,4,16,DRUM_APTPU,APPROX5,false,true
beta_train_all.json,3259,32,32,16,5,10,16,1,4,16,DRUM_APTPU,OLOCA4,false,false
beta_train_all.json,3260,32,32,32,3,4,16,1,4,16,DRUM_APTPU,SETA,false,true
beta_train_all.json,3261,16,16,16,32,12,16,1,4,16,DRUM_APTPU,LOA,true,true
beta_train_all.json,3262,4,4,32,7,12,16,1,4,16,BAM,MHEAA,false,true
beta_train_all.json,3263,16,16,8,7,8,16,1,4,16,DRUM_APTPU,LZTA,false,true
beta_train_all.json,3264,4,4,8,32,12,16,1,4,16,DRUM_APTPU,HERLOA,false,true
beta_train_all.json,3265,8,8,8,16,3,16,1,4,16,DRUM_APTPU,HEAA,true,true
beta_train_all.json,3266,6,6,16,32,10,16,1,4,16,DRUM_APTPU,HEAA,true,true
beta_train_all.json,3267,16,16,8,7,5,16,1,4,16,DRUM_APTPU,MHEAA,true,true
beta_train_all.json,3268,4,4,32,32,8,16,1,4,16,DRUM_APTPU,HEAA,true,true
beta_train_all.json,3269,16,16,32,3,2,16,1,4,16,DRUM_APTPU,LOA,true,true
beta_train_all.json,3270,8,8,32,32,12,16,1,4,16,DRUM_APTPU,LOA,true,true
beta_train_all.json,3271,8,8,16,3,10,16,1,4,16,BAM,HERLOA,false,true
beta_train_all.json,3272,32,32,8,3,5,16,1,4,16,DRUM_APTPU,HERLOA,false,true
beta_train_all.json,3273,4,4,8,3,5,16,1,4,16,DRUM_APTPU,APPROX5,false,true
beta_train_all.json,3274,32,32,32,6,2,16,1,4,16,DRUM_APTPU,MHERLOA,true,true
beta_train_all.json,3275,4,4,8,7,2,16,1,4,16,UDM,LZTA,true,true
beta_train_all.json,3276,4,4,16,6,3,16,1,4,16,DRUM_APTPU,SETA,true,true
beta_train_all.json,3277,6,6,32,5,4,16,1,4,16,BAM,LZTA,true,true
beta_train_all.json,3278,6,6,16,16,5,16,1,4,16,BAM,LZTA,true,true
beta_train_all.json,3279,6,6,32,3,10,16,1,4,16,DRUM_APTPU,HEAA,false,true
beta_train_all.json,3280,16,16,32,3,10,16,1,4,16,DRUM_APTPU,LOA,false,true
beta_train_all.json,3281,32,32,32,32,3,16,1,4,16,DRUM_APTPU,HERLOA,true,true
beta_train_all.json,3282,16,16,16,3,2,16,1,4,16,DRUM_APTPU,SETA,true,true
beta_train_all.json,3283,32,32,8,5,6,16,1,4,16,DRUM_APTPU,LOAWA,false,true
beta_train_all.json,3284,16,16,32,5,12,16,1,4,16,DRUM_APTPU,LOA,false,true
beta_train_all.json,3285,6,6,8,7,12,16,1,4,16,DRUM_APTPU,SETA,false,true
beta_train_all.json,3286,4,4,32,6,12,16,1,4,16,UDM,MHEAA,false,true
beta_train_all.json,3287,6,6,16,32,3,16,1,4,16,DRUM_APTPU,MHEAA,true,true
beta_train_all.json,3288,32,32,8,16,6,16,1,4,16,DRUM_APTPU,SETA,true,true
beta_train_all.json,3289,32,32,32,8,8,16,1,4,16,DRUM_APTPU,LZTA,true,true
beta_train_all.json,3290,16,16,32,6,12,16,1,4,16,DRUM_APTPU,LOA,false,true
beta_train_all.json,3291,8,8,32,32,8,16,1,4,16,BAM,HERLOA,true,true
beta_train_all.json,3292,6,6,32,16,12,16,1,4,16,DRUM_APTPU,OLOCA4,true,false
beta_train_all.json,3293,6,6,32,16,5,16,1,4,16,DRUM_APTPU,LOA,true,true
beta_train_all.json,3294,6,6,8,4,10,16,1,4,16,BAM,LOA,false,true
beta_train_all.json,3295,6,6,16,7,8,16,1,4,16,BAM,MHERLOA,false,true
beta_train_all.json,3296,8,8,16,32,10,16,1,4,16,DRUM_APTPU,APPROX5,true,true
beta_train_all.json,3297,32,32,8,3,8,16,1,4,16,DRUM_APTPU,LOAWA,false,true
beta_train_all.json,3298,8,8,32,16,5,16,1,4,16,DRUM_APTPU,MHEAA,true,true
beta_train_all.json,3299,4,4,16,5,2,16,1,4,16,DRUM_APTPU,LZTA,true,true
beta_train_all.json,3300,4,4,32,16,12,16,1,4,16,DRUM_APTPU,HOERAA,true,true
beta_train_all.json,3301,6,6,16,6,8,16,1,4,16,DRUM_APTPU,HOAANED,false,true
beta_train_all.json,3302,8,8,32,8,4,16,1,4,16,BAM,HERLOA,true,true
beta_train_all.json,3303,8,8,16,16,5,16,1,4,16,DRUM_APTPU,MHERLOA,true,true
beta_train_all.json,3304,32,32,32,4,5,16,1,4,16,DRUM_APTPU,OLOCA4,false,false
beta_train_all.json,3305,8,8,32,4,5,16,1,4,16,DRUM_APTPU,LOAWA,false,true
beta_train_all.json,3306,4,4,8,7,4,16,1,4,16,UDM,OLOCA4,true,false
beta_train_all.json,3307,4,4,16,7,8,16,1,4,16,DRUM_APTPU,LOA,false,true
beta_train_all.json,3308,4,4,32,6,3,16,1,4,16,UDM,SETA,true,true
beta_train_all.json,3309,32,32,8,6,6,16,1,4,16,DRUM_APTPU,MHEAA,true,true
beta_train_all.json,3310,6,6,32,4,5,16,1,4,16,DRUM_APTPU,LOA,false,true
beta_train_all.json,3311,4,4,16,7,5,16,1,4,16,UDM,MHEAA,true,true
beta_train_all.json,3312,6,6,32,5,12,16,1,4,16,BAM,HERLOA,false,true
beta_train_all.json,3313,32,32,16,3,12,16,1,4,16,DRUM_APTPU,MHERLOA,false,true
beta_train_all.json,3314,8,8,8,7,10,16,1,4,16,DRUM_APTPU,LZTA,false,true
beta_train_all.json,3315,6,6,32,8,10,16,1,4,16,BAM,OLOCA4,false,false
beta_train_all.json,3316,4,4,8,6,3,16,1,4,16,DRUM_APTPU,HERLOA,true,true
beta_train_all.json,3317,4,4,8,32,4,16,1,4,16,BAM,MHERLOA,true,true
beta_train_all.json,3318,4,4,8,5,2,16,1,4,16,BAM,SETA,true,true
beta_train_all.json,3319,4,4,32,16,3,16,1,4,16,BAM,MHERLOA,true,true
beta_train_all.json,3320,4,4,8,4,10,16,1,4,16,DRUM_APTPU,SETA,false,true
beta_train_all.json,3321,4,4,32,4,4,16,1,4,16,UDM,OLOCA4,true,false
beta_train_all.json,3322,4,4,8,4,6,16,1,4,16,BAM,MHERLOA,false,true
beta_train_all.json,3323,4,4,32,4,4,16,1,4,16,DRUM_APTPU,MHEAA,true,true
beta_train_all.json,3324,4,4,8,8,5,16,1,4,16,BAM,LOA,true,true
beta_train_all.json,3325,6,6,32,32,5,16,1,4,16,DRUM_APTPU,MHEAA,true,true
beta_train_all.json,3326,6,6,32,6,3,16,1,4,16,DRUM_APTPU,MHERLOA,true,true
beta_train_all.json,3327,4,4,8,6,6,16,1,4,16,BAM,MHERLOA,true,true
beta_train_all.json,3328,6,6,16,6,4,16,1,4,16,DRUM_APTPU,MHEAA,true,true
beta_train_all.json,3329,4,4,8,16,10,16,1,4,16,DRUM_APTPU,LZTA,false,true
beta_train_all.json,3330,16,16,16,8,10,16,1,4,16,DRUM_APTPU,SETA,false,true
beta_train_all.json,3331,32,32,32,6,12,16,1,4,16,DRUM_APTPU,MHEAA,false,true
beta_train_all.json,3332,8,8,16,6,3,16,1,4,16,BAM,SETA,true,true
beta_train_all.json,3333,8,8,8,3,2,16,1,4,16,DRUM_APTPU,HEAA,true,true
beta_train_all.json,3334,16,16,8,8,5,16,1,4,16,DRUM_APTPU,MHERLOA,true,true
beta_train_all.json,3335,6,6,16,3,6,16,1,4,16,DRUM_APTPU,MHEAA,false,true
beta_train_all.json,3336,4,4,32,5,5,16,1,4,16,DRUM_APTPU,LZTA,true,true
beta_train_all.json,3337,4,4,32,32,4,16,1,4,16,BAM,LOA,true,true
beta_train_all.json,3338,8,8,8,8,4,16,1,4,16,DRUM_APTPU,HERLOA,true,true
beta_train_all.json,3339,4,4,16,16,10,16,1,4,16,DRUM_APTPU,SETA,true,true
beta_train_all.json,3340,16,16,8,3,5,16,1,4,16,DRUM_APTPU,MHEAA,false,true
beta_train_all.json,3341,8,8,8,32,6,16,1,4,16,DRUM_APTPU,HERLOA,true,true
beta_train_all.json,3342,6,6,8,7,3,16,1,4,16,BAM,HOERAA,true,true
beta_train_all.json,3343,4,4,32,4,12,16,1,4,16,BAM,MHEAA,false,true
beta_train_all.json,3344,8,8,8,5,10,16,1,4,16,DRUM_APTPU,HOAANED,false,true
beta_train_all.json,3345,4,4,16,16,3,16,1,4,16,BAM,HERLOA,true,true
beta_train_all.json,3346,4,4,16,4,5,16,1,4,16,UDM,HERLOA,false,true
beta_train_all.json,3347,16,16,8,32,6,16,1,4,16,DRUM_APTPU,MHERLOA,true,true
beta_train_all.json,3348,16,16,32,6,6,16,1,4,16,DRUM_APTPU,LZTA,true,true
beta_train_all.json,3349,4,4,32,32,2,16,1,4,16,DRUM_APTPU,MHEAA,true,true
beta_train_all.json,3350,8,8,16,6,3,16,1,4,16,DRUM_APTPU,MHEAA,true,true
beta_train_all.json,3351,8,8,32,32,4,16,1,4,16,DRUM_APTPU,LZTA,true,true
beta_train_all.json,3352,4,4,16,16,5,16,1,4,16,DRUM_APTPU,HOAANED,true,true
beta_train_all.json,3353,32,32,16,7,4,16,1,4,16,DRUM_APTPU,MHERLOA,true,true
beta_train_all.json,3354,16,16,16,32,12,16,1,4,16,DRUM_APTPU,LOAWA,true,true
beta_train_all.json,3355,4,4,32,16,4,16,1,4,16,DRUM_APTPU,OLOCA4,true,false
beta_train_all.json,3356,8,8,8,3,5,16,1,4,16,DRUM_APTPU,LOA,false,true
beta_train_all.json,3357,4,4,16,16,10,16,1,4,16,UDM,MHERLOA,true,true
beta_train_all.json,3358,8,8,16,5,10,16,1,4,16,DRUM_APTPU,HOAANED,false,true
beta_train_all.json,3359,32,32,16,8,2,16,1,4,16,DRUM_APTPU,MHEAA,true,true
beta_train_all.json,3360,6,6,16,8,6,16,1,4,16,BAM,MHERLOA,true,true
beta_train_all.json,3361,8,8,32,5,12,16,1,4,16,DRUM_APTPU,HEAA,false,true
beta_train_all.json,3362,16,16,8,3,3,16,1,4,16,DRUM_APTPU,SETA,true,true
beta_train_all.json,3363,6,6,32,4,10,16,1,4,16,DRUM_APTPU,APPROX5,false,true
beta_train_all.json,3364,8,8,32,8,10,16,1,4,16,DRUM_APTPU,APPROX5,false,true
beta_train_all.json,3365,4,4,16,3,5,16,1,4,16,UDM,MHEAA,false,true
beta_train_all.json,3366,4,4,16,6,4,16,1,4,16,BAM,MHEAA,true,true
beta_train_all.json,3367,32,32,32,6,8,16,1,4,16,DRUM_APTPU,LZTA,false,true
beta_train_all.json,3368,6,6,8,4,5,16,1,4,16,BAM,MHERLOA,false,true
beta_train_all.json,3369,16,16,32,5,10,16,1,4,16,DRUM_APTPU,LOAWA,false,true
beta_train_all.json,3370,4,4,8,3,4,16,1,4,16,BAM,MHEAA,false,true
beta_train_all.json,3371,8,8,16,3,3,16,1,4,16,DRUM_APTPU,SETA,true,true
beta_train_all.json,3372,6,6,16,16,3,16,1,4,16,BAM,LZTA,true,true
beta_train_all.json,3373,4,4,8,4,10,16,1,4,16,DRUM_APTPU,LZTA,false,true
beta_train_all.json,3374,8,8,8,6,4,16,1,4,16,BAM,OLOCA4,true,false
beta_train_all.json,3375,6,6,16,5,8,16,1,4,16,BAM,SETA,false,true
beta_train_all.json,3376,4,4,32,4,10,16,1,4,16,BAM,APPROX5,false,true
beta_train_all.json,3377,8,8,8,3,5,16,1,4,16,DRUM_APTPU,MHEAA,false,true
beta_train_all.json,3378,4,4,32,5,3,16,1,4,16,BAM,LOA,true,true
beta_train_all.json,3379,16,16,32,16,3,16,1,4,16,DRUM_APTPU,LZTA,true,true
beta_train_all.json,3380,16,16,8,7,3,16,1,4,16,DRUM_APTPU,MHERLOA,true,true
beta_train_all.json,3381,6,6,8,16,4,16,1,4,16,BAM,LZTA,true,true
beta_train_all.json,3382,4,4,32,7,8,16,1,4,16,UDM,SETA,false,true
beta_train_all.json,3383,8,8,8,5,10,16,1,4,16,DRUM_APTPU,APPROX5,false,true
beta_train_all.json,3384,32,32,8,16,3,16,1,4,16,DRUM_APTPU,MHEAA,true,true
beta_train_all.json,3385,16,16,16,16,6,16,1,4,16,DRUM_APTPU,SETA,true,true
beta_train_all.json,3386,4,4,8,5,3,16,1,4,16,DRUM_APTPU,MHEAA,true,true
beta_train_all.json,3387,8,8,16,16,10,16,1,4,16,DRUM_APTPU,SETA,true,true
beta_train_all.json,3388,4,4,32,8,8,16,1,4,16,BAM,LZTA,true,true
beta_train_all.json,3389,4,4,32,6,6,16,1,4,16,DRUM_APTPU,LOA,true,true
beta_train_all.json,3390,4,4,8,4,2,16,1,4,16,DRUM_APTPU,HOAANED,true,true
beta_train_all.json,3391,4,4,16,5,4,16,1,4,16,BAM,LZTA,true,true
beta_train_all.json,3392,4,4,32,4,5,16,1,4,16,BAM,OLOCA4,false,false
beta_train_all.json,3393,6,6,32,8,8,16,1,4,16,DRUM_APTPU,OLOCA4,true,false
beta_train_all.json,3394,6,6,16,8,3,16,1,4,16,DRUM_APTPU,HOERAA,true,true
beta_train_all.json,3395,16,16,32,32,3,16,1,4,16,DRUM_APTPU,HERLOA,true,true
beta_train_all.json,3396,16,16,16,4,12,16,1,4,16,DRUM_APTPU,HERLOA,false,true
beta_train_all.json,3397,4,4,32,7,2,16,1,4,16,DRUM_APTPU,HOAANED,true,true
beta_train_all.json,3398,4,4,32,8,6,16,1,4,16,DRUM_APTPU,LOA,true,true
beta_train_all.json,3399,6,6,32,32,12,16,1,4,16,BAM,MHERLOA,true,true
beta_train_all.json,3400,8,8,16,7,10,16,1,4,16,BAM,SETA,false,true
beta_train_all.json,3401,4,4,8,7,5,16,1,4,16,BAM,LOA,true,true
beta_train_all.json,3402,32,32,8,3,12,16,1,4,16,DRUM_APTPU,HERLOA,false,true
beta_train_all.json,3403,4,4,16,7,12,16,1,4,16,BAM,LOAWA,false,true
beta_train_all.json,3404,16,16,8,4,4,16,1,4,16,DRUM_APTPU,MHEAA,true,true
beta_train_all.json,3405,32,32,16,6,6,16,1,4,16,DRUM_APTPU,MHERLOA,true,true
beta_train_all.json,3406,4,4,32,7,4,16,1,4,16,UDM,HERLOA,true,true
beta_train_all.json,3407,8,8,8,6,3,16,1,4,16,BAM,HERLOA,true,true
beta_train_all.json,3408,4,4,8,5,5,16,1,4,16,BAM,HERLOA,true,true
beta_train_all.json,3409,32,32,32,16,4,16,1,4,16,DRUM_APTPU,HERLOA,true,true
beta_train_all.json,3410,16,16,32,4,8,16,1,4,16,DRUM_APTPU,LOAWA,false,true
beta_train_all.json,3411,4,4,32,8,10,16,1,4,16,DRUM_APTPU,MHERLOA,false,true
beta_train_all.json,3412,4,4,32,16,12,16,1,4,16,BAM,LZTA,true,true
beta_train_all.json,3413,16,16,32,32,10,16,1,4,16,DRUM_APTPU,LOA,true,true
beta_train_all.json,3414,4,4,8,32,4,16,1,4,16,UDM,MHEAA,true,true
beta_train_all.json,3415,32,32,8,32,4,16,1,4,16,DRUM_APTPU,SETA,true,true
beta_train_all.json,3416,32,32,32,32,10,16,1,4,16,DRUM_APTPU,LZTA,true,true
beta_train_all.json,3417,8,8,32,5,8,16,1,4,16,BAM,HERLOA,false,true
beta_train_all.json,3418,16,16,8,6,3,16,1,4,16,DRUM_APTPU,LOAWA,true,true
beta_train_all.json,3419,32,32,32,16,10,16,1,4,16,DRUM_APTPU,MHEAA,true,true
beta_train_all.json,3420,32,32,32,4,6,16,1,4,16,DRUM_APTPU,MHERLOA,false,true
beta_train_all.json,3421,16,16,8,16,10,16,1,4,16,DRUM_APTPU,LOAWA,false,true
beta_train_all.json,3422,4,4,16,16,10,16,1,4,16,BAM,MHERLOA,true,true
beta_train_all.json,3423,6,6,8,3,8,16,1,4,16,DRUM_APTPU,HOERAA,false,true
beta_train_all.json,3424,4,4,32,16,8,16,1,4,16,BAM,SETA,true,true
beta_train_all.json,3425,4,4,32,32,3,16,1,4,16,DRUM_APTPU,LZTA,true,true
beta_train_all.json,3426,6,6,16,4,10,16,1,4,16,BAM,HOERAA,false,true
beta_train_all.json,3427,4,4,8,3,8,16,1,4,16,BAM,OLOCA4,false,false
beta_train_all.json,3428,4,4,16,4,6,16,1,4,16,BAM,LOAWA,false,true
beta_train_all.json,3429,4,4,8,5,3,16,1,4,16,DRUM_APTPU,MHERLOA,true,true
beta_train_all.json,3430,4,4,32,16,10,16,1,4,16,DRUM_APTPU,OLOCA4,true,false
beta_train_all.json,3431,16,16,8,4,5,16,1,4,16,DRUM_APTPU,LOAWA,false,true
beta_train_all.json,3432,4,4,8,3,3,16,1,4,16,DRUM_APTPU,MHEAA,true,true
beta_train_all.json,3433,8,8,16,4,3,16,1,4,16,DRUM_APTPU,LZTA,true,true
beta_train_all.json,3434,32,32,32,7,10,16,1,4,16,DRUM_APTPU,HERLOA,false,true
beta_train_all.json,3435,6,6,32,5,3,16,1,4,16,BAM,MHERLOA,true,true
beta_train_all.json,3436,4,4,8,7,3,16,1,4,16,DRUM_APTPU,LOA,true,true
beta_train_all.json,3437,32,32,16,7,4,16,1,4,16,DRUM_APTPU,HERLOA,true,true
beta_train_all.json,3438,4,4,8,16,5,16,1,4,16,DRUM_APTPU,LZTA,true,true
beta_train_all.json,3439,16,16,16,32,5,16,1,4,16,DRUM_APTPU,OLOCA4,true,false
beta_train_all.json,3440,8,8,8,8,5,16,1,4,16,DRUM_APTPU,MHERLOA,true,true
beta_train_all.json,3441,4,4,8,6,2,16,1,4,16,BAM,MHERLOA,true,true
beta_train_all.json,3442,4,4,16,7,5,16,1,4,16,BAM,LOA,true,true
beta_train_all.json,3443,16,16,16,16,3,16,1,4,16,DRUM_APTPU,LZTA,true,true
beta_train_all.json,3444,8,8,16,4,6,16,1,4,16,DRUM_APTPU,HOAANED,false,true
beta_train_all.json,3445,6,6,8,3,8,16,1,4,16,BAM,OLOCA4,false,false
beta_train_all.json,3446,6,6,16,5,10,16,1,4,16,BAM,LOAWA,false,true
beta_train_all.json,3447,8,8,32,4,10,16,1,4,16,DRUM_APTPU,LZTA,false,true
beta_train_all.json,3448,6,6,16,7,6,16,1,4,16,DRUM_APTPU,HEAA,true,true
beta_train_all.json,3449,8,8,16,7,8,16,1,4,16,BAM,SETA,false,true
beta_train_all.json,3450,4,4,16,4,3,16,1,4,16,UDM,OLOCA4,true,false
beta_train_all.json,3451,8,8,16,6,6,16,1,4,16,DRUM_APTPU,SETA,true,true
beta_train_all.json,3452,32,32,8,6,8,16,1,4,16,DRUM_APTPU,LZTA,false,true
beta_train_all.json,3453,8,8,16,3,12,16,1,4,16,DRUM_APTPU,OLOCA4,false,false
beta_train_all.json,3454,6,6,32,6,10,16,1,4,16,DRUM_APTPU,HERLOA,false,true
beta_train_all.json,3455,4,4,32,5,6,16,1,4,16,BAM,LZTA,false,true
beta_train_all.json,3456,4,4,8,7,4,16,1,4,16,BAM,LOA,true,true
beta_train_all.json,3457,6,6,16,6,6,16,1,4,16,DRUM_APTPU,HERLOA,true,true
beta_train_all.json,3458,6,6,8,5,6,16,1,4,16,BAM,SETA,false,true
beta_train_all.json,3459,8,8,32,32,10,16,1,4,16,DRUM_APTPU,APPROX5,true,true
beta_train_all.json,3460,8,8,16,5,4,16,1,4,16,DRUM_APTPU,OLOCA4,true,false
beta_train_all.json,3461,32,32,32,6,12,16,1,4,16,DRUM_APTPU,MHERLOA,false,true
beta_train_all.json,3462,4,4,16,4,8,16,1,4,16,DRUM_APTPU,HOAANED,false,true
beta_train_all.json,3463,16,16,32,7,6,16,1,4,16,DRUM_APTPU,OLOCA4,true,false
beta_train_all.json,3464,32,32,32,7,10,16,1,4,16,DRUM_APTPU,MHERLOA,false,true
beta_train_all.json,3465,8,8,8,4,6,16,1,4,16,DRUM_APTPU,HOERAA,false,true
beta_train_all.json,3466,4,4,32,7,3,16,1,4,16,BAM,LZTA,true,true
beta_train_all.json,3467,4,4,16,3,12,16,1,4,16,DRUM_APTPU,MHERLOA,false,true
beta_train_all.json,3468,6,6,32,16,5,16,1,4,16,BAM,LOA,true,true
beta_train_all.json,3469,8,8,16,8,8,16,1,4,16,DRUM_APTPU,LOA,true,true
beta_train_all.json,3470,8,8,8,5,12,16,1,4,16,BAM,SETA,false,true
beta_train_all.json,3471,4,4,8,3,3,16,1,4,16,BAM,LOA,true,true
beta_train_all.json,3472,4,4,32,3,4,16,1,4,16,DRUM_APTPU,MHEAA,false,true
beta_train_all.json,3473,32,32,8,16,2,16,1,4,16,DRUM_APTPU,SETA,true,true
beta_train_all.json,3474,4,4,32,16,12,16,1,4,16,BAM,HERLOA,true,true
beta_train_all.json,3475,4,4,16,4,3,16,1,4,16,BAM,LZTA,true,true
beta_train_all.json,3476,6,6,16,5,10,16,1,4,16,BAM,LOA,false,true
beta_train_all.json,3477,6,6,8,6,10,16,1,4,16,DRUM_APTPU,LOAWA,false,true
beta_train_all.json,3478,4,4,8,7,10,16,1,4,16,BAM,LOAWA,false,true
beta_train_all.json,3479,4,4,8,6,8,16,1,4,16,UDM,MHERLOA,false,true
beta_train_all.json,3480,32,32,16,8,2,16,1,4,16,DRUM_APTPU,LZTA,true,true
beta_train_all.json,3481,4,4,32,32,4,16,1,4,16,BAM,APPROX5,true,true
beta_train_all.json,3482,8,8,16,5,10,16,1,4,16,DRUM_APTPU,HEAA,false,true
beta_train_all.json,3483,4,4,8,6,3,16,1,4,16,BAM,MHEAA,true,true
beta_train_all.json,3484,16,16,16,5,10,16,1,4,16,DRUM_APTPU,HERLOA,false,true
beta_train_all.json,3485,16,16,8,5,8,16,1,4,16,DRUM_APTPU,LOAWA,false,true
beta_train_all.json,3486,4,4,16,4,10,16,1,4,16,DRUM_APTPU,HEAA,false,true
beta_train_all.json,3487,6,6,16,16,5,16,1,4,16,DRUM_APTPU,HERLOA,true,true
beta_train_all.json,3488,4,4,8,8,8,16,1,4,16,UDM,MHERLOA,true,true
beta_train_all.json,3489,4,4,32,4,5,16,1,4,16,UDM,MHEAA,false,true
beta_train_all.json,3490,4,4,8,32,5,16,1,4,16,BAM,MHERLOA,true,true
beta_train_all.json,3491,16,16,32,4,12,16,1,4,16,DRUM_APTPU,LOA,false,true
beta_train_all.json,3492,32,32,8,7,3,16,1,4,16,DRUM_APTPU,MHERLOA,true,true
beta_train_all.json,3493,16,16,16,7,10,16,1,4,16,DRUM_APTPU,MHERLOA,false,true
beta_train_all.json,3494,4,4,16,4,10,16,1,4,16,BAM,HOAANED,false,true
beta_train_all.json,3495,16,16,8,32,10,16,1,4,16,DRUM_APTPU,OLOCA4,false,false
beta_train_all.json,3496,4,4,8,7,5,16,1,4,16,DRUM_APTPU,MHEAA,true,true
beta_train_all.json,3497,6,6,8,6,3,16,1,4,16,BAM,MHERLOA,true,true
beta_train_all.json,3498,4,4,8,16,2,16,1,4,16,UDM,OLOCA4,true,false
beta_train_all.json,3499,4,4,8,3,12,16,1,4,16,BAM,LOAWA,false,true
beta_train_all.json,3500,32,32,8,32,6,16,1,4,16,DRUM_APTPU,LZTA,true,true
beta_train_all.json,3501,32,32,16,5,12,16,1,4,16,DRUM_APTPU,MHEAA,false,true
beta_train_all.json,3502,16,16,32,32,5,16,1,4,16,DRUM_APTPU,MHEAA,true,true
beta_train_all.json,3503,4,4,32,6,3,16,1,4,16,BAM,HEAA,true,true
beta_train_all.json,3504,4,4,16,32,6,16,1,4,16,BAM,OLOCA4,true,false
beta_train_all.json,3505,16,16,32,3,5,16,1,4,16,DRUM_APTPU,MHEAA,false,true
beta_train_all.json,3506,16,16,8,4,10,16,1,4,16,DRUM_APTPU,LOA,false,true
beta_train_all.json,3507,4,4,16,32,6,16,1,4,16,DRUM_APTPU,MHEAA,true,true
beta_train_all.json,3508,4,4,16,4,12,16,1,4,16,DRUM_APTPU,HEAA,false,true
beta_train_all.json,3509,6,6,16,6,10,16,1,4,16,BAM,MHERLOA,false,true
beta_train_all.json,3510,8,8,16,32,5,16,1,4,16,DRUM_APTPU,HOAANED,true,true
beta_train_all.json,3511,4,4,32,4,3,16,1,4,16,BAM,MHERLOA,true,true
beta_train_all.json,3512,4,4,8,16,12,16,1,4,16,DRUM_APTPU,OLOCA4,false,false
beta_train_all.json,3513,4,4,32,5,3,16,1,4,16,BAM,SETA,true,true
beta_train_all.json,3514,4,4,32,4,10,16,1,4,16,DRUM_APTPU,MHEAA,false,true
beta_train_all.json,3515,6,6,16,7,2,16,1,4,16,DRUM_APTPU,APPROX5,true,true
beta_train_all.json,3516,4,4,16,5,4,16,1,4,16,BAM,MHEAA,true,true
beta_train_all.json,3517,4,4,8,7,10,16,1,4,16,BAM,HERLOA,false,true
beta_train_all.json,3518,6,6,8,4,5,16,1,4,16,DRUM_APTPU,HOAANED,false,true
beta_train_all.json,3519,8,8,32,8,8,16,1,4,16,DRUM_APTPU,HEAA,true,true
beta_train_all.json,3520,4,4,8,32,12,16,1,4,16,DRUM_APTPU,MHERLOA,false,true
beta_train_all.json,3521,6,6,32,7,4,16,1,4,16,DRUM_APTPU,HOERAA,true,true
beta_train_all.json,3522,16,16,8,3,5,16,1,4,16,DRUM_APTPU,MHERLOA,false,true
beta_train_all.json,3523,8,8,16,16,5,16,1,4,16,DRUM_APTPU,HERLOA,true,true
beta_train_all.json,3524,6,6,8,7,10,16,1,4,16,DRUM_APTPU,SETA,false,true
beta_train_all.json,3525,6,6,8,32,4,16,1,4,16,DRUM_APTPU,HERLOA,true,true
beta_train_all.json,3526,16,16,16,6,6,16,1,4,16,DRUM_APTPU,SETA,true,true
beta_train_all.json,3527,4,4,16,32,6,16,1,4,16,DRUM_APTPU,SETA,true,true
beta_train_all.json,3528,6,6,16,32,10,16,1,4,16,DRUM_APTPU,LZTA,true,true
beta_train_all.json,3529,4,4,32,4,6,16,1,4,16,DRUM_APTPU,SETA,false,true
beta_train_all.json,3530,16,16,8,16,8,16,1,4,16,DRUM_APTPU,OLOCA4,true,false
beta_train_all.json,3531,6,6,8,3,4,16,1,4,16,DRUM_APTPU,MHEAA,false,true
beta_train_all.json,3532,6,6,8,5,2,16,1,4,16,DRUM_APTPU,LZTA,true,true
beta_train_all.json,3533,4,4,16,6,10,16,1,4,16,BAM,LOAWA,false,true
beta_train_all.json,3534,4,4,32,5,10,16,1,4,16,BAM,SETA,false,true
beta_train_all.json,3535,6,6,8,4,2,16,1,4,16,DRUM_APTPU,LZTA,true,true
beta_train_all.json,3536,6,6,8,4,2,16,1,4,16,DRUM_APTPU,HERLOA,true,true
beta_train_all.json,3537,6,6,16,3,4,16,1,4,16,DRUM_APTPU,APPROX5,false,true
beta_train_all.json,3538,8,8,32,8,6,16,1,4,16,DRUM_APTPU,HERLOA,true,true
beta_train_all.json,3539,4,4,16,6,12,16,1,4,16,BAM,MHEAA,false,true
beta_train_all.json,3540,16,16,8,6,3,16,1,4,16,DRUM_APTPU,SETA,true,true
beta_train_all.json,3541,4,4,16,4,5,16,1,4,16,UDM,MHERLOA,false,true
beta_train_all.json,3542,6,6,8,6,12,16,1,4,16,BAM,LZTA,false,true
beta_train_all.json,3543,4,4,16,8,10,16,1,4,16,BAM,HERLOA,false,true
beta_train_all.json,3544,6,6,8,7,4,16,1,4,16,DRUM_APTPU,APPROX5,true,true
beta_train_all.json,3545,8,8,16,8,12,16,1,4,16,DRUM_APTPU,HERLOA,false,true
beta_train_all.json,3546,4,4,32,16,4,16,1,4,16,DRUM_APTPU,APPROX5,true,true
beta_train_all.json,3547,16,16,8,7,10,16,1,4,16,DRUM_APTPU,OLOCA4,false,false
beta_train_all.json,3548,8,8,16,16,10,16,1,4,16,DRUM_APTPU,HOAANED,true,true
beta_train_all.json,3549,6,6,32,32,10,16,1,4,16,DRUM_APTPU,LOAWA,true,true
beta_train_all.json,3550,32,32,16,16,6,16,1,4,16,DRUM_APTPU,LZTA,true,true
beta_train_all.json,3551,8,8,16,7,12,16,1,4,16,DRUM_APTPU,LOAWA,false,true
beta_train_all.json,3552,6,6,8,32,6,16,1,4,16,BAM,MHEAA,true,true
beta_train_all.json,3553,8,8,8,16,10,16,1,4,16,DRUM_APTPU,HEAA,false,true
beta_train_all.json,3554,6,6,16,3,6,16,1,4,16,BAM,LZTA,false,true
beta_train_all.json,3555,6,6,32,16,8,16,1,4,16,BAM,MHERLOA,true,true
beta_train_all.json,3556,4,4,16,32,4,16,1,4,16,DRUM_APTPU,APPROX5,true,true
beta_train_all.json,3557,16,16,16,3,5,16,1,4,16,DRUM_APTPU,OLOCA4,false,false
beta_train_all.json,3558,16,16,16,7,5,16,1,4,16,DRUM_APTPU,SETA,true,true
beta_train_all.json,3559,6,6,16,5,10,16,1,4,16,DRUM_APTPU,MHEAA,false,true
beta_train_all.json,3560,8,8,32,3,6,16,1,4,16,DRUM_APTPU,MHEAA,false,true
beta_train_all.json,3561,4,4,16,5,5,16,1,4,16,DRUM_APTPU,APPROX5,true,true
beta_train_all.json,3562,4,4,32,5,10,16,1,4,16,DRUM_APTPU,MHEAA,false,true
beta_train_all.json,3563,16,16,8,8,5,16,1,4,16,DRUM_APTPU,SETA,true,true
beta_train_all.json,3564,8,8,8,6,12,16,1,4,16,BAM,OLOCA4,false,false
beta_train_all.json,3565,4,4,32,6,12,16,1,4,16,BAM,MHEAA,false,true
beta_train_all.json,3566,4,4,8,4,12,16,1,4,16,UDM,MHERLOA,false,true
beta_train_all.json,3567,4,4,16,7,12,16,1,4,16,BAM,HOERAA,false,true
beta_train_all.json,3568,16,16,16,32,2,16,1,4,16,DRUM_APTPU,OLOCA4,true,false
beta_train_all.json,3569,8,8,32,7,5,16,1,4,16,BAM,HERLOA,true,true
beta_train_all.json,3570,32,32,8,7,10,16,1,4,16,DRUM_APTPU,SETA,false,true
beta_train_all.json,3571,6,6,8,5,5,16,1,4,16,BAM,MHEAA,true,true
beta_train_all.json,3572,6,6,16,3,8,16,1,4,16,BAM,LOAWA,false,true
beta_train_all.json,3573,4,4,32,6,3,16,1,4,16,DRUM_APTPU,MHEAA,true,true
beta_train_all.json,3574,4,4,16,8,5,16,1,4,16,BAM,MHERLOA,true,true
beta_train_all.json,3575,16,16,16,32,5,16,1,4,16,DRUM_APTPU,LOAWA,true,true
beta_train_all.json,3576,6,6,8,3,8,16,1,4,16,DRUM_APTPU,SETA,false,true
beta_train_all.json,3577,16,16,16,16,12,16,1,4,16,DRUM_APTPU,LOAWA,true,true
beta_train_all.json,3578,4,4,32,7,6,16,1,4,16,BAM,SETA,true,true
beta_train_all.json,3579,6,6,8,32,4,16,1,4,16,DRUM_APTPU,MHERLOA,true,true
beta_train_all.json,3580,8,8,8,6,5,16,1,4,16,DRUM_APTPU,MHERLOA,true,true
beta_train_all.json,3581,6,6,16,8,10,16,1,4,16,BAM,LOA,false,true
beta_train_all.json,3582,8,8,16,7,4,16,1,4,16,DRUM_APTPU,HEAA,true,true
beta_train_all.json,3583,4,4,16,16,10,16,1,4,16,BAM,HEAA,true,true
beta_train_all.json,3584,8,8,8,7,10,16,1,4,16,DRUM_APTPU,MHERLOA,false,true
beta_train_all.json,3585,4,4,8,3,6,16,1,4,16,BAM,LOA,false,true
beta_train_all.json,3586,6,6,16,3,4,16,1,4,16,BAM,LOA,false,true
beta_train_all.json,3587,6,6,32,4,6,16,1,4,16,BAM,LOA,false,true
beta_train_all.json,3588,8,8,8,5,3,16,1,4,16,DRUM_APTPU,LOAWA,true,true
beta_train_all.json,3589,4,4,16,5,10,16,1,4,16,DRUM_APTPU,LZTA,false,true
beta_train_all.json,3590,4,4,16,32,4,16,1,4,16,UDM,LZTA,true,true
beta_train_all.json,3591,4,4,32,3,4,16,1,4,16,BAM,MHERLOA,false,true
beta_train_all.json,3592,6,6,32,7,4,16,1,4,16,BAM,LOAWA,true,true
beta_train_all.json,3593,6,6,32,32,3,16,1,4,16,BAM,SETA,true,true
beta_train_all.json,3594,6,6,8,4,3,16,1,4,16,DRUM_APTPU,HOAANED,true,true
beta_train_all.json,3595,6,6,16,5,12,16,1,4,16,DRUM_APTPU,OLOCA4,false,false
beta_train_all.json,3596,6,6,8,8,8,16,1,4,16,DRUM_APTPU,HERLOA,true,true
beta_train_all.json,3597,4,4,16,5,10,16,1,4,16,BAM,OLOCA4,false,false
beta_train_all.json,3598,4,4,32,7,8,16,1,4,16,UDM,HERLOA,false,true
beta_train_all.json,3599,4,4,16,16,3,16,1,4,16,DRUM_APTPU,HOERAA,true,true
beta_train_all.json,3600,6,6,16,7,10,16,1,4,16,BAM,LZTA,false,true
beta_train_all.json,3601,16,16,16,3,4,16,1,4,16,DRUM_APTPU,LOA,false,true
beta_train_all.json,3602,6,6,16,6,10,16,1,4,16,BAM,MHEAA,false,true
beta_train_all.json,3603,6,6,8,7,8,16,1,4,16,BAM,LZTA,false,true
beta_train_all.json,3604,4,4,32,16,2,16,1,4,16,DRUM_APTPU,LOAWA,true,true
beta_train_all.json,3605,4,4,16,4,2,16,1,4,16,BAM,HOERAA,true,true
beta_train_all.json,3606,8,8,8,6,2,16,1,4,16,BAM,OLOCA4,true,false
beta_train_all.json,3607,6,6,8,8,4,16,1,4,16,BAM,LZTA,true,true
beta_train_all.json,3608,4,4,8,4,10,16,1,4,16,UDM,LZTA,false,true
beta_train_all.json,3609,8,8,32,32,4,16,1,4,16,DRUM_APTPU,OLOCA4,true,false
beta_train_all.json,3610,6,6,32,4,12,16,1,4,16,BAM,SETA,false,true
beta_train_all.json,3611,8,8,8,4,2,16,1,4,16,DRUM_APTPU,LZTA,true,true
beta_train_all.json,3612,6,6,32,5,10,16,1,4,16,DRUM_APTPU,LZTA,false,true
beta_train_all.json,3613,32,32,8,7,4,16,1,4,16,DRUM_APTPU,LOAWA,true,true
beta_train_all.json,3614,32,32,16,16,5,16,1,4,16,DRUM_APTPU,SETA,true,true
beta_train_all.json,3615,32,32,32,3,6,16,1,4,16,DRUM_APTPU,SETA,false,true
beta_train_all.json,3616,32,32,8,8,3,16,1,4,16,DRUM_APTPU,LZTA,true,true
beta_train_all.json,3617,6,6,32,6,3,16,1,4,16,BAM,MHERLOA,true,true
beta_train_all.json,3618,4,4,32,6,5,16,1,4,16,BAM,LOA,true,true
beta_train_all.json,3619,8,8,32,7,6,16,1,4,16,DRUM_APTPU,HERLOA,true,true
beta_train_all.json,3620,4,4,8,7,5,16,1,4,16,UDM,OLOCA4,true,false
beta_train_all.json,3621,6,6,16,32,6,16,1,4,16,DRUM_APTPU,MHERLOA,true,true
beta_train_all.json,3622,8,8,16,4,2,16,1,4,16,BAM,HERLOA,true,true
beta_train_all.json,3623,6,6,32,7,4,16,1,4,16,DRUM_APTPU,SETA,true,true
beta_train_all.json,3624,4,4,32,5,2,16,1,4,16,BAM,HOAANED,true,true
beta_train_all.json,3625,6,6,32,32,4,16,1,4,16,BAM,LOAWA,true,true
beta_train_all.json,3626,4,4,16,4,10,16,1,4,16,DRUM_APTPU,HOAANED,false,true
beta_train_all.json,3627,6,6,16,6,6,16,1,4,16,DRUM_APTPU,MHERLOA,true,true
beta_train_all.json,3628,8,8,16,6,8,16,1,4,16,DRUM_APTPU,MHEAA,false,true
beta_train_all.json,3629,32,32,8,7,12,16,1,4,16,DRUM_APTPU,HERLOA,false,true
beta_train_all.json,3630,6,6,8,8,12,16,1,4,16,DRUM_APTPU,HOERAA,false,true
beta_train_all.json,3631,4,4,16,32,4,16,1,4,16,BAM,MHERLOA,true,true
beta_train_all.json,3632,4,4,8,32,2,16,1,4,16,BAM,MHERLOA,true,true
beta_train_all.json,3633,16,16,8,7,12,16,1,4,16,DRUM_APTPU,LZTA,false,true
beta_train_all.json,3634,32,32,32,16,3,16,1,4,16,DRUM_APTPU,MHERLOA,true,true
beta_train_all.json,3635,4,4,8,7,3,16,1,4,16,DRUM_APTPU,HOAANED,true,true
beta_train_all.json,3636,6,6,8,16,2,16,1,4,16,BAM,LOA,true,true
beta_train_all.json,3637,4,4,8,16,2,16,1,4,16,BAM,HERLOA,true,true
beta_train_all.json,3638,4,4,8,7,2,16,1,4,16,UDM,MHEAA,true,true
beta_train_all.json,3639,6,6,16,5,8,16,1,4,16,DRUM_APTPU,HERLOA,false,true
beta_train_all.json,3640,6,6,8,7,2,16,1,4,16,DRUM_APTPU,APPROX5,true,true
beta_train_all.json,3641,16,16,32,32,12,16,1,4,16,DRUM_APTPU,MHEAA,true,true
beta_train_all.json,3642,4,4,32,8,4,16,1,4,16,DRUM_APTPU,MHEAA,true,true
beta_train_all.json,3643,32,32,8,5,5,16,1,4,16,DRUM_APTPU,SETA,true,true
beta_train_all.json,3644,4,4,16,7,3,16,1,4,16,DRUM_APTPU,HOAANED,true,true
beta_train_all.json,3645,4,4,32,5,6,16,1,4,16,DRUM_APTPU,OLOCA4,false,false
beta_train_all.json,3646,4,4,8,3,6,16,1,4,16,UDM,MHEAA,false,true
beta_train_all.json,3647,4,4,8,5,3,16,1,4,16,BAM,HEAA,true,true
beta_train_all.json,3648,8,8,16,5,6,16,1,4,16,DRUM_APTPU,LOAWA,false,true
beta_train_all.json,3649,4,4,32,8,12,16,1,4,16,BAM,HOERAA,false,true
beta_train_all.json,3650,16,16,32,6,2,16,1,4,16,DRUM_APTPU,LOA,true,true
beta_train_all.json,3651,4,4,32,7,4,16,1,4,16,BAM,LOAWA,true,true
beta_train_all.json,3652,32,32,16,4,4,16,1,4,16,DRUM_APTPU,MHEAA,true,true
beta_train_all.json,3653,4,4,8,6,10,16,1,4,16,BAM,HOAANED,false,true
beta_train_all.json,3654,32,32,16,16,3,16,1,4,16,DRUM_APTPU,OLOCA4,true,false
beta_train_all.json,3655,16,16,16,6,5,16,1,4,16,DRUM_APTPU,MHEAA,true,true
beta_train_all.json,3656,6,6,32,32,10,16,1,4,16,BAM,SETA,true,true
beta_train_all.json,3657,6,6,16,3,12,16,1,4,16,DRUM_APTPU,OLOCA4,false,false
beta_train_all.json,3658,4,4,16,7,12,16,1,4,16,BAM,OLOCA4,false,false
beta_train_all.json,3659,4,4,32,7,6,16,1,4,16,BAM,LOAWA,true,true
beta_train_all.json,3660,4,4,16,8,10,16,1,4,16,UDM,LZTA,false,true
beta_train_all.json,3661,32,32,32,32,8,16,1,4,16,DRUM_APTPU,LZTA,true,true
beta_train_all.json,3662,16,16,32,3,3,16,1,4,16,DRUM_APTPU,HERLOA,true,true
beta_train_all.json,3663,16,16,32,4,4,16,1,4,16,DRUM_APTPU,OLOCA4,true,false
beta_train_all.json,3664,4,4,16,7,12,16,1,4,16,DRUM_APTPU,LOAWA,false,true
beta_train_all.json,3665,6,6,8,5,6,16,1,4,16,DRUM_APTPU,SETA,false,true
beta_train_all.json,3666,4,4,8,8,5,16,1,4,16,UDM,OLOCA4,true,false
beta_train_all.json,3667,6,6,8,4,2,16,1,4,16,DRUM_APTPU,LOAWA,true,true
beta_train_all.json,3668,32,32,16,8,2,16,1,4,16,DRUM_APTPU,MHERLOA,true,true
beta_train_all.json,3669,16,16,16,5,2,16,1,4,16,DRUM_APTPU,SETA,true,true
beta_train_all.json,3670,6,6,32,8,3,16,1,4,16,BAM,MHEAA,true,true
beta_train_all.json,3671,6,6,16,6,10,16,1,4,16,BAM,LZTA,false,true
beta_train_all.json,3672,4,4,16,16,3,16,1,4,16,UDM,MHEAA,true,true
beta_train_all.json,3673,4,4,8,16,3,16,1,4,16,UDM,MHEAA,true,true
beta_train_all.json,3674,4,4,32,8,8,16,1,4,16,BAM,HOERAA,true,true
beta_train_all.json,3675,32,32,32,3,8,16,1,4,16,DRUM_APTPU,OLOCA4,false,false
beta_train_all.json,3676,6,6,16,6,5,16,1,4,16,DRUM_APTPU,MHERLOA,true,true
beta_train_all.json,3677,4,4,32,32,6,16,1,4,16,DRUM_APTPU,LOA,true,true
beta_train_all.json,3678,4,4,8,3,3,16,1,4,16,DRUM_APTPU,HOAANED,true,true
beta_train_all.json,3679,8,8,16,7,8,16,1,4,16,DRUM_APTPU,LOAWA,false,true
beta_train_all.json,3680,4,4,32,4,6,16,1,4,16,BAM,HEAA,false,true
beta_train_all.json,3681,6,6,32,7,10,16,1,4,16,DRUM_APTPU,HEAA,false,true
beta_train_all.json,3682,6,6,16,16,12,16,1,4,16,DRUM_APTPU,HERLOA,true,true
beta_train_all.json,3683,4,4,32,32,2,16,1,4,16,BAM,LZTA,true,true
beta_train_all.json,3684,6,6,32,7,3,16,1,4,16,BAM,MHERLOA,true,true
beta_train_all.json,3685,4,4,32,6,8,16,1,4,16,UDM,MHERLOA,false,true
beta_train_all.json,3686,4,4,8,32,6,16,1,4,16,UDM,HERLOA,true,true
beta_train_all.json,3687,4,4,8,16,6,16,1,4,16,DRUM_APTPU,HOAANED,true,true
beta_train_all.json,3688,4,4,8,32,5,16,1,4,16,BAM,HEAA,true,true
beta_train_all.json,3689,4,4,8,3,4,16,1,4,16,BAM,HOAANED,false,true
beta_train_all.json,3690,4,4,32,6,5,16,1,4,16,BAM,HOAANED,true,true
beta_train_all.json,3691,6,6,32,4,6,16,1,4,16,BAM,HERLOA,false,true
beta_train_all.json,3692,6,6,32,4,10,16,1,4,16,DRUM_APTPU,HOAANED,false,true
beta_train_all.json,3693,6,6,32,5,12,16,1,4,16,BAM,MHEAA,false,true
beta_train_all.json,3694,4,4,16,3,4,16,1,4,16,DRUM_APTPU,MHEAA,false,true
beta_train_all.json,3695,6,6,8,16,12,16,1,4,16,DRUM_APTPU,LOAWA,false,true
beta_train_all.json,3696,6,6,8,5,12,16,1,4,16,DRUM_APTPU,HEAA,false,true
beta_train_all.json,3697,4,4,16,32,8,16,1,4,16,BAM,HOERAA,true,true
beta_train_all.json,3698,4,4,8,16,6,16,1,4,16,DRUM_APTPU,HEAA,true,true
beta_train_all.json,3699,8,8,8,32,12,16,1,4,16,DRUM_APTPU,MHEAA,false,true
beta_train_all.json,3700,32,32,8,16,5,16,1,4,16,DRUM_APTPU,HERLOA,true,true
beta_train_all.json,3701,8,8,16,32,8,16,1,4,16,DRUM_APTPU,HEAA,true,true
beta_train_all.json,3702,6,6,16,16,8,16,1,4,16,BAM,MHEAA,true,true
beta_train_all.json,3703,4,4,32,8,12,16,1,4,16,DRUM_APTPU,HERLOA,false,true
beta_train_all.json,3704,6,6,8,16,2,16,1,4,16,BAM,MHERLOA,true,true
beta_train_all.json,3705,4,4,8,8,2,16,1,4,16,DRUM_APTPU,LOAWA,true,true
beta_train_all.json,3706,6,6,8,6,12,16,1,4,16,BAM,MHEAA,false,true
beta_train_all.json,3707,8,8,16,16,5,16,1,4,16,BAM,HERLOA,true,true
beta_train_all.json,3708,6,6,16,6,8,16,1,4,16,DRUM_APTPU,LZTA,false,true
beta_train_all.json,3709,8,8,16,6,5,16,1,4,16,BAM,OLOCA4,true,false
beta_train_all.json,3710,8,8,32,5,2,16,1,4,16,BAM,HERLOA,true,true
beta_train_all.json,3711,8,8,16,4,3,16,1,4,16,DRUM_APTPU,HERLOA,true,true
beta_train_all.json,3712,6,6,32,16,3,16,1,4,16,DRUM_APTPU,HOAANED,true,true
beta_train_all.json,3713,6,6,16,3,8,16,1,4,16,DRUM_APTPU,HOERAA,false,true
beta_train_all.json,3714,6,6,8,8,12,16,1,4,16,DRUM_APTPU,LOA,false,true
beta_train_all.json,3715,16,16,8,3,4,16,1,4,16,DRUM_APTPU,OLOCA4,false,false
beta_train_all.json,3716,4,4,16,7,3,16,1,4,16,BAM,SETA,true,true
beta_train_all.json,3717,4,4,16,6,6,16,1,4,16,DRUM_APTPU,OLOCA4,true,false
beta_train_all.json,3718,6,6,32,8,10,16,1,4,16,DRUM_APTPU,LZTA,false,true
beta_train_all.json,3719,8,8,16,4,10,16,1,4,16,DRUM_APTPU,LOAWA,false,true
beta_train_all.json,3720,4,4,8,8,6,16,1,4,16,DRUM_APTPU,HOERAA,true,true
beta_train_all.json,3721,8,8,8,4,6,16,1,4,16,DRUM_APTPU,HERLOA,false,true
beta_train_all.json,3722,4,4,32,7,10,16,1,4,16,BAM,LOAWA,false,true
beta_train_all.json,3723,4,4,8,6,5,16,1,4,16,DRUM_APTPU,LZTA,true,true
beta_train_all.json,3724,4,4,32,7,10,16,1,4,16,BAM,HOERAA,false,true
beta_train_all.json,3725,6,6,32,32,6,16,1,4,16,DRUM_APTPU,HOERAA,true,true
beta_train_all.json,3726,4,4,32,6,2,16,1,4,16,BAM,MHEAA,true,true
beta_train_all.json,3727,8,8,8,7,3,16,1,4,16,DRUM_APTPU,LZTA,true,true
beta_train_all.json,3728,8,8,8,32,10,16,1,4,16,DRUM_APTPU,HOERAA,false,true
beta_train_all.json,3729,4,4,16,4,10,16,1,4,16,BAM,MHEAA,false,true
beta_train_all.json,3730,6,6,8,32,10,16,1,4,16,BAM,LOA,false,true
beta_train_all.json,3731,6,6,8,3,12,16,1,4,16,BAM,HERLOA,false,true
beta_train_all.json,3732,4,4,32,4,6,16,1,4,16,UDM,MHEAA,false,true
beta_train_all.json,3733,6,6,32,8,6,16,1,4,16,BAM,LOAWA,true,true
beta_train_all.json,3734,4,4,32,32,5,16,1,4,16,DRUM_APTPU,LZTA,true,true
beta_train_all.json,3735,6,6,8,6,12,16,1,4,16,DRUM_APTPU,MHEAA,false,true
beta_train_all.json,3736,4,4,32,6,12,16,1,4,16,BAM,SETA,false,true
beta_train_all.json,3737,4,4,16,6,3,16,1,4,16,BAM,OLOCA4,true,false
beta_train_all.json,3738,4,4,8,3,8,16,1,4,16,DRUM_APTPU,HEAA,false,true
beta_train_all.json,3739,16,16,16,4,8,16,1,4,16,DRUM_APTPU,OLOCA4,false,false
beta_train_all.json,3740,8,8,32,3,4,16,1,4,16,DRUM_APTPU,MHEAA,false,true
beta_train_all.json,3741,8,8,16,4,2,16,1,4,16,DRUM_APTPU,LOA,true,true
beta_train_all.json,3742,8,8,16,6,4,16,1,4,16,BAM,OLOCA4,true,false
beta_train_all.json,3743,4,4,16,3,8,16,1,4,16,BAM,HERLOA,false,true
beta_train_all.json,3744,4,4,16,3,12,16,1,4,16,BAM,HOAANED,false,true
beta_train_all.json,3745,4,4,32,6,12,16,1,4,16,BAM,HERLOA,false,true
beta_train_all.json,3746,6,6,8,4,8,16,1,4,16,DRUM_APTPU,HEAA,false,true
beta_train_all.json,3747,4,4,8,4,5,16,1,4,16,UDM,HERLOA,false,true
beta_train_all.json,3748,6,6,32,4,6,16,1,4,16,DRUM_APTPU,HOERAA,false,true
beta_train_all.json,3749,32,32,16,32,2,16,1,4,16,DRUM_APTPU,OLOCA4,true,false
beta_train_all.json,3750,8,8,8,4,3,16,1,4,16,DRUM_APTPU,SETA,true,true
beta_train_all.json,3751,4,4,32,32,4,16,1,4,16,DRUM_APTPU,SETA,true,true
beta_train_all.json,3752,32,32,16,16,8,16,1,4,16,DRUM_APTPU,LZTA,true,true
beta_train_all.json,3753,4,4,32,3,6,16,1,4,16,BAM,HEAA,false,true
beta_train_all.json,3754,4,4,32,3,12,16,1,4,16,DRUM_APTPU,HOERAA,false,true
beta_train_all.json,3755,6,6,16,32,6,16,1,4,16,BAM,SETA,true,true
beta_train_all.json,3756,4,4,8,8,6,16,1,4,16,BAM,LZTA,true,true
beta_train_all.json,3757,6,6,16,32,12,16,1,4,16,DRUM_APTPU,LOA,true,true
beta_train_all.json,3758,6,6,32,3,10,16,1,4,16,BAM,HERLOA,false,true
beta_train_all.json,3759,6,6,8,7,2,16,1,4,16,DRUM_APTPU,LZTA,true,true
beta_train_all.json,3760,16,16,8,32,2,16,1,4,16,DRUM_APTPU,LOAWA,true,true
beta_train_all.json,3761,6,6,16,3,5,16,1,4,16,DRUM_APTPU,HERLOA,false,true
beta_train_all.json,3762,4,4,16,16,3,16,1,4,16,DRUM_APTPU,OLOCA4,true,false
beta_train_all.json,3763,4,4,16,16,3,16,1,4,16,DRUM_APTPU,MHEAA,true,true
beta_train_all.json,3764,8,8,8,16,2,16,1,4,16,BAM,OLOCA4,true,false
beta_train_all.json,3765,8,8,16,16,3,16,1,4,16,DRUM_APTPU,HEAA,true,true
beta_train_all.json,3766,6,6,16,6,2,16,1,4,16,DRUM_APTPU,HOAANED,true,true
beta_train_all.json,3767,32,32,16,3,2,16,1,4,16,DRUM_APTPU,SETA,true,true
beta_train_all.json,3768,4,4,32,4,4,16,1,4,16,BAM,LOA,true,true
beta_train_all.json,3769,16,16,8,6,10,16,1,4,16,DRUM_APTPU,OLOCA4,false,false
beta_train_all.json,3770,16,16,16,3,2,16,1,4,16,DRUM_APTPU,LOAWA,true,true
beta_train_all.json,3771,6,6,16,5,10,16,1,4,16,BAM,SETA,false,true
beta_train_all.json,3772,16,16,8,7,8,16,1,4,16,DRUM_APTPU,HERLOA,false,true
beta_train_all.json,3773,4,4,16,16,2,16,1,4,16,BAM,HOERAA,true,true
beta_train_all.json,3774,16,16,8,7,6,16,1,4,16,DRUM_APTPU,SETA,true,true
beta_train_all.json,3775,8,8,32,4,4,16,1,4,16,DRUM_APTPU,HOAANED,true,true
beta_train_all.json,3776,6,6,16,32,5,16,1,4,16,DRUM_APTPU,HOAANED,true,true
beta_train_all.json,3777,16,16,32,3,10,16,1,4,16,DRUM_APTPU,MHERLOA,false,true
beta_train_all.json,3778,8,8,32,6,4,16,1,4,16,DRUM_APTPU,APPROX5,true,true
beta_train_all.json,3779,8,8,16,5,12,16,1,4,16,DRUM_APTPU,LOA,false,true
beta_train_all.json,3780,8,8,8,32,6,16,1,4,16,DRUM_APTPU,SETA,true,true
beta_train_all.json,3781,16,16,8,6,12,16,1,4,16,DRUM_APTPU,MHERLOA,false,true
beta_train_all.json,3782,8,8,16,32,5,16,1,4,16,DRUM_APTPU,LOAWA,true,true
beta_train_all.json,3783,4,4,16,7,6,16,1,4,16,DRUM_APTPU,SETA,true,true
beta_train_all.json,3784,16,16,8,3,6,16,1,4,16,DRUM_APTPU,MHERLOA,false,true
beta_train_all.json,3785,16,16,32,4,4,16,1,4,16,DRUM_APTPU,SETA,true,true
beta_train_all.json,3786,8,8,32,3,2,16,1,4,16,DRUM_APTPU,HOERAA,true,true
beta_train_all.json,3787,8,8,16,5,12,16,1,4,16,DRUM_APTPU,HOERAA,false,true
beta_train_all.json,3788,8,8,16,5,6,16,1,4,16,DRUM_APTPU,OLOCA4,false,false
beta_train_all.json,3789,6,6,16,6,2,16,1,4,16,DRUM_APTPU,HERLOA,true,true
beta_train_all.json,3790,4,4,16,32,8,16,1,4,16,UDM,SETA,true,true
beta_train_all.json,3791,8,8,16,16,6,16,1,4,16,DRUM_APTPU,OLOCA4,true,false
beta_train_all.json,3792,4,4,32,3,10,16,1,4,16,BAM,LOA,false,true
beta_train_all.json,3793,4,4,8,5,8,16,1,4,16,UDM,LZTA,false,true
beta_train_all.json,3794,8,8,8,7,3,16,1,4,16,DRUM_APTPU,HERLOA,true,true
beta_train_all.json,3795,6,6,16,32,5,16,1,4,16,DRUM_APTPU,LOA,true,true
beta_train_all.json,3796,4,4,8,32,10,16,1,4,16,DRUM_APTPU,OLOCA4,false,false
beta_train_all.json,3797,4,4,8,6,12,16,1,4,16,DRUM_APTPU,OLOCA4,false,false
beta_train_all.json,3798,6,6,16,6,3,16,1,4,16,DRUM_APTPU,SETA,true,true
beta_train_all.json,3799,4,4,8,3,10,16,1,4,16,UDM,HERLOA,false,true
beta_train_all.json,3800,8,8,16,5,2,16,1,4,16,DRUM_APTPU,MHEAA,true,true
beta_train_all.json,3801,8,8,8,3,2,16,1,4,16,DRUM_APTPU,SETA,true,true
beta_train_all.json,3802,8,8,16,4,4,16,1,4,16,DRUM_APTPU,MHERLOA,true,true
beta_train_all.json,3803,16,16,16,7,8,16,1,4,16,DRUM_APTPU,LZTA,false,true
beta_train_all.json,3804,4,4,16,7,8,16,1,4,16,UDM,OLOCA4,false,false
beta_train_all.json,3805,8,8,32,4,6,16,1,4,16,DRUM_APTPU,LOAWA,false,true
beta_train_all.json,3806,8,8,8,8,2,16,1,4,16,DRUM_APTPU,SETA,true,true
beta_train_all.json,3807,6,6,32,5,10,16,1,4,16,DRUM_APTPU,OLOCA4,false,false
beta_train_all.json,3808,4,4,32,32,6,16,1,4,16,BAM,LOAWA,true,true
beta_train_all.json,3809,4,4,8,7,4,16,1,4,16,DRUM_APTPU,HERLOA,true,true
beta_train_all.json,3810,8,8,8,5,12,16,1,4,16,DRUM_APTPU,LOAWA,false,true
beta_train_all.json,3811,8,8,8,16,6,16,1,4,16,DRUM_APTPU,APPROX5,true,true
beta_train_all.json,3812,8,8,16,16,8,16,1,4,16,BAM,SETA,true,true
beta_train_all.json,3813,8,8,8,32,12,16,1,4,16,BAM,HERLOA,false,true
beta_train_all.json,3814,4,4,8,6,4,16,1,4,16,DRUM_APTPU,HOERAA,true,true
beta_train_all.json,3815,6,6,32,32,10,16,1,4,16,DRUM_APTPU,MHERLOA,true,true
beta_train_all.json,3816,32,32,8,32,3,16,1,4,16,DRUM_APTPU,HERLOA,true,true
beta_train_all.json,3817,4,4,32,32,10,16,1,4,16,DRUM_APTPU,SETA,true,true
beta_train_all.json,3818,4,4,8,3,3,16,1,4,16,UDM,HERLOA,true,true
beta_train_all.json,3819,6,6,16,16,5,16,1,4,16,BAM,LOA,true,true
beta_train_all.json,3820,16,16,16,16,5,16,1,4,16,DRUM_APTPU,LOA,true,true
beta_train_all.json,3821,4,4,32,32,12,16,1,4,16,BAM,HOAANED,true,true
beta_train_all.json,3822,4,4,16,7,5,16,1,4,16,UDM,HERLOA,true,true
beta_train_all.json,3823,4,4,32,4,5,16,1,4,16,UDM,HERLOA,false,true
beta_train_all.json,3824,32,32,8,6,10,16,1,4,16,DRUM_APTPU,LZTA,false,true
beta_train_all.json,3825,4,4,32,16,4,16,1,4,16,DRUM_APTPU,LOAWA,true,true
beta_train_all.json,3826,8,8,16,5,12,16,1,4,16,DRUM_APTPU,HOAANED,false,true
beta_train_all.json,3827,8,8,32,8,2,16,1,4,16,DRUM_APTPU,APPROX5,true,true
beta_train_all.json,3828,6,6,32,3,3,16,1,4,16,DRUM_APTPU,APPROX5,true,true
beta_train_all.json,3829,32,32,8,32,3,16,1,4,16,DRUM_APTPU,OLOCA4,true,false
beta_train_all.json,3830,8,8,16,16,5,16,1,4,16,DRUM_APTPU,HOERAA,true,true
beta_train_all.json,3831,6,6,16,16,2,16,1,4,16,DRUM_APTPU,LOA,true,true
beta_train_all.json,3832,4,4,8,6,8,16,1,4,16,UDM,LZTA,false,true
beta_train_all.json,3833,8,8,32,16,5,16,1,4,16,BAM,SETA,true,true
beta_train_all.json,3834,6,6,16,32,10,16,1,4,16,BAM,LZTA,true,true
beta_train_all.json,3835,4,4,16,6,10,16,1,4,16,BAM,MHERLOA,false,true
beta_train_all.json,3836,6,6,32,32,10,16,1,4,16,BAM,LZTA,true,true
beta_train_all.json,3837,6,6,32,8,2,16,1,4,16,BAM,SETA,true,true
beta_train_all.json,3838,4,4,32,16,12,16,1,4,16,BAM,HOERAA,true,true
beta_train_all.json,3839,4,4,32,5,3,16,1,4,16,DRUM_APTPU,LOA,true,true
beta_train_all.json,3840,4,4,32,5,6,16,1,4,16,DRUM_APTPU,LOAWA,false,true
beta_train_all.json,3841,6,6,8,3,3,16,1,4,16,BAM,MHERLOA,true,true
beta_train_all.json,3842,4,4,8,6,3,16,1,4,16,DRUM_APTPU,HEAA,true,true
beta_train_all.json,3843,4,4,32,8,10,16,1,4,16,BAM,HEAA,false,true
beta_train_all.json,3844,4,4,16,4,3,16,1,4,16,BAM,APPROX5,true,true
beta_train_all.json,3845,6,6,16,7,12,16,1,4,16,BAM,OLOCA4,false,false
beta_train_all.json,3846,6,6,8,8,3,16,1,4,16,BAM,LZTA,true,true
beta_train_all.json,3847,6,6,32,16,8,16,1,4,16,DRUM_APTPU,APPROX5,true,true
beta_train_all.json,3848,16,16,16,7,3,16,1,4,16,DRUM_APTPU,LOA,true,true
beta_train_all.json,3849,8,8,32,8,12,16,1,4,16,DRUM_APTPU,OLOCA4,false,false
beta_train_all.json,3850,6,6,32,7,5,16,1,4,16,BAM,HERLOA,true,true
beta_train_all.json,3851,6,6,32,8,10,16,1,4,16,DRUM_APTPU,HERLOA,false,true
beta_train_all.json,3852,8,8,32,7,12,16,1,4,16,DRUM_APTPU,HEAA,false,true
beta_train_all.json,3853,4,4,16,32,5,16,1,4,16,DRUM_APTPU,OLOCA4,true,false
beta_train_all.json,3854,4,4,8,7,4,16,1,4,16,BAM,OLOCA4,true,false
beta_train_all.json,3855,4,4,16,4,10,16,1,4,16,BAM,APPROX5,false,true
beta_train_all.json,3856,4,4,8,8,5,16,1,4,16,BAM,LOAWA,true,true
beta_train_all.json,3857,4,4,16,8,2,16,1,4,16,DRUM_APTPU,HERLOA,true,true
beta_train_all.json,3858,4,4,32,4,2,16,1,4,16,DRUM_APTPU,SETA,true,true
beta_train_all.json,3859,4,4,16,5,10,16,1,4,16,DRUM_APTPU,LOA,false,true
beta_train_all.json,3860,6,6,8,5,4,16,1,4,16,DRUM_APTPU,HOERAA,true,true
beta_train_all.json,3861,4,4,8,4,10,16,1,4,16,BAM,SETA,false,true
beta_train_all.json,3862,4,4,32,7,2,16,1,4,16,BAM,LOAWA,true,true
beta_train_all.json,3863,6,6,32,16,3,16,1,4,16,BAM,SETA,true,true
beta_train_all.json,3864,6,6,32,7,5,16,1,4,16,BAM,LOA,true,true
beta_train_all.json,3865,16,16,32,32,5,16,1,4,16,DRUM_APTPU,LOA,true,true
beta_train_all.json,3866,4,4,16,4,3,16,1,4,16,UDM,MHEAA,true,true
beta_train_all.json,3867,8,8,16,16,5,16,1,4,16,BAM,OLOCA4,true,false
beta_train_all.json,3868,6,6,8,16,6,16,1,4,16,DRUM_APTPU,OLOCA4,true,false
beta_train_all.json,3869,16,16,8,5,6,16,1,4,16,DRUM_APTPU,HOERAA,false,true
beta_train_all.json,3870,16,16,32,4,5,16,1,4,16,DRUM_APTPU,OLOCA4,false,false
beta_train_all.json,3871,4,4,32,6,12,16,1,4,16,DRUM_APTPU,HOAANED,false,true
beta_train_all.json,3872,4,4,32,6,10,16,1,4,16,DRUM_APTPU,OLOCA4,false,false
beta_train_all.json,3873,6,6,8,4,6,16,1,4,16,DRUM_APTPU,OLOCA4,false,false
beta_train_all.json,3874,16,16,16,8,3,16,1,4,16,DRUM_APTPU,SETA,true,true
beta_train_all.json,3875,6,6,32,7,4,16,1,4,16,BAM,SETA,true,true
beta_train_all.json,3876,8,8,32,32,2,16,1,4,16,DRUM_APTPU,OLOCA4,true,false
beta_train_all.json,3877,4,4,32,5,8,16,1,4,16,DRUM_APTPU,APPROX5,false,true
beta_train_all.json,3878,16,16,16,5,8,16,1,4,16,DRUM_APTPU,HERLOA,false,true
beta_train_all.json,3879,8,8,16,4,8,16,1,4,16,DRUM_APTPU,SETA,false,true
beta_train_all.json,3880,4,4,32,5,6,16,1,4,16,DRUM_APTPU,SETA,false,true
beta_train_all.json,3881,6,6,32,16,12,16,1,4,16,BAM,LOAWA,true,true
beta_train_all.json,3882,8,8,32,5,10,16,1,4,16,DRUM_APTPU,OLOCA4,false,false
beta_train_all.json,3883,6,6,8,32,6,16,1,4,16,DRUM_APTPU,HEAA,true,true
beta_train_all.json,3884,32,32,8,4,5,16,1,4,16,DRUM_APTPU,LOAWA,false,true
beta_train_all.json,3885,32,32,32,7,5,16,1,4,16,DRUM_APTPU,MHERLOA,true,true
beta_train_all.json,3886,4,4,32,3,4,16,1,4,16,UDM,HERLOA,false,true
beta_train_all.json,3887,4,4,16,7,10,16,1,4,16,BAM,SETA,false,true
beta_train_all.json,3888,4,4,8,16,2,16,1,4,16,BAM,HOAANED,true,true
beta_train_all.json,3889,6,6,32,32,5,16,1,4,16,DRUM_APTPU,HOAANED,true,true
beta_train_all.json,3890,16,16,16,32,12,16,1,4,16,DRUM_APTPU,MHERLOA,true,true
beta_train_all.json,3891,6,6,16,4,2,16,1,4,16,DRUM_APTPU,HOERAA,true,true
beta_train_all.json,3892,16,16,32,4,8,16,1,4,16,DRUM_APTPU,MHEAA,false,true
beta_train_all.json,3893,4,4,32,8,8,16,1,4,16,BAM,MHERLOA,true,true
beta_train_all.json,3894,6,6,16,6,2,16,1,4,16,DRUM_APTPU,LZTA,true,true
beta_train_all.json,3895,8,8,32,32,6,16,1,4,16,DRUM_APTPU,HOERAA,true,true
beta_train_all.json,3896,6,6,16,5,6,16,1,4,16,DRUM_APTPU,APPROX5,false,true
beta_train_all.json,3897,6,6,16,8,8,16,1,4,16,BAM,LOA,true,true
beta_train_all.json,3898,4,4,16,32,3,16,1,4,16,BAM,HOERAA,true,true
beta_train_all.json,3899,6,6,16,5,8,16,1,4,16,DRUM_APTPU,APPROX5,false,true
beta_train_all.json,3900,4,4,16,6,2,16,1,4,16,UDM,LZTA,true,true
beta_train_all.json,3901,6,6,32,8,5,16,1,4,16,BAM,LOAWA,true,true
beta_train_all.json,3902,4,4,16,8,12,16,1,4,16,BAM,LOA,false,true
beta_train_all.json,3903,6,6,8,5,6,16,1,4,16,DRUM_APTPU,LZTA,false,true
beta_train_all.json,3904,6,6,32,4,2,16,1,4,16,DRUM_APTPU,HERLOA,true,true
beta_train_all.json,3905,16,16,8,16,6,16,1,4,16,DRUM_APTPU,HERLOA,true,true
beta_train_all.json,3906,8,8,8,3,3,16,1,4,16,BAM,OLOCA4,true,false
beta_train_all.json,3907,4,4,16,7,4,16,1,4,16,UDM,MHEAA,true,true
beta_train_all.json,3908,4,4,8,32,12,16,1,4,16,DRUM_APTPU,HOAANED,false,true
beta_train_all.json,3909,4,4,16,5,12,16,1,4,16,DRUM_APTPU,HOAANED,false,true
beta_train_all.json,3910,6,6,8,16,2,16,1,4,16,DRUM_APTPU,HOERAA,true,true
beta_train_all.json,3911,4,4,8,7,6,16,1,4,16,BAM,MHEAA,true,true
beta_train_all.json,3912,32,32,8,5,2,16,1,4,16,DRUM_APTPU,SETA,true,true
beta_train_all.json,3913,4,4,16,16,4,16,1,4,16,BAM,HOERAA,true,true
beta_train_all.json,3914,4,4,8,8,5,16,1,4,16,BAM,HOAANED,true,true
beta_train_all.json,3915,6,6,32,3,5,16,1,4,16,DRUM_APTPU,OLOCA4,false,false
beta_train_all.json,3916,6,6,16,3,5,16,1,4,16,DRUM_APTPU,MHERLOA,false,true
beta_train_all.json,3917,8,8,16,8,3,16,1,4,16,DRUM_APTPU,LOAWA,true,true
beta_train_all.json,3918,32,32,8,8,6,16,1,4,16,DRUM_APTPU,HERLOA,true,true
beta_train_all.json,3919,8,8,32,6,6,16,1,4,16,DRUM_APTPU,OLOCA4,true,false
beta_train_all.json,3920,8,8,16,8,3,16,1,4,16,DRUM_APTPU,LZTA,true,true
beta_train_all.json,3921,8,8,8,16,10,16,1,4,16,DRUM_APTPU,HERLOA,false,true
beta_train_all.json,3922,4,4,32,4,5,16,1,4,16,BAM,HOAANED,false,true
beta_train_all.json,3923,4,4,32,6,10,16,1,4,16,BAM,OLOCA4,false,false
beta_train_all.json,3924,6,6,8,7,2,16,1,4,16,BAM,HOERAA,true,true
beta_train_all.json,3925,8,8,8,5,5,16,1,4,16,DRUM_APTPU,LOA,true,true
beta_train_all.json,3926,4,4,8,16,8,16,1,4,16,UDM,MHERLOA,true,true
beta_train_all.json,3927,8,8,8,5,2,16,1,4,16,BAM,HERLOA,true,true
beta_train_all.json,3928,6,6,8,3,5,16,1,4,16,BAM,SETA,false,true
beta_train_all.json,3929,8,8,16,16,4,16,1,4,16,DRUM_APTPU,MHERLOA,true,true
beta_train_all.json,3930,16,16,32,16,2,16,1,4,16,DRUM_APTPU,OLOCA4,true,false
beta_train_all.json,3931,8,8,32,3,8,16,1,4,16,DRUM_APTPU,HEAA,false,true
beta_train_all.json,3932,4,4,16,7,4,16,1,4,16,DRUM_APTPU,LZTA,true,true
beta_train_all.json,3933,8,8,16,8,12,16,1,4,16,DRUM_APTPU,SETA,false,true
beta_train_all.json,3934,6,6,16,3,8,16,1,4,16,DRUM_APTPU,HERLOA,false,true
beta_train_all.json,3935,4,4,16,5,2,16,1,4,16,DRUM_APTPU,HEAA,true,true
beta_train_all.json,3936,16,16,16,16,8,16,1,4,16,DRUM_APTPU,MHEAA,true,true
beta_train_all.json,3937,4,4,8,8,12,16,1,4,16,DRUM_APTPU,LOAWA,false,true
beta_train_all.json,3938,4,4,32,3,8,16,1,4,16,DRUM_APTPU,HOERAA,false,true
beta_train_all.json,3939,6,6,8,8,4,16,1,4,16,DRUM_APTPU,LOA,true,true
beta_train_all.json,3940,16,16,16,4,4,16,1,4,16,DRUM_APTPU,LZTA,true,true
beta_train_all.json,3941,4,4,16,3,6,16,1,4,16,DRUM_APTPU,LOAWA,false,true
beta_train_all.json,3942,8,8,16,3,4,16,1,4,16,DRUM_APTPU,MHEAA,false,true
beta_train_all.json,3943,4,4,16,3,2,16,1,4,16,DRUM_APTPU,LOA,true,true
beta_train_all.json,3944,8,8,16,16,6,16,1,4,16,BAM,HERLOA,true,true
beta_train_all.json,3945,4,4,32,4,3,16,1,4,16,DRUM_APTPU,HERLOA,true,true
beta_train_all.json,3946,16,16,32,5,6,16,1,4,16,DRUM_APTPU,MHERLOA,false,true
beta_train_all.json,3947,8,8,16,3,6,16,1,4,16,DRUM_APTPU,OLOCA4,false,false
beta_train_all.json,3948,8,8,32,16,2,16,1,4,16,DRUM_APTPU,HEAA,true,true
beta_train_all.json,3949,8,8,8,7,4,16,1,4,16,BAM,OLOCA4,true,false
beta_train_all.json,3950,8,8,32,4,5,16,1,4,16,DRUM_APTPU,APPROX5,false,true
beta_train_all.json,3951,8,8,16,32,2,16,1,4,16,DRUM_APTPU,LZTA,true,true
beta_train_all.json,3952,4,4,8,16,12,16,1,4,16,DRUM_APTPU,MHERLOA,false,true
beta_train_all.json,3953,4,4,16,16,12,16,1,4,16,DRUM_APTPU,APPROX5,true,true
beta_train_all.json,3954,4,4,32,32,4,16,1,4,16,DRUM_APTPU,HOAANED,true,true
beta_train_all.json,3955,8,8,32,3,4,16,1,4,16,DRUM_APTPU,SETA,false,true
beta_train_all.json,3956,4,4,16,3,8,16,1,4,16,BAM,HEAA,false,true
beta_train_all.json,3957,4,4,8,8,5,16,1,4,16,BAM,HOERAA,true,true
beta_train_all.json,3958,6,6,32,4,4,16,1,4,16,BAM,LOAWA,true,true
beta_train_all.json,3959,6,6,16,6,8,16,1,4,16,DRUM_APTPU,OLOCA4,false,false
beta_train_all.json,3960,8,8,8,16,3,16,1,4,16,BAM,SETA,true,true
beta_train_all.json,3961,6,6,16,32,5,16,1,4,16,BAM,OLOCA4,true,false
beta_train_all.json,3962,4,4,8,7,4,16,1,4,16,DRUM_APTPU,SETA,true,true
beta_train_all.json,3963,4,4,32,7,2,16,1,4,16,DRUM_APTPU,MHERLOA,true,true
beta_train_all.json,3964,8,8,16,7,2,16,1,4,16,DRUM_APTPU,APPROX5,true,true
beta_train_all.json,3965,4,4,8,6,3,16,1,4,16,DRUM_APTPU,LOAWA,true,true
beta_train_all.json,3966,4,4,32,5,4,16,1,4,16,BAM,MHEAA,true,true
beta_train_all.json,3967,4,4,8,7,10,16,1,4,16,UDM,OLOCA4,false,false
beta_train_all.json,3968,6,6,8,7,6,16,1,4,16,DRUM_APTPU,SETA,true,true
beta_train_all.json,3969,6,6,8,5,3,16,1,4,16,BAM,HOERAA,true,true
beta_train_all.json,3970,4,4,8,7,3,16,1,4,16,DRUM_APTPU,HOERAA,true,true
beta_train_all.json,3971,6,6,8,5,3,16,1,4,16,DRUM_APTPU,MHEAA,true,true
beta_train_all.json,3972,6,6,16,3,10,16,1,4,16,DRUM_APTPU,HOAANED,false,true
beta_train_all.json,3973,4,4,8,5,2,16,1,4,16,DRUM_APTPU,APPROX5,true,true
beta_train_all.json,3974,6,6,32,32,10,16,1,4,16,DRUM_APTPU,HERLOA,true,true
beta_train_all.json,3975,32,32,8,8,10,16,1,4,16,DRUM_APTPU,SETA,false,true
beta_train_all.json,3976,6,6,8,6,5,16,1,4,16,DRUM_APTPU,HEAA,true,true
beta_train_all.json,3977,16,16,8,5,4,16,1,4,16,DRUM_APTPU,SETA,true,true
beta_train_all.json,3978,4,4,8,7,8,16,1,4,16,UDM,LZTA,false,true
beta_train_all.json,3979,4,4,8,5,12,16,1,4,16,BAM,HOERAA,false,true
beta_train_all.json,3980,4,4,32,3,3,16,1,4,16,UDM,LZTA,true,true
beta_train_all.json,3981,6,6,8,4,2,16,1,4,16,BAM,HOERAA,true,true
beta_train_all.json,3982,8,8,8,3,8,16,1,4,16,DRUM_APTPU,LOAWA,false,true
beta_train_all.json,3983,4,4,8,4,10,16,1,4,16,UDM,MHERLOA,false,true
beta_train_all.json,3984,8,8,16,8,10,16,1,4,16,DRUM_APTPU,LOA,false,true
beta_train_all.json,3985,6,6,32,5,12,16,1,4,16,DRUM_APTPU,OLOCA4,false,false
beta_train_all.json,3986,8,8,32,5,3,16,1,4,16,DRUM_APTPU,LOAWA,true,true
beta_train_all.json,3987,6,6,32,4,12,16,1,4,16,DRUM_APTPU,HEAA,false,true
beta_train_all.json,3988,4,4,8,6,2,16,1,4,16,BAM,LOA,true,true
beta_train_all.json,3989,4,4,8,7,8,16,1,4,16,BAM,HOERAA,false,true
beta_train_all.json,3990,4,4,32,16,5,16,1,4,16,DRUM_APTPU,HOAANED,true,true
beta_train_all.json,3991,6,6,8,3,6,16,1,4,16,DRUM_APTPU,LZTA,false,true
beta_train_all.json,3992,16,16,8,16,4,16,1,4,16,DRUM_APTPU,LOAWA,true,true
beta_train_all.json,3993,4,4,32,4,8,16,1,4,16,DRUM_APTPU,OLOCA4,false,false
beta_train_all.json,3994,4,4,32,7,5,16,1,4,16,BAM,APPROX5,true,true
beta_train_all.json,3995,4,4,32,7,12,16,1,4,16,BAM,LZTA,false,true
beta_train_all.json,3996,6,6,32,8,10,16,1,4,16,BAM,LOA,false,true
beta_train_all.json,3997,16,16,32,3,8,16,1,4,16,DRUM_APTPU,MHEAA,false,true
beta_train_all.json,3998,16,16,32,32,10,16,1,4,16,DRUM_APTPU,OLOCA4,true,false
beta_train_all.json,3999,4,4,16,7,12,16,1,4,16,UDM,SETA,false,true
beta_train_all.json,4000,32,32,32,16,8,16,1,4,16,DRUM_APTPU,MHEAA,true,true
beta_test_all.json,1,4,4,8,7,4,16,1,4,16,DRUM_APTPU,HOAANED,true,true
beta_test_all.json,2,6,6,8,32,2,16,1,4,16,DRUM_APTPU,LOAWA,true,true
beta_test_all.json,3,6,6,32,3,10,16,1,4,16,DRUM_APTPU,MHEAA,false,true
beta_test_all.json,4,6,6,32,6,5,16,1,4,16,DRUM_APTPU,LOAWA,true,true
beta_test_all.json,5,6,6,32,3,6,16,1,4,16,DRUM_APTPU,LOA,false,true
beta_test_all.json,6,4,4,32,6,4,16,1,4,16,UDM,MHEAA,true,true
beta_test_all.json,7,4,4,8,7,5,16,1,4,16,DRUM_APTPU,HEAA,true,true
beta_test_all.json,8,16,16,16,7,3,16,1,4,16,DRUM_APTPU,SETA,true,true
beta_test_all.json,9,6,6,32,16,4,16,1,4,16,BAM,LOA,true,true
beta_test_all.json,10,4,4,32,5,2,16,1,4,16,BAM,HOERAA,true,true
beta_test_all.json,11,16,16,16,8,2,16,1,4,16,DRUM_APTPU,LZTA,true,true
beta_test_all.json,12,8,8,16,32,8,16,1,4,16,DRUM_APTPU,LZTA,true,true
beta_test_all.json,13,4,4,16,8,6,16,1,4,16,DRUM_APTPU,MHEAA,true,true
beta_test_all.json,14,16,16,32,5,12,16,1,4,16,DRUM_APTPU,MHEAA,false,true
beta_test_all.json,15,4,4,8,32,2,16,1,4,16,UDM,MHEAA,true,true
beta_test_all.json,16,4,4,8,6,2,16,1,4,16,UDM,HERLOA,true,true
beta_test_all.json,17,16,16,32,6,3,16,1,4,16,DRUM_APTPU,MHEAA,true,true
beta_test_all.json,18,8,8,32,6,5,16,1,4,16,DRUM_APTPU,MHEAA,true,true
beta_test_all.json,19,4,4,8,3,3,16,1,4,16,BAM,MHERLOA,true,true
beta_test_all.json,20,8,8,8,7,3,16,1,4,16,BAM,OLOCA4,true,false
beta_test_all.json,21,4,4,32,3,2,16,1,4,16,BAM,HOERAA,true,true
beta_test_all.json,22,4,4,16,32,2,16,1,4,16,BAM,LOA,true,true
beta_test_all.json,23,32,32,32,3,12,16,1,4,16,DRUM_APTPU,OLOCA4,false,false
beta_test_all.json,24,4,4,32,7,3,16,1,4,16,BAM,HERLOA,true,true
beta_test_all.json,25,16,16,32,6,5,16,1,4,16,DRUM_APTPU,LOAWA,true,true
beta_test_all.json,26,8,8,8,6,4,16,1,4,16,DRUM_APTPU,MHEAA,true,true
beta_test_all.json,27,16,16,32,4,10,16,1,4,16,DRUM_APTPU,OLOCA4,false,false
beta_test_all.json,28,8,8,32,7,2,16,1,4,16,DRUM_APTPU,LZTA,true,true
beta_test_all.json,29,4,4,16,4,12,16,1,4,16,DRUM_APTPU,MHEAA,false,true
beta_test_all.json,30,4,4,8,3,2,16,1,4,16,DRUM_APTPU,HOERAA,true,true
beta_test_all.json,31,4,4,32,7,3,16,1,4,16,DRUM_APTPU,MHERLOA,true,true
beta_test_all.json,32,4,4,8,6,6,16,1,4,16,DRUM_APTPU,HOERAA,true,true
beta_test_all.json,33,16,16,8,32,6,16,1,4,16,DRUM_APTPU,LZTA,true,true
beta_test_all.json,34,8,8,8,16,3,16,1,4,16,BAM,OLOCA4,true,false
beta_test_all.json,35,8,8,32,5,5,16,1,4,16,DRUM_APTPU,OLOCA4,true,false
beta_test_all.json,36,6,6,8,6,8,16,1,4,16,DRUM_APTPU,MHERLOA,false,true
beta_test_all.json,37,32,32,16,6,3,16,1,4,16,DRUM_APTPU,LZTA,true,true
beta_test_all.json,38,4,4,16,3,10,16,1,4,16,UDM,SETA,false,true
beta_test_all.json,39,4,4,32,5,4,16,1,4,16,DRUM_APTPU,MHEAA,true,true
beta_test_all.json,40,6,6,8,8,5,16,1,4,16,BAM,LOA,true,true
beta_test_all.json,41,16,16,32,6,8,16,1,4,16,DRUM_APTPU,LOA,false,true
beta_test_all.json,42,6,6,16,7,10,16,1,4,16,DRUM_APTPU,HERLOA,false,true
beta_test_all.json,43,8,8,8,5,4,16,1,4,16,DRUM_APTPU,LOA,true,true
beta_test_all.json,44,4,4,8,3,8,16,1,4,16,BAM,HOERAA,false,true
beta_test_all.json,45,32,32,16,8,4,16,1,4,16,DRUM_APTPU,LZTA,true,true
beta_test_all.json,46,6,6,32,5,8,16,1,4,16,DRUM_APTPU,OLOCA4,false,false
beta_test_all.json,47,6,6,8,32,4,16,1,4,16,BAM,SETA,true,true
beta_test_all.json,48,8,8,16,5,5,16,1,4,16,DRUM_APTPU,HERLOA,true,true
beta_test_all.json,49,6,6,16,32,3,16,1,4,16,DRUM_APTPU,HERLOA,true,true
beta_test_all.json,50,16,16,16,4,5,16,1,4,16,DRUM_APTPU,MHEAA,false,true
beta_test_all.json,51,4,4,16,32,8,16,1,4,16,DRUM_APTPU,HOERAA,true,true
beta_test_all.json,52,8,8,16,7,2,16,1,4,16,DRUM_APTPU,LOA,true,true
beta_test_all.json,53,4,4,8,16,6,16,1,4,16,UDM,MHERLOA,true,true
beta_test_all.json,54,8,8,16,6,3,16,1,4,16,DRUM_APTPU,LOA,true,true
beta_test_all.json,55,8,8,16,32,10,16,1,4,16,DRUM_APTPU,HERLOA,true,true
beta_test_all.json,56,8,8,8,8,4,16,1,4,16,BAM,OLOCA4,true,false
beta_test_all.json,57,4,4,16,6,12,16,1,4,16,UDM,LZTA,false,true
beta_test_all.json,58,4,4,32,32,12,16,1,4,16,BAM,LOAWA,true,true
beta_test_all.json,59,32,32,32,3,4,16,1,4,16,DRUM_APTPU,OLOCA4,false,false
beta_test_all.json,60,32,32,32,8,4,16,1,4,16,DRUM_APTPU,LZTA,true,true
beta_test_all.json,61,4,4,8,16,6,16,1,4,16,DRUM_APTPU,LOAWA,true,true
beta_test_all.json,62,8,8,8,4,2,16,1,4,16,DRUM_APTPU,LOA,true,true
beta_test_all.json,63,16,16,32,8,5,16,1,4,16,DRUM_APTPU,LZTA,true,true
beta_test_all.json,64,32,32,8,6,2,16,1,4,16,DRUM_APTPU,HERLOA,true,true
beta_test_all.json,65,6,6,16,7,4,16,1,4,16,DRUM_APTPU,OLOCA4,true,false
beta_test_all.json,66,8,8,32,5,3,16,1,4,16,BAM,SETA,true,true
beta_test_all.json,67,4,4,8,3,10,16,1,4,16,BAM,HOAANED,false,true
beta_test_all.json,68,32,32,8,16,4,16,1,4,16,DRUM_APTPU,LZTA,true,true
beta_test_all.json,69,4,4,8,5,2,16,1,4,16,BAM,MHEAA,true,true
beta_test_all.json,70,8,8,32,8,4,16,1,4,16,DRUM_APTPU,OLOCA4,true,false
beta_test_all.json,71,32,32,8,32,4,16,1,4,16,DRUM_APTPU,OLOCA4,true,false
beta_test_all.json,72,6,6,16,16,4,16,1,4,16,DRUM_APTPU,MHERLOA,true,true
beta_test_all.json,73,4,4,8,7,10,16,1,4,16,DRUM_APTPU,LOAWA,false,true
beta_test_all.json,74,4,4,8,7,6,16,1,4,16,DRUM_APTPU,HEAA,true,true
beta_test_all.json,75,4,4,8,8,10,16,1,4,16,BAM,LZTA,false,true
beta_test_all.json,76,8,8,8,7,5,16,1,4,16,DRUM_APTPU,SETA,true,true
beta_test_all.json,77,6,6,16,5,10,16,1,4,16,DRUM_APTPU,APPROX5,false,true
beta_test_all.json,78,8,8,16,7,10,16,1,4,16,DRUM_APTPU,HERLOA,false,true
beta_test_all.json,79,16,16,32,6,4,16,1,4,16,DRUM_APTPU,HERLOA,true,true
beta_test_all.json,80,4,4,16,7,10,16,1,4,16,UDM,HERLOA,false,true
beta_test_all.json,81,6,6,16,3,3,16,1,4,16,BAM,LOAWA,true,true
beta_test_all.json,82,4,4,8,3,2,16,1,4,16,DRUM_APTPU,HERLOA,true,true
beta_test_all.json,83,6,6,32,3,3,16,1,4,16,BAM,HERLOA,true,true
beta_test_all.json,84,6,6,8,3,6,16,1,4,16,BAM,LZTA,false,true
beta_test_all.json,85,6,6,8,16,5,16,1,4,16,DRUM_APTPU,OLOCA4,true,false
beta_test_all.json,86,4,4,8,16,10,16,1,4,16,BAM,MHERLOA,false,true
beta_test_all.json,87,4,4,32,32,10,16,1,4,16,BAM,LOAWA,true,true
beta_test_all.json,88,6,6,32,8,4,16,1,4,16,BAM,MHERLOA,true,true
beta_test_all.json,89,6,6,16,3,12,16,1,4,16,DRUM_APTPU,HEAA,false,true
beta_test_all.json,90,6,6,16,16,8,16,1,4,16,BAM,SETA,true,true
beta_test_all.json,91,16,16,32,7,4,16,1,4,16,DRUM_APTPU,LOAWA,true,true
beta_test_all.json,92,4,4,8,16,2,16,1,4,16,DRUM_APTPU,HOERAA,true,true
beta_test_all.json,93,6,6,32,4,4,16,1,4,16,DRUM_APTPU,HEAA,true,true
beta_test_all.json,94,16,16,8,6,4,16,1,4,16,DRUM_APTPU,LZTA,true,true
beta_test_all.json,95,8,8,8,4,8,16,1,4,16,DRUM_APTPU,LZTA,false,true
beta_test_all.json,96,8,8,8,4,4,16,1,4,16,BAM,OLOCA4,true,false
beta_test_all.json,97,8,8,16,5,3,16,1,4,16,DRUM_APTPU,LZTA,true,true
beta_test_all.json,98,6,6,16,8,4,16,1,4,16,DRUM_APTPU,LOAWA,true,true
beta_test_all.json,99,4,4,8,32,5,16,1,4,16,DRUM_APTPU,HERLOA,true,true
beta_test_all.json,100,32,32,32,8,2,16,1,4,16,DRUM_APTPU,HERLOA,true,true
beta_test_all.json,101,4,4,8,3,2,16,1,4,16,DRUM_APTPU,MHERLOA,true,true
beta_test_all.json,102,8,8,32,3,10,16,1,4,16,DRUM_APTPU,LOA,false,true
beta_test_all.json,103,6,6,8,16,10,16,1,4,16,BAM,HERLOA,false,true
beta_test_all.json,104,4,4,16,16,5,16,1,4,16,UDM,MHERLOA,true,true
beta_test_all.json,105,4,4,8,8,12,16,1,4,16,DRUM_APTPU,APPROX5,false,true
beta_test_all.json,106,6,6,16,5,10,16,1,4,16,DRUM_APTPU,SETA,false,true
beta_test_all.json,107,6,6,32,8,8,16,1,4,16,DRUM_APTPU,MHERLOA,true,true
beta_test_all.json,108,4,4,16,4,12,16,1,4,16,BAM,HOERAA,false,true
beta_test_all.json,109,16,16,16,7,6,16,1,4,16,DRUM_APTPU,MHEAA,true,true
beta_test_all.json,110,4,4,32,4,6,16,1,4,16,BAM,MHERLOA,false,true
beta_test_all.json,111,8,8,8,3,10,16,1,4,16,DRUM_APTPU,LOAWA,false,true
beta_test_all.json,112,4,4,8,5,10,16,1,4,16,BAM,LOAWA,false,true
beta_test_all.json,113,6,6,8,7,12,16,1,4,16,DRUM_APTPU,HOERAA,false,true
beta_test_all.json,114,4,4,32,16,12,16,1,4,16,DRUM_APTPU,HERLOA,true,true
beta_test_all.json,115,4,4,32,4,8,16,1,4,16,BAM,LOA,false,true
beta_test_all.json,116,32,32,8,6,10,16,1,4,16,DRUM_APTPU,OLOCA4,false,false
beta_test_all.json,117,6,6,8,3,2,16,1,4,16,BAM,LOA,true,true
beta_test_all.json,118,16,16,8,5,3,16,1,4,16,DRUM_APTPU,SETA,true,true
beta_test_all.json,119,6,6,8,4,6,16,1,4,16,DRUM_APTPU,HOERAA,false,true
beta_test_all.json,120,6,6,8,7,5,16,1,4,16,DRUM_APTPU,LZTA,true,true
beta_test_all.json,121,6,6,16,4,6,16,1,4,16,DRUM_APTPU,LZTA,false,true
beta_test_all.json,122,8,8,32,7,2,16,1,4,16,DRUM_APTPU,LOAWA,true,true
beta_test_all.json,123,4,4,32,7,3,16,1,4,16,BAM,OLOCA4,true,false
beta_test_all.json,124,4,4,32,7,12,16,1,4,16,DRUM_APTPU,SETA,false,true
beta_test_all.json,125,4,4,16,5,6,16,1,4,16,BAM,HOAANED,false,true
beta_test_all.json,126,32,32,16,32,6,16,1,4,16,DRUM_APTPU,MHERLOA,true,true
beta_test_all.json,127,6,6,16,32,2,16,1,4,16,BAM,HERLOA,true,true
beta_test_all.json,128,4,4,32,16,5,16,1,4,16,BAM,HOAANED,true,true
beta_test_all.json,129,6,6,32,16,3,16,1,4,16,BAM,LOA,true,true
beta_test_all.json,130,4,4,8,6,5,16,1,4,16,UDM,HERLOA,true,true
beta_test_all.json,131,4,4,32,8,3,16,1,4,16,UDM,SETA,true,true
beta_test_all.json,132,6,6,8,16,6,16,1,4,16,DRUM_APTPU,APPROX5,true,true
beta_test_all.json,133,16,16,8,8,3,16,1,4,16,DRUM_APTPU,LOA,true,true
beta_test_all.json,134,4,4,8,4,12,16,1,4,16,UDM,SETA,false,true
beta_test_all.json,135,4,4,8,16,10,16,1,4,16,BAM,HERLOA,false,true
beta_test_all.json,136,4,4,16,5,5,16,1,4,16,BAM,HOERAA,true,true
beta_test_all.json,137,4,4,16,32,4,16,1,4,16,BAM,LOA,true,true
beta_test_all.json,138,4,4,16,6,3,16,1,4,16,DRUM_APTPU,LOAWA,true,true
beta_test_all.json,139,6,6,16,8,6,16,1,4,16,DRUM_APTPU,HEAA,true,true
beta_test_all.json,140,4,4,32,8,5,16,1,4,16,BAM,HEAA,true,true
beta_test_all.json,141,4,4,32,6,5,16,1,4,16,UDM,HERLOA,true,true
beta_test_all.json,142,6,6,16,4,5,16,1,4,16,DRUM_APTPU,APPROX5,false,true
beta_test_all.json,143,4,4,8,4,12,16,1,4,16,DRUM_APTPU,HOAANED,false,true
beta_test_all.json,144,4,4,16,6,5,16,1,4,16,UDM,MHEAA,true,true
beta_test_all.json,145,4,4,32,16,8,16,1,4,16,BAM,HEAA,true,true
beta_test_all.json,146,6,6,32,8,6,16,1,4,16,BAM,OLOCA4,true,false
beta_test_all.json,147,8,8,16,32,3,16,1,4,16,DRUM_APTPU,HOERAA,true,true
beta_test_all.json,148,8,8,32,16,3,16,1,4,16,DRUM_APTPU,HOAANED,true,true
beta_test_all.json,149,8,8,32,32,5,16,1,4,16,DRUM_APTPU,HOERAA,true,true
beta_test_all.json,150,32,32,16,8,5,16,1,4,16,DRUM_APTPU,OLOCA4,true,false
beta_test_all.json,151,8,8,16,4,6,16,1,4,16,DRUM_APTPU,MHERLOA,false,true
beta_test_all.json,152,4,4,16,3,12,16,1,4,16,BAM,SETA,false,true
beta_test_all.json,153,8,8,16,5,4,16,1,4,16,DRUM_APTPU,HOERAA,true,true
beta_test_all.json,154,32,32,32,6,12,16,1,4,16,DRUM_APTPU,OLOCA4,false,false
beta_test_all.json,155,16,16,8,4,12,16,1,4,16,DRUM_APTPU,MHEAA,false,true
beta_test_all.json,156,6,6,32,32,8,16,1,4,16,BAM,HERLOA,true,true
beta_test_all.json,157,4,4,8,6,5,16,1,4,16,UDM,SETA,true,true
beta_test_all.json,158,4,4,8,32,4,16,1,4,16,UDM,OLOCA4,true,false
beta_test_all.json,159,8,8,8,32,5,16,1,4,16,DRUM_APTPU,MHERLOA,true,true
beta_test_all.json,160,4,4,8,3,5,16,1,4,16,BAM,LZTA,false,true
beta_test_all.json,161,8,8,16,8,5,16,1,4,16,DRUM_APTPU,HOERAA,true,true
beta_test_all.json,162,6,6,32,6,6,16,1,4,16,BAM,MHEAA,true,true
beta_test_all.json,163,16,16,32,3,4,16,1,4,16,DRUM_APTPU,SETA,false,true
beta_test_all.json,164,16,16,32,32,6,16,1,4,16,DRUM_APTPU,HERLOA,true,true
beta_test_all.json,165,8,8,16,32,6,16,1,4,16,DRUM_APTPU,MHERLOA,true,true
beta_test_all.json,166,4,4,32,4,6,16,1,4,16,DRUM_APTPU,HERLOA,false,true
beta_test_all.json,167,4,4,32,5,10,16,1,4,16,BAM,LZTA,false,true
beta_test_all.json,168,4,4,8,4,3,16,1,4,16,DRUM_APTPU,HOAANED,true,true
beta_test_all.json,169,8,8,8,16,8,16,1,4,16,DRUM_APTPU,LZTA,true,true
beta_test_all.json,170,32,32,16,32,3,16,1,4,16,DRUM_APTPU,MHEAA,true,true
beta_test_all.json,171,8,8,8,16,5,16,1,4,16,DRUM_APTPU,APPROX5,true,true
beta_test_all.json,172,8,8,16,4,4,16,1,4,16,BAM,SETA,true,true
beta_test_all.json,173,4,4,32,3,3,16,1,4,16,BAM,HEAA,true,true
beta_test_all.json,174,32,32,32,6,6,16,1,4,16,DRUM_APTPU,SETA,true,true
beta_test_all.json,175,16,16,32,4,10,16,1,4,16,DRUM_APTPU,MHEAA,false,true
beta_test_all.json,176,4,4,16,32,12,16,1,4,16,BAM,LOAWA,true,true
beta_test_all.json,177,8,8,16,3,8,16,1,4,16,BAM,SETA,false,true
beta_test_all.json,178,8,8,16,7,6,16,1,4,16,DRUM_APTPU,HEAA,true,true
beta_test_all.json,179,8,8,16,4,3,16,1,4,16,DRUM_APTPU,LOAWA,true,true
beta_test_all.json,180,16,16,8,3,10,16,1,4,16,DRUM_APTPU,MHEAA,false,true
beta_test_all.json,181,6,6,16,16,4,16,1,4,16,BAM,MHERLOA,true,true
beta_test_all.json,182,4,4,8,7,2,16,1,4,16,DRUM_APTPU,HEAA,true,true
beta_test_all.json,183,6,6,8,4,5,16,1,4,16,DRUM_APTPU,SETA,false,true
beta_test_all.json,184,8,8,8,32,8,16,1,4,16,DRUM_APTPU,HOAANED,true,true
beta_test_all.json,185,4,4,16,4,6,16,1,4,16,BAM,MHEAA,false,true
beta_test_all.json,186,32,32,8,32,10,16,1,4,16,DRUM_APTPU,MHERLOA,false,true
beta_test_all.json,187,4,4,32,16,3,16,1,4,16,BAM,SETA,true,true
beta_test_all.json,188,8,8,16,8,4,16,1,4,16,DRUM_APTPU,APPROX5,true,true
beta_test_all.json,189,32,32,8,32,4,16,1,4,16,DRUM_APTPU,MHERLOA,true,true
beta_test_all.json,190,4,4,8,3,5,16,1,4,16,DRUM_APTPU,HOAANED,false,true
beta_test_all.json,191,8,8,8,16,8,16,1,4,16,BAM,OLOCA4,true,false
beta_test_all.json,192,6,6,32,6,6,16,1,4,16,DRUM_APTPU,HEAA,true,true
beta_test_all.json,193,6,6,8,4,10,16,1,4,16,BAM,SETA,false,true
beta_test_all.json,194,4,4,32,3,10,16,1,4,16,DRUM_APTPU,MHERLOA,false,true
beta_test_all.json,195,4,4,8,32,6,16,1,4,16,UDM,MHEAA,true,true
beta_test_all.json,196,4,4,8,8,5,16,1,4,16,DRUM_APTPU,MHEAA,true,true
beta_test_all.json,197,6,6,32,6,6,16,1,4,16,DRUM_APTPU,SETA,true,true
beta_test_all.json,198,4,4,8,8,6,16,1,4,16,BAM,LOAWA,true,true
beta_test_all.json,199,4,4,16,5,10,16,1,4,16,BAM,HOAANED,false,true
beta_test_all.json,200,4,4,32,32,4,16,1,4,16,BAM,OLOCA4,true,false
beta_test_all.json,201,16,16,32,16,3,16,1,4,16,DRUM_APTPU,MHEAA,true,true
beta_test_all.json,202,4,4,16,16,2,16,1,4,16,BAM,MHEAA,true,true
beta_test_all.json,203,8,8,8,6,8,16,1,4,16,DRUM_APTPU,HEAA,false,true
beta_test_all.json,204,6,6,8,3,5,16,1,4,16,DRUM_APTPU,LOA,false,true
beta_test_all.json,205,16,16,32,8,10,16,1,4,16,DRUM_APTPU,OLOCA4,false,false
beta_test_all.json,206,32,32,8,4,3,16,1,4,16,DRUM_APTPU,MHERLOA,true,true
beta_test_all.json,207,4,4,8,8,2,16,1,4,16,DRUM_APTPU,MHEAA,true,true
beta_test_all.json,208,8,8,8,6,2,16,1,4,16,DRUM_APTPU,HEAA,true,true
beta_test_all.json,209,8,8,16,16,3,16,1,4,16,BAM,SETA,true,true
beta_test_all.json,210,4,4,8,3,5,16,1,4,16,UDM,SETA,false,true
beta_test_all.json,211,4,4,16,3,10,16,1,4,16,BAM,LZTA,false,true
beta_test_all.json,212,16,16,8,7,4,16,1,4,16,DRUM_APTPU,OLOCA4,true,false
beta_test_all.json,213,4,4,16,5,4,16,1,4,16,BAM,LOAWA,true,true
beta_test_all.json,214,6,6,32,3,10,16,1,4,16,BAM,MHERLOA,false,true
beta_test_all.json,215,4,4,32,8,5,16,1,4,16,BAM,LOA,true,true
beta_test_all.json,216,4,4,16,7,6,16,1,4,16,BAM,HOERAA,true,true
beta_test_all.json,217,4,4,32,16,6,16,1,4,16,BAM,OLOCA4,true,false
beta_test_all.json,218,4,4,32,6,3,16,1,4,16,BAM,HERLOA,true,true
beta_test_all.json,219,8,8,32,4,5,16,1,4,16,BAM,HERLOA,false,true
beta_test_all.json,220,4,4,8,6,2,16,1,4,16,BAM,LZTA,true,true
beta_test_all.json,221,4,4,32,8,4,16,1,4,16,BAM,APPROX5,true,true
beta_test_all.json,222,6,6,32,3,6,16,1,4,16,DRUM_APTPU,HOAANED,false,true
beta_test_all.json,223,4,4,16,6,3,16,1,4,16,BAM,SETA,true,true
beta_test_all.json,224,6,6,8,7,2,16,1,4,16,BAM,LOAWA,true,true
beta_test_all.json,225,4,4,16,3,3,16,1,4,16,DRUM_APTPU,LZTA,true,true
beta_test_all.json,226,6,6,8,8,3,16,1,4,16,BAM,LOA,true,true
beta_test_all.json,227,6,6,16,5,5,16,1,4,16,DRUM_APTPU,MHERLOA,true,true
beta_test_all.json,228,4,4,16,3,2,16,1,4,16,DRUM_APTPU,MHERLOA,true,true
beta_test_all.json,229,6,6,32,32,3,16,1,4,16,DRUM_APTPU,MHEAA,true,true
beta_test_all.json,230,32,32,32,32,6,16,1,4,16,DRUM_APTPU,MHERLOA,true,true
beta_test_all.json,231,32,32,32,4,4,16,1,4,16,DRUM_APTPU,OLOCA4,true,false
beta_test_all.json,232,4,4,16,4,2,16,1,4,16,BAM,LOAWA,true,true
beta_test_all.json,233,6,6,16,3,4,16,1,4,16,DRUM_APTPU,MHERLOA,false,true
beta_test_all.json,234,32,32,8,6,5,16,1,4,16,DRUM_APTPU,SETA,true,true
beta_test_all.json,235,4,4,32,16,5,16,1,4,16,BAM,OLOCA4,true,false
beta_test_all.json,236,4,4,32,6,3,16,1,4,16,DRUM_APTPU,SETA,true,true
beta_test_all.json,237,16,16,8,6,2,16,1,4,16,DRUM_APTPU,SETA,true,true
beta_test_all.json,238,4,4,16,3,8,16,1,4,16,DRUM_APTPU,HOERAA,false,true
beta_test_all.json,239,6,6,16,4,10,16,1,4,16,DRUM_APTPU,MHEAA,false,true
beta_test_all.json,240,4,4,8,5,5,16,1,4,16,UDM,HERLOA,true,true
beta_test_all.json,241,4,4,32,16,4,16,1,4,16,DRUM_APTPU,HOAANED,true,true
beta_test_all.json,242,4,4,32,32,5,16,1,4,16,UDM,SETA,true,true
beta_test_all.json,243,16,16,16,16,6,16,1,4,16,DRUM_APTPU,HERLOA,true,true
beta_test_all.json,244,8,8,32,5,10,16,1,4,16,BAM,HERLOA,false,true
beta_test_all.json,245,4,4,32,16,8,16,1,4,16,DRUM_APTPU,LOAWA,true,true
beta_test_all.json,246,4,4,8,7,6,16,1,4,16,DRUM_APTPU,MHERLOA,true,true
beta_test_all.json,247,6,6,16,3,12,16,1,4,16,BAM,OLOCA4,false,false
beta_test_all.json,248,4,4,8,32,10,16,1,4,16,BAM,HEAA,false,true
beta_test_all.json,249,4,4,16,6,10,16,1,4,16,DRUM_APTPU,LZTA,false,true
beta_test_all.json,250,6,6,8,8,2,16,1,4,16,BAM,HERLOA,true,true
beta_test_all.json,251,8,8,32,16,10,16,1,4,16,DRUM_APTPU,HOERAA,true,true
beta_test_all.json,252,32,32,16,5,8,16,1,4,16,DRUM_APTPU,MHERLOA,false,true
beta_test_all.json,253,32,32,32,8,3,16,1,4,16,DRUM_APTPU,MHEAA,true,true
beta_test_all.json,254,6,6,16,6,4,16,1,4,16,DRUM_APTPU,HOERAA,true,true
beta_test_all.json,255,6,6,32,7,8,16,1,4,16,BAM,LOA,false,true
beta_test_all.json,256,6,6,16,6,3,16,1,4,16,DRUM_APTPU,LZTA,true,true
beta_test_all.json,257,8,8,8,8,6,16,1,4,16,BAM,SETA,true,true
beta_test_all.json,258,6,6,32,8,3,16,1,4,16,DRUM_APTPU,OLOCA4,true,false
beta_test_all.json,259,4,4,32,3,3,16,1,4,16,DRUM_APTPU,OLOCA4,true,false
beta_test_all.json,260,6,6,8,7,3,16,1,4,16,BAM,OLOCA4,true,false
beta_test_all.json,261,4,4,32,4,2,16,1,4,16,UDM,LZTA,true,true
beta_test_all.json,262,8,8,32,6,10,16,1,4,16,DRUM_APTPU,MHERLOA,false,true
beta_test_all.json,263,16,16,8,3,3,16,1,4,16,DRUM_APTPU,OLOCA4,true,false
beta_test_all.json,264,6,6,32,7,2,16,1,4,16,BAM,SETA,true,true
beta_test_all.json,265,16,16,16,3,3,16,1,4,16,DRUM_APTPU,HERLOA,true,true
beta_test_all.json,266,6,6,8,8,6,16,1,4,16,DRUM_APTPU,APPROX5,true,true
beta_test_all.json,267,4,4,8,16,4,16,1,4,16,DRUM_APTPU,LZTA,true,true
beta_test_all.json,268,4,4,8,7,2,16,1,4,16,UDM,MHERLOA,true,true
beta_test_all.json,269,32,32,8,8,12,16,1,4,16,DRUM_APTPU,MHEAA,false,true
beta_test_all.json,270,8,8,8,7,4,16,1,4,16,DRUM_APTPU,LZTA,true,true
beta_test_all.json,271,6,6,16,4,6,16,1,4,16,BAM,SETA,false,true
beta_test_all.json,272,32,32,16,7,5,16,1,4,16,DRUM_APTPU,OLOCA4,true,false
beta_test_all.json,273,6,6,8,32,8,16,1,4,16,DRUM_APTPU,HEAA,true,true
beta_test_all.json,274,16,16,8,4,8,16,1,4,16,DRUM_APTPU,MHEAA,false,true
beta_test_all.json,275,4,4,16,3,5,16,1,4,16,BAM,LOAWA,false,true
beta_test_all.json,276,4,4,16,32,5,16,1,4,16,UDM,SETA,true,true
beta_test_all.json,277,4,4,32,8,4,16,1,4,16,DRUM_APTPU,HEAA,true,true
beta_test_all.json,278,8,8,16,7,4,16,1,4,16,DRUM_APTPU,OLOCA4,true,false
beta_test_all.json,279,4,4,8,32,6,16,1,4,16,BAM,MHERLOA,true,true
beta_test_all.json,280,6,6,16,5,5,16,1,4,16,DRUM_APTPU,HOERAA,true,true
beta_test_all.json,281,6,6,32,3,4,16,1,4,16,DRUM_APTPU,HOAANED,false,true
beta_test_all.json,282,16,16,8,7,8,16,1,4,16,DRUM_APTPU,OLOCA4,false,false
beta_test_all.json,283,6,6,8,16,10,16,1,4,16,DRUM_APTPU,APPROX5,false,true
beta_test_all.json,284,32,32,32,32,3,16,1,4,16,DRUM_APTPU,MHERLOA,true,true
beta_test_all.json,285,8,8,16,4,12,16,1,4,16,DRUM_APTPU,HOAANED,false,true
beta_test_all.json,286,4,4,32,5,10,16,1,4,16,BAM,HEAA,false,true
beta_test_all.json,287,4,4,8,4,10,16,1,4,16,BAM,HOAANED,false,true
beta_test_all.json,288,4,4,8,6,5,16,1,4,16,DRUM_APTPU,APPROX5,true,true
beta_test_all.json,289,4,4,8,32,5,16,1,4,16,DRUM_APTPU,HOAANED,true,true
beta_test_all.json,290,4,4,16,4,4,16,1,4,16,DRUM_APTPU,HERLOA,true,true
beta_test_all.json,291,4,4,16,4,8,16,1,4,16,BAM,LOAWA,false,true
beta_test_all.json,292,32,32,16,5,3,16,1,4,16,DRUM_APTPU,MHERLOA,true,true
beta_test_all.json,293,6,6,16,16,3,16,1,4,16,DRUM_APTPU,APPROX5,true,true
beta_test_all.json,294,4,4,32,5,3,16,1,4,16,DRUM_APTPU,MHEAA,true,true
beta_test_all.json,295,6,6,8,7,10,16,1,4,16,DRUM_APTPU,OLOCA4,false,false
beta_test_all.json,296,8,8,32,3,3,16,1,4,16,BAM,HERLOA,true,true
beta_test_all.json,297,6,6,8,8,12,16,1,4,16,DRUM_APTPU,MHEAA,false,true
beta_test_all.json,298,8,8,16,8,8,16,1,4,16,DRUM_APTPU,HOAANED,true,true
beta_test_all.json,299,6,6,16,32,12,16,1,4,16,BAM,LOA,true,true
beta_test_all.json,300,4,4,32,32,3,16,1,4,16,DRUM_APTPU,LOAWA,true,true
beta_test_all.json,301,4,4,8,6,8,16,1,4,16,BAM,HOERAA,false,true
beta_test_all.json,302,4,4,8,5,6,16,1,4,16,BAM,OLOCA4,false,false
beta_test_all.json,303,4,4,32,4,10,16,1,4,16,UDM,HERLOA,false,true
beta_test_all.json,304,4,4,16,16,3,16,1,4,16,UDM,MHERLOA,true,true
beta_test_all.json,305,4,4,16,6,2,16,1,4,16,DRUM_APTPU,HOERAA,true,true
beta_test_all.json,306,4,4,8,16,5,16,1,4,16,DRUM_APTPU,APPROX5,true,true
beta_test_all.json,307,6,6,8,4,10,16,1,4,16,DRUM_APTPU,SETA,false,true
beta_test_all.json,308,16,16,8,32,10,16,1,4,16,DRUM_APTPU,MHEAA,false,true
beta_test_all.json,309,4,4,8,16,4,16,1,4,16,BAM,HOERAA,true,true
beta_test_all.json,310,16,16,32,4,3,16,1,4,16,DRUM_APTPU,SETA,true,true
beta_test_all.json,311,6,6,16,7,12,16,1,4,16,BAM,LOAWA,false,true
beta_test_all.json,312,4,4,16,8,8,16,1,4,16,DRUM_APTPU,MHERLOA,true,true
beta_test_all.json,313,32,32,8,8,10,16,1,4,16,DRUM_APTPU,MHEAA,false,true
beta_test_all.json,314,6,6,16,4,12,16,1,4,16,BAM,OLOCA4,false,false
beta_test_all.json,315,4,4,8,8,5,16,1,4,16,UDM,SETA,true,true
beta_test_all.json,316,32,32,16,8,10,16,1,4,16,DRUM_APTPU,MHEAA,false,true
beta_test_all.json,317,6,6,16,6,3,16,1,4,16,DRUM_APTPU,MHEAA,true,true
beta_test_all.json,318,8,8,16,5,3,16,1,4,16,DRUM_APTPU,HOAANED,true,true
beta_test_all.json,319,4,4,16,7,8,16,1,4,16,BAM,HEAA,false,true
beta_test_all.json,320,6,6,16,8,12,16,1,4,16,BAM,HERLOA,false,true
beta_test_all.json,321,8,8,8,4,5,16,1,4,16,DRUM_APTPU,HOERAA,false,true
beta_test_all.json,322,16,16,32,6,5,16,1,4,16,DRUM_APTPU,OLOCA4,true,false
beta_test_all.json,323,6,6,32,5,12,16,1,4,16,BAM,MHERLOA,false,true
beta_test_all.json,324,4,4,32,5,8,16,1,4,16,DRUM_APTPU,LOA,false,true
beta_test_all.json,325,6,6,32,16,8,16,1,4,16,DRUM_APTPU,HERLOA,true,true
beta_test_all.json,326,6,6,32,6,2,16,1,4,16,DRUM_APTPU,LZTA,true,true
beta_test_all.json,327,4,4,32,6,3,16,1,4,16,BAM,MHERLOA,true,true
beta_test_all.json,328,4,4,32,5,5,16,1,4,16,BAM,HOERAA,true,true
beta_test_all.json,329,6,6,16,4,6,16,1,4,16,DRUM_APTPU,OLOCA4,false,false
beta_test_all.json,330,4,4,8,16,5,16,1,4,16,BAM,LZTA,true,true
beta_test_all.json,331,8,8,16,4,4,16,1,4,16,DRUM_APTPU,HOERAA,true,true
beta_test_all.json,332,6,6,8,32,5,16,1,4,16,DRUM_APTPU,LOAWA,true,true
beta_test_all.json,333,8,8,16,6,4,16,1,4,16,DRUM_APTPU,LOA,true,true
beta_test_all.json,334,16,16,8,4,12,16,1,4,16,DRUM_APTPU,OLOCA4,false,false
beta_test_all.json,335,4,4,32,16,3,16,1,4,16,DRUM_APTPU,HOERAA,true,true
beta_test_all.json,336,8,8,32,7,3,16,1,4,16,DRUM_APTPU,MHEAA,true,true
beta_test_all.json,337,8,8,8,7,12,16,1,4,16,DRUM_APTPU,SETA,false,true
beta_test_all.json,338,6,6,8,16,10,16,1,4,16,DRUM_APTPU,HOAANED,false,true
beta_test_all.json,339,6,6,8,5,6,16,1,4,16,DRUM_APTPU,LOA,false,true
beta_test_all.json,340,4,4,16,7,10,16,1,4,16,UDM,LZTA,false,true
beta_test_all.json,341,4,4,16,16,3,16,1,4,16,BAM,HOERAA,true,true
beta_test_all.json,342,4,4,16,4,3,16,1,4,16,DRUM_APTPU,MHERLOA,true,true
beta_test_all.json,343,6,6,16,16,3,16,1,4,16,BAM,OLOCA4,true,false
beta_test_all.json,344,8,8,16,32,2,16,1,4,16,DRUM_APTPU,APPROX5,true,true
beta_test_all.json,345,4,4,16,32,4,16,1,4,16,DRUM_APTPU,OLOCA4,true,false
beta_test_all.json,346,4,4,8,3,12,16,1,4,16,DRUM_APTPU,HOERAA,false,true
beta_test_all.json,347,8,8,32,4,4,16,1,4,16,BAM,OLOCA4,true,false
beta_test_all.json,348,32,32,8,8,6,16,1,4,16,DRUM_APTPU,MHEAA,true,true
beta_test_all.json,349,6,6,32,4,2,16,1,4,16,BAM,MHEAA,true,true
beta_test_all.json,350,4,4,16,32,12,16,1,4,16,DRUM_APTPU,LZTA,true,true
beta_test_all.json,351,32,32,16,16,3,16,1,4,16,DRUM_APTPU,LZTA,true,true
beta_test_all.json,352,6,6,16,6,5,16,1,4,16,BAM,SETA,true,true
beta_test_all.json,353,6,6,32,5,10,16,1,4,16,DRUM_APTPU,HERLOA,false,true
beta_test_all.json,354,4,4,32,32,2,16,1,4,16,UDM,MHEAA,true,true
beta_test_all.json,355,32,32,32,8,2,16,1,4,16,DRUM_APTPU,MHEAA,true,true
beta_test_all.json,356,8,8,8,6,2,16,1,4,16,BAM,HERLOA,true,true
beta_test_all.json,357,4,4,16,16,2,16,1,4,16,DRUM_APTPU,LOAWA,true,true
beta_test_all.json,358,32,32,32,7,2,16,1,4,16,DRUM_APTPU,SETA,true,true
beta_test_all.json,359,32,32,32,16,10,16,1,4,16,DRUM_APTPU,MHERLOA,true,true
beta_test_all.json,360,4,4,16,8,10,16,1,4,16,DRUM_APTPU,HOAANED,false,true
beta_test_all.json,361,4,4,32,3,4,16,1,4,16,BAM,LZTA,false,true
beta_test_all.json,362,8,8,8,4,12,16,1,4,16,DRUM_APTPU,HOAANED,false,true
beta_test_all.json,363,64,64,8,3,3,16,1,4,16,DRUM_APTPU,HERLOA,true,true
beta_test_all.json,364,32,32,8,16,6,16,1,4,16,DRUM_APTPU,MHEAA,true,true
beta_test_all.json,365,6,6,16,6,8,16,1,4,16,BAM,MHERLOA,false,true
beta_test_all.json,366,4,4,16,8,10,16,1,4,16,DRUM_APTPU,HEAA,false,true
beta_test_all.json,367,6,6,32,7,4,16,1,4,16,BAM,MHEAA,true,true
beta_test_all.json,368,4,4,32,6,4,16,1,4,16,DRUM_APTPU,MHERLOA,true,true
beta_test_all.json,369,4,4,32,5,6,16,1,4,16,DRUM_APTPU,LOA,false,true
beta_test_all.json,370,4,4,32,6,10,16,1,4,16,DRUM_APTPU,MHERLOA,false,true
beta_test_all.json,371,32,32,8,4,10,16,1,4,16,DRUM_APTPU,LZTA,false,true
beta_test_all.json,372,6,6,8,32,6,16,1,4,16,DRUM_APTPU,HERLOA,true,true
beta_test_all.json,373,6,6,32,32,8,16,1,4,16,DRUM_APTPU,LOA,true,true
beta_test_all.json,374,16,16,16,4,10,16,1,4,16,DRUM_APTPU,SETA,false,true
beta_test_all.json,375,4,4,16,4,10,16,1,4,16,DRUM_APTPU,SETA,false,true
beta_test_all.json,376,4,4,16,7,12,16,1,4,16,DRUM_APTPU,APPROX5,false,true
beta_test_all.json,377,4,4,32,7,3,16,1,4,16,DRUM_APTPU,MHEAA,true,true
beta_test_all.json,378,4,4,16,6,8,16,1,4,16,UDM,OLOCA4,false,false
beta_test_all.json,379,4,4,32,4,2,16,1,4,16,DRUM_APTPU,HOERAA,true,true
beta_test_all.json,380,4,4,16,7,8,16,1,4,16,DRUM_APTPU,LZTA,false,true
beta_test_all.json,381,8,8,32,8,2,16,1,4,16,DRUM_APTPU,LOAWA,true,true
beta_test_all.json,382,16,16,8,7,2,16,1,4,16,DRUM_APTPU,LZTA,true,true
beta_test_all.json,383,4,4,32,6,10,16,1,4,16,UDM,MHERLOA,false,true
beta_test_all.json,384,6,6,16,7,2,16,1,4,16,DRUM_APTPU,HEAA,true,true
beta_test_all.json,385,8,8,8,6,6,16,1,4,16,DRUM_APTPU,HEAA,true,true
beta_test_all.json,386,4,4,8,3,4,16,1,4,16,DRUM_APTPU,LZTA,false,true
beta_test_all.json,387,8,8,8,5,4,16,1,4,16,DRUM_APTPU,MHERLOA,true,true
beta_test_all.json,388,4,4,16,3,10,16,1,4,16,DRUM_APTPU,MHERLOA,false,true
beta_test_all.json,389,4,4,32,4,4,16,1,4,16,BAM,LOAWA,true,true
beta_test_all.json,390,4,4,8,32,6,16,1,4,16,DRUM_APTPU,LOA,true,true
beta_test_all.json,391,4,4,32,5,3,16,1,4,16,UDM,MHEAA,true,true
beta_test_all.json,392,4,4,8,3,10,16,1,4,16,BAM,HEAA,false,true
beta_test_all.json,393,6,6,32,4,3,16,1,4,16,BAM,MHEAA,true,true
beta_test_all.json,394,4,4,32,5,10,16,1,4,16,DRUM_APTPU,LZTA,false,true
beta_test_all.json,395,16,16,16,16,12,16,1,4,16,DRUM_APTPU,HERLOA,true,true
beta_test_all.json,396,4,4,32,16,5,16,1,4,16,DRUM_APTPU,HEAA,true,true
beta_test_all.json,397,6,6,16,5,12,16,1,4,16,DRUM_APTPU,MHEAA,false,true
beta_test_all.json,398,16,16,16,16,2,16,1,4,16,DRUM_APTPU,LOA,true,true
beta_test_all.json,399,6,6,16,8,8,16,1,4,16,DRUM_APTPU,HEAA,true,true
beta_test_all.json,400,6,6,16,4,6,16,1,4,16,DRUM_APTPU,HOAANED,false,true
beta_test_all.json,401,4,4,32,4,2,16,1,4,16,DRUM_APTPU,MHERLOA,true,true
beta_test_all.json,402,6,6,32,16,12,16,1,4,16,DRUM_APTPU,SETA,true,true
beta_test_all.json,403,6,6,16,4,4,16,1,4,16,DRUM_APTPU,HEAA,true,true
beta_test_all.json,404,4,4,32,32,10,16,1,4,16,BAM,HOERAA,true,true
beta_test_all.json,405,4,4,32,6,10,16,1,4,16,DRUM_APTPU,SETA,false,true
beta_test_all.json,406,4,4,8,3,6,16,1,4,16,DRUM_APTPU,LZTA,false,true
beta_test_all.json,407,4,4,32,8,4,16,1,4,16,DRUM_APTPU,OLOCA4,true,false
beta_test_all.json,408,4,4,32,3,5,16,1,4,16,BAM,HOERAA,false,true
beta_test_all.json,409,6,6,8,7,4,16,1,4,16,DRUM_APTPU,HOAANED,true,true
beta_test_all.json,410,8,8,32,32,4,16,1,4,16,DRUM_APTPU,MHEAA,true,true
beta_test_all.json,411,32,32,32,7,2,16,1,4,16,DRUM_APTPU,MHEAA,true,true
beta_test_all.json,412,8,8,8,6,6,16,1,4,16,DRUM_APTPU,LOA,true,true
beta_test_all.json,413,4,4,8,4,5,16,1,4,16,DRUM_APTPU,LOA,false,true
beta_test_all.json,414,6,6,32,3,12,16,1,4,16,DRUM_APTPU,LOA,false,true
beta_test_all.json,415,8,8,8,8,2,16,1,4,16,DRUM_APTPU,HOERAA,true,true
beta_test_all.json,416,32,32,8,16,10,16,1,4,16,DRUM_APTPU,SETA,false,true
beta_test_all.json,417,4,4,32,8,5,16,1,4,16,DRUM_APTPU,SETA,true,true
beta_test_all.json,418,8,8,32,3,8,16,1,4,16,DRUM_APTPU,LOAWA,false,true
beta_test_all.json,419,6,6,8,4,10,16,1,4,16,BAM,OLOCA4,false,false
beta_test_all.json,420,16,16,8,32,10,16,1,4,16,DRUM_APTPU,LZTA,false,true
beta_test_all.json,421,32,32,32,5,12,16,1,4,16,DRUM_APTPU,LZTA,false,true
beta_test_all.json,422,8,8,8,5,3,16,1,4,16,DRUM_APTPU,MHERLOA,true,true
beta_test_all.json,423,8,8,32,5,4,16,1,4,16,DRUM_APTPU,MHEAA,true,true
beta_test_all.json,424,4,4,16,7,10,16,1,4,16,BAM,HEAA,false,true
beta_test_all.json,425,4,4,8,8,6,16,1,4,16,BAM,HOERAA,true,true
beta_test_all.json,426,6,6,32,6,8,16,1,4,16,DRUM_APTPU,HOERAA,false,true
beta_test_all.json,427,4,4,16,3,12,16,1,4,16,DRUM_APTPU,HOERAA,false,true
beta_test_all.json,428,16,16,8,8,8,16,1,4,16,DRUM_APTPU,HERLOA,true,true
beta_test_all.json,429,6,6,8,6,2,16,1,4,16,DRUM_APTPU,MHEAA,true,true
beta_test_all.json,430,16,16,32,7,12,16,1,4,16,DRUM_APTPU,LOA,false,true
beta_test_all.json,431,4,4,8,32,6,16,1,4,16,DRUM_APTPU,MHERLOA,true,true
beta_test_all.json,432,6,6,32,8,2,16,1,4,16,DRUM_APTPU,HOAANED,true,true
beta_test_all.json,433,8,8,8,32,6,16,1,4,16,DRUM_APTPU,OLOCA4,true,false
beta_test_all.json,434,8,8,32,4,3,16,1,4,16,DRUM_APTPU,LOA,true,true
beta_test_all.json,435,4,4,32,32,10,16,1,4,16,BAM,MHEAA,true,true
beta_test_all.json,436,4,4,8,3,2,16,1,4,16,UDM,HERLOA,true,true
beta_test_all.json,437,6,6,32,3,6,16,1,4,16,BAM,OLOCA4,false,false
beta_test_all.json,438,4,4,8,8,10,16,1,4,16,DRUM_APTPU,MHERLOA,false,true
beta_test_all.json,439,4,4,8,7,5,16,1,4,16,DRUM_APTPU,SETA,true,true
beta_test_all.json,440,16,16,32,8,8,16,1,4,16,DRUM_APTPU,HERLOA,true,true
beta_test_all.json,441,4,4,16,7,5,16,1,4,16,BAM,MHEAA,true,true
beta_test_all.json,442,8,8,32,32,8,16,1,4,16,DRUM_APTPU,OLOCA4,true,false
beta_test_all.json,443,4,4,32,16,10,16,1,4,16,DRUM_APTPU,LOA,true,true
beta_test_all.json,444,4,4,8,32,10,16,1,4,16,UDM,HERLOA,false,true
beta_test_all.json,445,4,4,32,3,4,16,1,4,16,BAM,APPROX5,false,true
beta_test_all.json,446,4,4,32,5,4,16,1,4,16,UDM,OLOCA4,true,false
beta_test_all.json,447,8,8,32,3,2,16,1,4,16,DRUM_APTPU,LOA,true,true
beta_test_all.json,448,6,6,32,16,12,16,1,4,16,DRUM_APTPU,HOAANED,true,true
beta_test_all.json,449,4,4,32,8,4,16,1,4,16,DRUM_APTPU,LZTA,true,true
beta_test_all.json,450,8,8,8,7,8,16,1,4,16,DRUM_APTPU,OLOCA4,false,false
beta_test_all.json,451,16,16,16,8,12,16,1,4,16,DRUM_APTPU,LOAWA,false,true
beta_test_all.json,452,8,8,16,5,4,16,1,4,16,DRUM_APTPU,MHERLOA,true,true
beta_test_all.json,453,4,4,32,5,4,16,1,4,16,DRUM_APTPU,MHERLOA,true,true
beta_test_all.json,454,4,4,8,8,8,16,1,4,16,DRUM_APTPU,LOAWA,true,true
beta_test_all.json,455,4,4,8,3,2,16,1,4,16,DRUM_APTPU,MHEAA,true,true
beta_test_all.json,456,32,32,16,3,12,16,1,4,16,DRUM_APTPU,MHEAA,false,true
beta_test_all.json,457,8,8,32,8,5,16,1,4,16,BAM,HERLOA,true,true
beta_test_all.json,458,4,4,8,32,2,16,1,4,16,DRUM_APTPU,LZTA,true,true
beta_test_all.json,459,8,8,8,8,5,16,1,4,16,DRUM_APTPU,HOAANED,true,true
beta_test_all.json,460,6,6,8,16,6,16,1,4,16,DRUM_APTPU,HEAA,true,true
beta_test_all.json,461,4,4,32,16,4,16,1,4,16,BAM,LOA,true,true
beta_test_all.json,462,8,8,32,3,6,16,1,4,16,DRUM_APTPU,OLOCA4,false,false
beta_test_all.json,463,4,4,16,16,12,16,1,4,16,BAM,LOAWA,true,true
beta_test_all.json,464,8,8,16,4,10,16,1,4,16,DRUM_APTPU,MHEAA,false,true
beta_test_all.json,465,8,8,16,8,8,16,1,4,16,DRUM_APTPU,LZTA,true,true
beta_test_all.json,466,4,4,8,7,12,16,1,4,16,BAM,MHERLOA,false,true
beta_test_all.json,467,4,4,32,7,8,16,1,4,16,UDM,MHERLOA,false,true
beta_test_all.json,468,8,8,8,4,2,16,1,4,16,DRUM_APTPU,HOAANED,true,true
beta_test_all.json,469,6,6,32,5,2,16,1,4,16,DRUM_APTPU,HOERAA,true,true
beta_test_all.json,470,4,4,16,7,10,16,1,4,16,BAM,HERLOA,false,true
beta_test_all.json,471,6,6,8,4,10,16,1,4,16,DRUM_APTPU,OLOCA4,false,false
beta_test_all.json,472,4,4,16,4,3,16,1,4,16,DRUM_APTPU,OLOCA4,true,false
beta_test_all.json,473,16,16,16,5,6,16,1,4,16,DRUM_APTPU,LOA,false,true
beta_test_all.json,474,32,32,32,16,5,16,1,4,16,DRUM_APTPU,OLOCA4,true,false
beta_test_all.json,475,6,6,32,32,4,16,1,4,16,DRUM_APTPU,OLOCA4,true,false
beta_test_all.json,476,16,16,8,5,2,16,1,4,16,DRUM_APTPU,MHERLOA,true,true
beta_test_all.json,477,4,4,32,4,4,16,1,4,16,DRUM_APTPU,HEAA,true,true
beta_test_all.json,478,16,16,8,6,12,16,1,4,16,DRUM_APTPU,HERLOA,false,true
beta_test_all.json,479,4,4,32,4,8,16,1,4,16,DRUM_APTPU,MHEAA,false,true
beta_test_all.json,480,32,32,32,3,5,16,1,4,16,DRUM_APTPU,HERLOA,false,true
beta_test_all.json,481,8,8,16,5,12,16,1,4,16,DRUM_APTPU,LZTA,false,true
beta_test_all.json,482,6,6,16,32,6,16,1,4,16,DRUM_APTPU,HERLOA,true,true
beta_test_all.json,483,6,6,8,8,10,16,1,4,16,BAM,LZTA,false,true
beta_test_all.json,484,16,16,32,8,3,16,1,4,16,DRUM_APTPU,SETA,true,true
beta_test_all.json,485,4,4,8,32,5,16,1,4,16,BAM,LOAWA,true,true
beta_test_all.json,486,4,4,8,5,4,16,1,4,16,DRUM_APTPU,HOERAA,true,true
beta_test_all.json,487,4,4,8,8,10,16,1,4,16,BAM,LOAWA,false,true
beta_test_all.json,488,8,8,32,8,10,16,1,4,16,DRUM_APTPU,HERLOA,false,true
beta_test_all.json,489,4,4,8,8,3,16,1,4,16,BAM,LOA,true,true
beta_test_all.json,490,4,4,32,7,8,16,1,4,16,BAM,LZTA,false,true
beta_test_all.json,491,8,8,8,16,2,16,1,4,16,DRUM_APTPU,HOERAA,true,true
beta_test_all.json,492,32,32,16,3,12,16,1,4,16,DRUM_APTPU,SETA,false,true
beta_test_all.json,493,32,32,8,32,5,16,1,4,16,DRUM_APTPU,OLOCA4,true,false
beta_test_all.json,494,16,16,8,4,12,16,1,4,16,DRUM_APTPU,LZTA,false,true
beta_test_all.json,495,4,4,16,6,12,16,1,4,16,DRUM_APTPU,LOAWA,false,true
beta_test_all.json,496,32,32,8,8,3,16,1,4,16,DRUM_APTPU,LOAWA,true,true
beta_test_all.json,497,8,8,16,8,6,16,1,4,16,DRUM_APTPU,SETA,true,true
beta_test_all.json,498,6,6,8,5,10,16,1,4,16,BAM,SETA,false,true
beta_test_all.json,499,6,6,8,7,5,16,1,4,16,BAM,LOA,true,true
beta_test_all.json,500,8,8,16,32,12,16,1,4,16,DRUM_APTPU,HOAANED,true,true
beta_test_all.json,501,8,8,16,8,6,16,1,4,16,DRUM_APTPU,OLOCA4,true,false
beta_test_all.json,502,4,4,8,32,4,16,1,4,16,DRUM_APTPU,MHEAA,true,true
beta_test_all.json,503,8,8,8,3,2,16,1,4,16,DRUM_APTPU,HERLOA,true,true
beta_test_all.json,504,4,4,16,8,12,16,1,4,16,BAM,LZTA,false,true
beta_test_all.json,505,32,32,8,7,10,16,1,4,16,DRUM_APTPU,OLOCA4,false,false
beta_test_all.json,506,32,32,8,5,5,16,1,4,16,DRUM_APTPU,LOAWA,true,true
beta_test_all.json,507,8,8,32,16,8,16,1,4,16,BAM,HERLOA,true,true
beta_test_all.json,508,8,8,8,4,2,16,1,4,16,BAM,OLOCA4,true,false
beta_test_all.json,509,32,32,8,7,5,16,1,4,16,DRUM_APTPU,OLOCA4,true,false
beta_test_all.json,510,6,6,32,8,6,16,1,4,16,DRUM_APTPU,LOA,true,true
beta_test_all.json,511,6,6,32,8,5,16,1,4,16,BAM,LOA,true,true
beta_test_all.json,512,16,16,16,7,12,16,1,4,16,DRUM_APTPU,SETA,false,true
beta_test_all.json,513,4,4,32,3,2,16,1,4,16,BAM,APPROX5,true,true
beta_test_all.json,514,8,8,32,5,6,16,1,4,16,DRUM_APTPU,SETA,false,true
beta_test_all.json,515,6,6,16,3,5,16,1,4,16,BAM,LOAWA,false,true
beta_test_all.json,516,16,16,16,4,5,16,1,4,16,DRUM_APTPU,OLOCA4,false,false
beta_test_all.json,517,6,6,8,8,4,16,1,4,16,DRUM_APTPU,HEAA,true,true
beta_test_all.json,518,4,4,8,5,2,16,1,4,16,BAM,HEAA,true,true
beta_test_all.json,519,6,6,8,5,4,16,1,4,16,BAM,LOAWA,true,true
beta_test_all.json,520,6,6,8,3,5,16,1,4,16,DRUM_APTPU,HOAANED,false,true
beta_test_all.json,521,8,8,16,8,2,16,1,4,16,DRUM_APTPU,MHEAA,true,true
beta_test_all.json,522,32,32,16,16,4,16,1,4,16,DRUM_APTPU,MHEAA,true,true
beta_test_all.json,523,32,32,32,8,12,16,1,4,16,DRUM_APTPU,MHERLOA,false,true
beta_test_all.json,524,16,16,32,5,5,16,1,4,16,DRUM_APTPU,LZTA,true,true
beta_test_all.json,525,8,8,8,4,3,16,1,4,16,DRUM_APTPU,LOA,true,true
beta_test_all.json,526,4,4,16,32,5,16,1,4,16,BAM,HEAA,true,true
beta_test_all.json,527,8,8,32,32,4,16,1,4,16,DRUM_APTPU,HEAA,true,true
beta_test_all.json,528,4,4,8,4,3,16,1,4,16,BAM,HEAA,true,true
beta_test_all.json,529,4,4,16,3,2,16,1,4,16,UDM,SETA,true,true
beta_test_all.json,530,32,32,16,4,8,16,1,4,16,DRUM_APTPU,OLOCA4,false,false
beta_test_all.json,531,4,4,8,32,8,16,1,4,16,BAM,HOERAA,true,true
beta_test_all.json,532,4,4,8,8,3,16,1,4,16,DRUM_APTPU,SETA,true,true
beta_test_all.json,533,4,4,8,4,10,16,1,4,16,DRUM_APTPU,LOA,false,true
beta_test_all.json,534,32,32,16,8,6,16,1,4,16,DRUM_APTPU,OLOCA4,true,false
beta_test_all.json,535,8,8,8,4,10,16,1,4,16,DRUM_APTPU,HOAANED,false,true
beta_test_all.json,536,16,16,8,6,5,16,1,4,16,DRUM_APTPU,LOAWA,true,true
beta_test_all.json,537,8,8,16,3,6,16,1,4,16,BAM,OLOCA4,false,false
beta_test_all.json,538,16,16,32,4,2,16,1,4,16,DRUM_APTPU,LOAWA,true,true
beta_test_all.json,539,32,32,32,32,4,16,1,4,16,DRUM_APTPU,LZTA,true,true
beta_test_all.json,540,6,6,32,16,3,16,1,4,16,DRUM_APTPU,LOA,true,true
beta_test_all.json,541,6,6,16,6,3,16,1,4,16,BAM,LOAWA,true,true
beta_test_all.json,542,8,8,16,7,8,16,1,4,16,DRUM_APTPU,MHEAA,false,true
beta_test_all.json,543,16,16,16,4,12,16,1,4,16,DRUM_APTPU,LOA,false,true
beta_test_all.json,544,32,32,8,32,10,16,1,4,16,DRUM_APTPU,SETA,false,true
beta_test_all.json,545,4,4,16,6,6,16,1,4,16,BAM,LOA,true,true
beta_test_all.json,546,4,4,8,8,4,16,1,4,16,BAM,HOERAA,true,true
beta_test_all.json,547,4,4,32,16,8,16,1,4,16,DRUM_APTPU,MHERLOA,true,true
beta_test_all.json,548,8,8,16,5,4,16,1,4,16,DRUM_APTPU,SETA,true,true
beta_test_all.json,549,4,4,8,16,4,16,1,4,16,BAM,MHERLOA,true,true
beta_test_all.json,550,6,6,8,6,5,16,1,4,16,DRUM_APTPU,MHEAA,true,true
beta_test_all.json,551,32,32,32,16,3,16,1,4,16,DRUM_APTPU,MHEAA,true,true
beta_test_all.json,552,4,4,16,32,10,16,1,4,16,DRUM_APTPU,HEAA,true,true
beta_test_all.json,553,4,4,32,6,3,16,1,4,16,BAM,HOERAA,true,true
beta_test_all.json,554,6,6,8,4,10,16,1,4,16,BAM,LOAWA,false,true
beta_test_all.json,555,4,4,8,3,10,16,1,4,16,UDM,MHERLOA,false,true
beta_test_all.json,556,4,4,32,8,2,16,1,4,16,DRUM_APTPU,LOAWA,true,true
beta_test_all.json,557,4,4,8,3,3,16,1,4,16,DRUM_APTPU,SETA,true,true
beta_test_all.json,558,4,4,16,4,8,16,1,4,16,UDM,MHERLOA,false,true
beta_test_all.json,559,4,4,8,6,4,16,1,4,16,DRUM_APTPU,MHEAA,true,true
beta_test_all.json,560,4,4,16,3,5,16,1,4,16,DRUM_APTPU,LZTA,false,true
beta_test_all.json,561,4,4,16,6,8,16,1,4,16,UDM,SETA,false,true
beta_test_all.json,562,6,6,16,7,3,16,1,4,16,DRUM_APTPU,MHERLOA,true,true
beta_test_all.json,563,6,6,32,7,5,16,1,4,16,DRUM_APTPU,OLOCA4,true,false
beta_test_all.json,564,6,6,16,8,4,16,1,4,16,DRUM_APTPU,LOA,true,true
beta_test_all.json,565,4,4,8,7,2,16,1,4,16,BAM,APPROX5,true,true
beta_test_all.json,566,6,6,16,3,2,16,1,4,16,DRUM_APTPU,SETA,true,true
beta_test_all.json,567,8,8,8,6,4,16,1,4,16,DRUM_APTPU,HOAANED,true,true
beta_test_all.json,568,4,4,16,7,4,16,1,4,16,UDM,MHERLOA,true,true
beta_test_all.json,569,4,4,16,7,4,16,1,4,16,BAM,MHEAA,true,true
beta_test_all.json,570,4,4,16,8,2,16,1,4,16,DRUM_APTPU,HOAANED,true,true
beta_test_all.json,571,4,4,32,16,12,16,1,4,16,BAM,HOAANED,true,true
beta_test_all.json,572,8,8,16,8,8,16,1,4,16,DRUM_APTPU,MHEAA,true,true
beta_test_all.json,573,8,8,16,7,2,16,1,4,16,DRUM_APTPU,HOAANED,true,true
beta_test_all.json,574,6,6,8,4,4,16,1,4,16,BAM,HERLOA,true,true
beta_test_all.json,575,32,32,16,16,3,16,1,4,16,DRUM_APTPU,SETA,true,true
beta_test_all.json,576,8,8,32,6,10,16,1,4,16,DRUM_APTPU,SETA,false,true
beta_test_all.json,577,6,6,8,4,6,16,1,4,16,DRUM_APTPU,HEAA,false,true
beta_test_all.json,578,6,6,8,5,8,16,1,4,16,DRUM_APTPU,HOAANED,false,true
beta_test_all.json,579,6,6,32,5,12,16,1,4,16,DRUM_APTPU,HEAA,false,true
beta_test_all.json,580,8,8,8,32,4,16,1,4,16,DRUM_APTPU,LOA,true,true
beta_test_all.json,581,16,16,16,32,12,16,1,4,16,DRUM_APTPU,LZTA,true,true
beta_test_all.json,582,8,8,32,16,10,16,1,4,16,DRUM_APTPU,OLOCA4,true,false
beta_test_all.json,583,4,4,32,16,10,16,1,4,16,BAM,HOERAA,true,true
beta_test_all.json,584,16,16,16,3,12,16,1,4,16,DRUM_APTPU,OLOCA4,false,false
beta_test_all.json,585,32,32,16,5,2,16,1,4,16,DRUM_APTPU,LZTA,true,true
beta_test_all.json,586,6,6,8,4,5,16,1,4,16,BAM,HERLOA,false,true
beta_test_all.json,587,16,16,16,4,4,16,1,4,16,DRUM_APTPU,MHERLOA,true,true
beta_test_all.json,588,6,6,8,5,3,16,1,4,16,BAM,MHEAA,true,true
beta_test_all.json,589,8,8,16,4,6,16,1,4,16,DRUM_APTPU,LOA,false,true
beta_test_all.json,590,8,8,8,16,4,16,1,4,16,DRUM_APTPU,HEAA,true,true
beta_test_all.json,591,4,4,32,7,3,16,1,4,16,UDM,MHERLOA,true,true
beta_test_all.json,592,8,8,8,3,3,16,1,4,16,DRUM_APTPU,HOAANED,true,true
beta_test_all.json,593,16,16,8,7,8,16,1,4,16,DRUM_APTPU,LOAWA,false,true
beta_test_all.json,594,8,8,32,8,2,16,1,4,16,DRUM_APTPU,LOA,true,true
beta_test_all.json,595,4,4,32,3,5,16,1,4,16,BAM,LZTA,false,true
beta_test_all.json,596,6,6,32,5,12,16,1,4,16,DRUM_APTPU,APPROX5,false,true
beta_test_all.json,597,32,32,16,3,10,16,1,4,16,DRUM_APTPU,MHERLOA,false,true
beta_test_all.json,598,32,32,8,6,10,16,1,4,16,DRUM_APTPU,SETA,false,true
beta_test_all.json,599,6,6,8,5,8,16,1,4,16,BAM,HERLOA,false,true
beta_test_all.json,600,8,8,8,5,5,16,1,4,16,DRUM_APTPU,HEAA,true,true
beta_test_all.json,601,4,4,16,6,5,16,1,4,16,DRUM_APTPU,HOERAA,true,true
beta_test_all.json,602,6,6,16,3,10,16,1,4,16,DRUM_APTPU,LOA,false,true
beta_test_all.json,603,4,4,16,4,3,16,1,4,16,BAM,MHEAA,true,true
beta_test_all.json,604,8,8,8,7,8,16,1,4,16,BAM,OLOCA4,false,false
beta_test_all.json,605,8,8,32,4,8,16,1,4,16,BAM,OLOCA4,false,false
beta_test_all.json,606,6,6,16,3,8,16,1,4,16,BAM,OLOCA4,false,false
beta_test_all.json,607,6,6,8,32,12,16,1,4,16,DRUM_APTPU,HEAA,false,true
beta_test_all.json,608,4,4,16,7,5,16,1,4,16,DRUM_APTPU,APPROX5,true,true
beta_test_all.json,609,6,6,32,32,4,16,1,4,16,DRUM_APTPU,LZTA,true,true
beta_test_all.json,610,16,16,8,3,12,16,1,4,16,DRUM_APTPU,OLOCA4,false,false
beta_test_all.json,611,32,32,32,5,5,16,1,4,16,DRUM_APTPU,MHERLOA,true,true
beta_test_all.json,612,4,4,32,6,5,16,1,4,16,BAM,APPROX5,true,true
beta_test_all.json,613,8,8,32,6,3,16,1,4,16,DRUM_APTPU,HERLOA,true,true
beta_test_all.json,614,4,4,16,7,5,16,1,4,16,DRUM_APTPU,HOERAA,true,true
beta_test_all.json,615,4,4,32,6,2,16,1,4,16,DRUM_APTPU,HOAANED,true,true
beta_test_all.json,616,4,4,8,5,5,16,1,4,16,BAM,MHERLOA,true,true
beta_test_all.json,617,6,6,16,4,8,16,1,4,16,DRUM_APTPU,HEAA,false,true
beta_test_all.json,618,8,8,16,6,5,16,1,4,16,DRUM_APTPU,MHEAA,true,true
beta_test_all.json,619,6,6,16,32,12,16,1,4,16,DRUM_APTPU,HEAA,true,true
beta_test_all.json,620,6,6,32,16,5,16,1,4,16,DRUM_APTPU,APPROX5,true,true
beta_test_all.json,621,6,6,16,6,5,16,1,4,16,DRUM_APTPU,SETA,true,true
beta_test_all.json,622,16,16,32,16,5,16,1,4,16,DRUM_APTPU,MHEAA,true,true
beta_test_all.json,623,8,8,8,4,10,16,1,4,16,DRUM_APTPU,OLOCA4,false,false
beta_test_all.json,624,8,8,16,32,12,16,1,4,16,DRUM_APTPU,LZTA,true,true
beta_test_all.json,625,4,4,32,16,12,16,1,4,16,BAM,OLOCA4,true,false
beta_test_all.json,626,4,4,8,8,8,16,1,4,16,UDM,LZTA,true,true
beta_test_all.json,627,6,6,16,16,8,16,1,4,16,BAM,OLOCA4,true,false
beta_test_all.json,628,6,6,32,6,3,16,1,4,16,BAM,LZTA,true,true
beta_test_all.json,629,4,4,8,32,10,16,1,4,16,DRUM_APTPU,HOERAA,false,true
beta_test_all.json,630,8,8,8,4,10,16,1,4,16,BAM,HERLOA,false,true
beta_test_all.json,631,6,6,8,7,6,16,1,4,16,BAM,HOERAA,true,true
beta_test_all.json,632,6,6,16,32,4,16,1,4,16,DRUM_APTPU,LOA,true,true
beta_test_all.json,633,16,16,8,4,3,16,1,4,16,DRUM_APTPU,MHERLOA,true,true
beta_test_all.json,634,4,4,8,4,6,16,1,4,16,BAM,HERLOA,false,true
beta_test_all.json,635,4,4,32,5,8,16,1,4,16,BAM,HOERAA,false,true
beta_test_all.json,636,4,4,32,5,8,16,1,4,16,BAM,LOAWA,false,true
beta_test_all.json,637,4,4,32,3,6,16,1,4,16,BAM,LOA,false,true
beta_test_all.json,638,16,16,16,8,8,16,1,4,16,DRUM_APTPU,HERLOA,true,true
beta_test_all.json,639,4,4,16,8,12,16,1,4,16,DRUM_APTPU,MHEAA,false,true
beta_test_all.json,640,32,32,16,7,12,16,1,4,16,DRUM_APTPU,HERLOA,false,true
beta_test_all.json,641,6,6,8,16,10,16,1,4,16,DRUM_APTPU,LOA,false,true
beta_test_all.json,642,8,8,16,5,8,16,1,4,16,DRUM_APTPU,SETA,false,true
beta_test_all.json,643,4,4,8,32,10,16,1,4,16,BAM,HERLOA,false,true
beta_test_all.json,644,16,16,16,7,3,16,1,4,16,DRUM_APTPU,MHEAA,true,true
beta_test_all.json,645,4,4,16,8,5,16,1,4,16,UDM,LZTA,true,true
beta_test_all.json,646,4,4,16,32,5,16,1,4,16,DRUM_APTPU,LZTA,true,true
beta_test_all.json,647,6,6,8,5,8,16,1,4,16,DRUM_APTPU,MHEAA,false,true
beta_test_all.json,648,4,4,16,16,10,16,1,4,16,UDM,MHEAA,true,true
beta_test_all.json,649,4,4,16,6,8,16,1,4,16,UDM,HERLOA,false,true
beta_test_all.json,650,8,8,32,16,10,16,1,4,16,DRUM_APTPU,HOAANED,true,true
beta_test_all.json,651,4,4,8,16,8,16,1,4,16,BAM,HOAANED,true,true
beta_test_all.json,652,6,6,8,32,2,16,1,4,16,BAM,LOAWA,true,true
beta_test_all.json,653,16,16,32,16,5,16,1,4,16,DRUM_APTPU,LOAWA,true,true
beta_test_all.json,654,4,4,32,6,5,16,1,4,16,DRUM_APTPU,LOA,true,true
beta_test_all.json,655,4,4,32,8,4,16,1,4,16,DRUM_APTPU,LOAWA,true,true
beta_test_all.json,656,6,6,32,4,12,16,1,4,16,BAM,OLOCA4,false,false
beta_test_all.json,657,4,4,8,3,12,16,1,4,16,DRUM_APTPU,MHEAA,false,true
beta_test_all.json,658,6,6,16,7,4,16,1,4,16,BAM,MHEAA,true,true
beta_test_all.json,659,4,4,16,32,5,16,1,4,16,BAM,SETA,true,true
beta_test_all.json,660,6,6,8,4,12,16,1,4,16,DRUM_APTPU,HOAANED,false,true
beta_test_all.json,661,4,4,8,4,5,16,1,4,16,DRUM_APTPU,LOAWA,false,true
beta_test_all.json,662,4,4,16,7,4,16,1,4,16,BAM,MHERLOA,true,true
beta_test_all.json,663,6,6,16,5,2,16,1,4,16,BAM,LZTA,true,true
beta_test_all.json,664,4,4,8,5,6,16,1,4,16,UDM,MHERLOA,false,true
beta_test_all.json,665,4,4,32,4,3,16,1,4,16,DRUM_APTPU,LOA,true,true
beta_test_all.json,666,8,8,16,4,12,16,1,4,16,DRUM_APTPU,LOA,false,true
beta_test_all.json,667,8,8,32,16,10,16,1,4,16,DRUM_APTPU,MHERLOA,true,true
beta_test_all.json,668,4,4,32,6,3,16,1,4,16,BAM,LZTA,true,true
beta_test_all.json,669,4,4,16,4,4,16,1,4,16,BAM,LOAWA,true,true
beta_test_all.json,670,6,6,32,32,8,16,1,4,16,DRUM_APTPU,HERLOA,true,true
beta_test_all.json,671,32,32,8,32,5,16,1,4,16,DRUM_APTPU,MHERLOA,true,true
beta_test_all.json,672,4,4,32,3,5,16,1,4,16,BAM,HOAANED,false,true
beta_test_all.json,673,8,8,32,8,5,16,1,4,16,DRUM_APTPU,LOAWA,true,true
beta_test_all.json,674,4,4,8,5,6,16,1,4,16,UDM,OLOCA4,false,false
beta_test_all.json,675,4,4,16,5,3,16,1,4,16,DRUM_APTPU,APPROX5,true,true
beta_test_all.json,676,4,4,32,8,2,16,1,4,16,UDM,SETA,true,true
beta_test_all.json,677,6,6,8,32,4,16,1,4,16,BAM,HERLOA,true,true
beta_test_all.json,678,32,32,16,16,8,16,1,4,16,DRUM_APTPU,SETA,true,true
beta_test_all.json,679,4,4,8,7,10,16,1,4,16,DRUM_APTPU,APPROX5,false,true
beta_test_all.json,680,16,16,32,8,4,16,1,4,16,DRUM_APTPU,MHERLOA,true,true
beta_test_all.json,681,6,6,32,5,2,16,1,4,16,DRUM_APTPU,MHEAA,true,true
beta_test_all.json,682,6,6,8,16,8,16,1,4,16,DRUM_APTPU,SETA,true,true
beta_test_all.json,683,4,4,16,16,12,16,1,4,16,DRUM_APTPU,OLOCA4,true,false
beta_test_all.json,684,6,6,32,4,5,16,1,4,16,BAM,LOA,false,true
beta_test_all.json,685,4,4,32,4,5,16,1,4,16,DRUM_APTPU,HOAANED,false,true
beta_test_all.json,686,8,8,32,7,8,16,1,4,16,DRUM_APTPU,MHERLOA,false,true
beta_test_all.json,687,6,6,8,32,5,16,1,4,16,BAM,MHERLOA,true,true
beta_test_all.json,688,4,4,16,6,3,16,1,4,16,UDM,HERLOA,true,true
beta_test_all.json,689,4,4,8,32,2,16,1,4,16,BAM,LOA,true,true
beta_test_all.json,690,4,4,16,7,8,16,1,4,16,BAM,OLOCA4,false,false
beta_test_all.json,691,32,32,16,3,3,16,1,4,16,DRUM_APTPU,MHERLOA,true,true
beta_test_all.json,692,32,32,8,32,5,16,1,4,16,DRUM_APTPU,LOAWA,true,true
beta_test_all.json,693,6,6,16,5,4,16,1,4,16,BAM,LOA,true,true
beta_test_all.json,694,4,4,8,5,5,16,1,4,16,DRUM_APTPU,LOAWA,true,true
beta_test_all.json,695,4,4,8,3,5,16,1,4,16,BAM,LOAWA,false,true
beta_test_all.json,696,16,16,16,32,8,16,1,4,16,DRUM_APTPU,SETA,true,true
beta_test_all.json,697,6,6,32,6,3,16,1,4,16,DRUM_APTPU,OLOCA4,true,false
beta_test_all.json,698,4,4,8,6,10,16,1,4,16,BAM,LOA,false,true
beta_test_all.json,699,6,6,16,5,6,16,1,4,16,DRUM_APTPU,LOA,false,true
beta_test_all.json,700,6,6,32,32,6,16,1,4,16,DRUM_APTPU,HERLOA,true,true
beta_test_all.json,701,16,16,32,8,12,16,1,4,16,DRUM_APTPU,MHERLOA,false,true
beta_test_all.json,702,8,8,8,7,2,16,1,4,16,DRUM_APTPU,HEAA,true,true
beta_test_all.json,703,8,8,16,32,6,16,1,4,16,DRUM_APTPU,HERLOA,true,true
beta_test_all.json,704,4,4,16,32,6,16,1,4,16,DRUM_APTPU,LOAWA,true,true
beta_test_all.json,705,4,4,16,7,8,16,1,4,16,UDM,SETA,false,true
beta_test_all.json,706,6,6,16,3,12,16,1,4,16,BAM,MHERLOA,false,true
beta_test_all.json,707,6,6,8,3,12,16,1,4,16,DRUM_APTPU,SETA,false,true
beta_test_all.json,708,8,8,32,6,5,16,1,4,16,BAM,SETA,true,true
beta_test_all.json,709,8,8,8,16,2,16,1,4,16,DRUM_APTPU,HERLOA,true,true
beta_test_all.json,710,4,4,8,8,12,16,1,4,16,BAM,APPROX5,false,true
beta_test_all.json,711,6,6,32,7,8,16,1,4,16,BAM,SETA,false,true
beta_test_all.json,712,16,16,32,5,10,16,1,4,16,DRUM_APTPU,MHERLOA,false,true
beta_test_all.json,713,6,6,32,5,5,16,1,4,16,DRUM_APTPU,MHERLOA,true,true
beta_test_all.json,714,32,32,8,4,2,16,1,4,16,DRUM_APTPU,HERLOA,true,true
beta_test_all.json,715,4,4,8,5,2,16,1,4,16,DRUM_APTPU,MHERLOA,true,true
beta_test_all.json,716,4,4,8,3,5,16,1,4,16,DRUM_APTPU,SETA,false,true
beta_test_all.json,717,8,8,8,5,5,16,1,4,16,DRUM_APTPU,HOAANED,true,true
beta_test_all.json,718,8,8,8,7,5,16,1,4,16,DRUM_APTPU,OLOCA4,true,false
beta_test_all.json,719,4,4,8,8,4,16,1,4,16,BAM,SETA,true,true
beta_test_all.json,720,4,4,16,4,4,16,1,4,16,BAM,MHERLOA,true,true
beta_test_all.json,721,8,8,16,4,5,16,1,4,16,DRUM_APTPU,LOA,false,true
beta_test_all.json,722,32,32,32,32,12,16,1,4,16,DRUM_APTPU,LZTA,true,true
beta_test_all.json,723,16,16,32,6,8,16,1,4,16,DRUM_APTPU,HERLOA,false,true
beta_test_all.json,724,4,4,16,7,12,16,1,4,16,UDM,LZTA,false,true
beta_test_all.json,725,6,6,8,3,4,16,1,4,16,DRUM_APTPU,HOAANED,false,true
beta_test_all.json,726,8,8,32,16,2,16,1,4,16,DRUM_APTPU,HOAANED,true,true
beta_test_all.json,727,8,8,16,8,2,16,1,4,16,DRUM_APTPU,HEAA,true,true
beta_test_all.json,728,4,4,32,4,8,16,1,4,16,DRUM_APTPU,HOERAA,false,true
beta_test_all.json,729,32,32,32,6,2,16,1,4,16,DRUM_APTPU,MHEAA,true,true
beta_test_all.json,730,4,4,16,3,2,16,1,4,16,UDM,MHEAA,true,true
beta_test_all.json,731,6,6,32,4,12,16,1,4,16,DRUM_APTPU,MHERLOA,false,true
beta_test_all.json,732,8,8,16,32,6,16,1,4,16,DRUM_APTPU,LOAWA,true,true
beta_test_all.json,733,4,4,32,4,4,16,1,4,16,UDM,MHERLOA,true,true
beta_test_all.json,734,8,8,8,16,5,16,1,4,16,BAM,SETA,true,true
beta_test_all.json,735,32,32,32,5,3,16,1,4,16,DRUM_APTPU,SETA,true,true
beta_test_all.json,736,8,8,16,3,2,16,1,4,16,BAM,OLOCA4,true,false
beta_test_all.json,737,8,8,8,3,4,16,1,4,16,DRUM_APTPU,LOAWA,false,true
beta_test_all.json,738,32,32,32,16,5,16,1,4,16,DRUM_APTPU,HERLOA,true,true
beta_test_all.json,739,6,6,8,16,12,16,1,4,16,BAM,SETA,false,true
beta_test_all.json,740,32,32,8,7,5,16,1,4,16,DRUM_APTPU,LZTA,true,true
beta_test_all.json,741,4,4,16,5,10,16,1,4,16,DRUM_APTPU,HOERAA,false,true
beta_test_all.json,742,8,8,16,7,12,16,1,4,16,DRUM_APTPU,MHEAA,false,true
beta_test_all.json,743,8,8,32,8,8,16,1,4,16,DRUM_APTPU,HOAANED,true,true
beta_test_all.json,744,6,6,8,7,4,16,1,4,16,DRUM_APTPU,HOERAA,true,true
beta_test_all.json,745,16,16,32,16,4,16,1,4,16,DRUM_APTPU,OLOCA4,true,false
beta_test_all.json,746,4,4,16,8,4,16,1,4,16,BAM,MHERLOA,true,true
beta_test_all.json,747,6,6,16,3,2,16,1,4,16,BAM,SETA,true,true
beta_test_all.json,748,32,32,32,4,4,16,1,4,16,DRUM_APTPU,MHEAA,true,true
beta_test_all.json,749,16,16,32,7,8,16,1,4,16,DRUM_APTPU,MHEAA,false,true
beta_test_all.json,750,6,6,8,5,6,16,1,4,16,BAM,HOERAA,false,true
beta_test_all.json,751,6,6,8,5,5,16,1,4,16,BAM,LOA,true,true
beta_test_all.json,752,8,8,8,3,2,16,1,4,16,BAM,OLOCA4,true,false
beta_test_all.json,753,8,8,16,8,12,16,1,4,16,DRUM_APTPU,MHEAA,false,true
beta_test_all.json,754,4,4,32,7,12,16,1,4,16,UDM,HERLOA,false,true
beta_test_all.json,755,32,32,16,6,3,16,1,4,16,DRUM_APTPU,HERLOA,true,true
beta_test_all.json,756,4,4,32,7,3,16,1,4,16,BAM,MHEAA,true,true
beta_test_all.json,757,6,6,16,32,6,16,1,4,16,BAM,LOAWA,true,true
beta_test_all.json,758,4,4,16,32,8,16,1,4,16,DRUM_APTPU,SETA,true,true
beta_test_all.json,759,4,4,16,7,2,16,1,4,16,BAM,HERLOA,true,true
beta_test_all.json,760,16,16,8,4,3,16,1,4,16,DRUM_APTPU,MHEAA,true,true
beta_test_all.json,761,4,4,16,5,3,16,1,4,16,DRUM_APTPU,SETA,true,true
beta_test_all.json,762,8,8,16,8,12,16,1,4,16,DRUM_APTPU,LZTA,false,true
beta_test_all.json,763,32,32,8,8,8,16,1,4,16,DRUM_APTPU,SETA,true,true
beta_test_all.json,764,6,6,16,5,6,16,1,4,16,BAM,MHERLOA,false,true
beta_test_all.json,765,4,4,16,32,4,16,1,4,16,DRUM_APTPU,HOERAA,true,true
beta_test_all.json,766,32,32,16,6,4,16,1,4,16,DRUM_APTPU,LZTA,true,true
beta_test_all.json,767,4,4,8,16,2,16,1,4,16,DRUM_APTPU,LOA,true,true
beta_test_all.json,768,4,4,16,3,8,16,1,4,16,BAM,LZTA,false,true
beta_test_all.json,769,16,16,32,4,5,16,1,4,16,DRUM_APTPU,LOAWA,false,true
beta_test_all.json,770,4,4,32,8,12,16,1,4,16,DRUM_APTPU,HEAA,false,true
beta_test_all.json,771,8,8,32,6,6,16,1,4,16,DRUM_APTPU,APPROX5,true,true
beta_test_all.json,772,4,4,8,5,2,16,1,4,16,DRUM_APTPU,HERLOA,true,true
beta_test_all.json,773,16,16,16,7,2,16,1,4,16,DRUM_APTPU,SETA,true,true
beta_test_all.json,774,6,6,8,16,8,16,1,4,16,BAM,LOAWA,true,true
beta_test_all.json,775,4,4,16,32,6,16,1,4,16,UDM,HERLOA,true,true
beta_test_all.json,776,16,16,16,32,10,16,1,4,16,DRUM_APTPU,SETA,true,true
beta_test_all.json,777,6,6,32,16,10,16,1,4,16,BAM,MHEAA,true,true
beta_test_all.json,778,16,16,8,8,6,16,1,4,16,DRUM_APTPU,LZTA,true,true
beta_test_all.json,779,16,16,16,32,8,16,1,4,16,DRUM_APTPU,LOA,true,true
beta_test_all.json,780,4,4,8,3,3,16,1,4,16,DRUM_APTPU,HEAA,true,true
beta_test_all.json,781,4,4,16,5,2,16,1,4,16,DRUM_APTPU,MHERLOA,true,true
beta_test_all.json,782,4,4,16,8,4,16,1,4,16,DRUM_APTPU,LOA,true,true
beta_test_all.json,783,4,4,8,16,10,16,1,4,16,UDM,OLOCA4,false,false
beta_test_all.json,784,4,4,16,32,6,16,1,4,16,DRUM_APTPU,HOERAA,true,true
beta_test_all.json,785,8,8,32,32,10,16,1,4,16,DRUM_APTPU,SETA,true,true
beta_test_all.json,786,6,6,16,5,6,16,1,4,16,BAM,HOERAA,false,true
beta_test_all.json,787,6,6,32,4,3,16,1,4,16,BAM,OLOCA4,true,false
beta_test_all.json,788,6,6,8,32,5,16,1,4,16,BAM,OLOCA4,true,false
beta_test_all.json,789,6,6,8,3,6,16,1,4,16,DRUM_APTPU,LOA,false,true
beta_test_all.json,790,6,6,16,3,8,16,1,4,16,DRUM_APTPU,OLOCA4,false,false
beta_test_all.json,791,4,4,16,5,5,16,1,4,16,UDM,SETA,true,true
beta_test_all.json,792,4,4,8,6,4,16,1,4,16,DRUM_APTPU,LOAWA,true,true
beta_test_all.json,793,6,6,16,16,2,16,1,4,16,BAM,SETA,true,true
beta_test_all.json,794,6,6,8,7,4,16,1,4,16,BAM,LZTA,true,true
beta_test_all.json,795,4,4,8,7,6,16,1,4,16,DRUM_APTPU,HOERAA,true,true
beta_test_all.json,796,6,6,8,32,12,16,1,4,16,DRUM_APTPU,LOA,false,true
beta_test_all.json,797,8,8,32,4,12,16,1,4,16,DRUM_APTPU,SETA,false,true
beta_test_all.json,798,6,6,16,3,8,16,1,4,16,DRUM_APTPU,LOA,false,true
beta_test_all.json,799,4,4,8,16,4,16,1,4,16,BAM,SETA,true,true
beta_test_all.json,800,6,6,32,6,3,16,1,4,16,DRUM_APTPU,HERLOA,true,true
beta_test_all.json,801,8,8,8,8,12,16,1,4,16,DRUM_APTPU,LZTA,false,true
beta_test_all.json,802,8,8,32,4,2,16,1,4,16,DRUM_APTPU,LZTA,true,true
beta_test_all.json,803,4,4,16,16,12,16,1,4,16,BAM,HEAA,true,true
beta_test_all.json,804,4,4,8,7,2,16,1,4,16,BAM,MHEAA,true,true
beta_test_all.json,805,4,4,8,5,10,16,1,4,16,DRUM_APTPU,APPROX5,false,true
beta_test_all.json,806,8,8,32,4,8,16,1,4,16,DRUM_APTPU,OLOCA4,false,false
beta_test_all.json,807,4,4,16,5,6,16,1,4,16,DRUM_APTPU,HOAANED,false,true
beta_test_all.json,808,16,16,16,6,12,16,1,4,16,DRUM_APTPU,LZTA,false,true
beta_test_all.json,809,6,6,32,3,10,16,1,4,16,DRUM_APTPU,HERLOA,false,true
beta_test_all.json,810,8,8,32,7,12,16,1,4,16,DRUM_APTPU,HERLOA,false,true
beta_test_all.json,811,4,4,32,32,2,16,1,4,16,DRUM_APTPU,OLOCA4,true,false
beta_test_all.json,812,6,6,16,8,5,16,1,4,16,DRUM_APTPU,LOAWA,true,true
beta_test_all.json,813,6,6,32,6,8,16,1,4,16,BAM,MHERLOA,false,true
beta_test_all.json,814,6,6,16,4,3,16,1,4,16,BAM,LZTA,true,true
beta_test_all.json,815,16,16,8,6,10,16,1,4,16,DRUM_APTPU,LOA,false,true
beta_test_all.json,816,4,4,8,4,2,16,1,4,16,BAM,SETA,true,true
beta_test_all.json,817,8,8,16,8,8,16,1,4,16,BAM,OLOCA4,true,false
beta_test_all.json,818,6,6,16,4,12,16,1,4,16,BAM,MHEAA,false,true
beta_test_all.json,819,4,4,16,3,5,16,1,4,16,BAM,LZTA,false,true
beta_test_all.json,820,4,4,16,7,2,16,1,4,16,DRUM_APTPU,LOA,true,true
beta_test_all.json,821,8,8,32,5,3,16,1,4,16,DRUM_APTPU,LZTA,true,true
beta_test_all.json,822,4,4,32,3,6,16,1,4,16,DRUM_APTPU,LOA,false,true
beta_test_all.json,823,16,16,32,32,4,16,1,4,16,DRUM_APTPU,MHERLOA,true,true
beta_test_all.json,824,6,6,32,7,12,16,1,4,16,DRUM_APTPU,HERLOA,false,true
beta_test_all.json,825,6,6,16,4,8,16,1,4,16,DRUM_APTPU,HOERAA,false,true
beta_test_all.json,826,6,6,32,6,2,16,1,4,16,BAM,SETA,true,true
beta_test_all.json,827,8,8,16,16,2,16,1,4,16,DRUM_APTPU,HERLOA,true,true
beta_test_all.json,828,16,16,32,3,3,16,1,4,16,DRUM_APTPU,SETA,true,true
beta_test_all.json,829,4,4,16,16,4,16,1,4,16,BAM,LOA,true,true
beta_test_all.json,830,6,6,16,4,3,16,1,4,16,DRUM_APTPU,MHERLOA,true,true
beta_test_all.json,831,6,6,32,16,3,16,1,4,16,DRUM_APTPU,MHERLOA,true,true
beta_test_all.json,832,4,4,32,7,2,16,1,4,16,BAM,MHEAA,true,true
beta_test_all.json,833,4,4,16,32,8,16,1,4,16,BAM,HOAANED,true,true
beta_test_all.json,834,4,4,16,7,6,16,1,4,16,BAM,HEAA,true,true
beta_test_all.json,835,4,4,8,5,5,16,1,4,16,UDM,SETA,true,true
beta_test_all.json,836,6,6,16,6,4,16,1,4,16,DRUM_APTPU,MHERLOA,true,true
beta_test_all.json,837,4,4,16,8,8,16,1,4,16,DRUM_APTPU,HERLOA,true,true
beta_test_all.json,838,4,4,16,32,2,16,1,4,16,UDM,MHEAA,true,true
beta_test_all.json,839,4,4,8,3,4,16,1,4,16,DRUM_APTPU,HOERAA,false,true
beta_test_all.json,840,4,4,16,16,4,16,1,4,16,UDM,LZTA,true,true
beta_test_all.json,841,8,8,32,4,3,16,1,4,16,DRUM_APTPU,MHEAA,true,true
beta_test_all.json,842,4,4,8,6,2,16,1,4,16,DRUM_APTPU,HERLOA,true,true
beta_test_all.json,843,4,4,16,6,3,16,1,4,16,DRUM_APTPU,HOERAA,true,true
beta_test_all.json,844,16,16,16,5,6,16,1,4,16,DRUM_APTPU,OLOCA4,false,false
beta_test_all.json,845,16,16,16,8,4,16,1,4,16,DRUM_APTPU,OLOCA4,true,false
beta_test_all.json,846,4,4,16,6,12,16,1,4,16,BAM,HOERAA,false,true
beta_test_all.json,847,8,8,16,7,10,16,1,4,16,DRUM_APTPU,LOAWA,false,true
beta_test_all.json,848,4,4,16,3,8,16,1,4,16,BAM,OLOCA4,false,false
beta_test_all.json,849,6,6,8,32,10,16,1,4,16,DRUM_APTPU,HEAA,false,true
beta_test_all.json,850,4,4,16,32,6,16,1,4,16,UDM,MHEAA,true,true
beta_test_all.json,851,4,4,32,5,8,16,1,4,16,UDM,HERLOA,false,true
beta_test_all.json,852,32,32,8,7,12,16,1,4,16,DRUM_APTPU,OLOCA4,false,false
beta_test_all.json,853,16,16,32,5,10,16,1,4,16,DRUM_APTPU,OLOCA4,false,false
beta_test_all.json,854,6,6,8,6,4,16,1,4,16,DRUM_APTPU,HOAANED,true,true
beta_test_all.json,855,8,8,16,16,5,16,1,4,16,BAM,SETA,true,true
beta_test_all.json,856,6,6,16,8,8,16,1,4,16,DRUM_APTPU,APPROX5,true,true
beta_test_all.json,857,6,6,16,6,8,16,1,4,16,DRUM_APTPU,HEAA,false,true
beta_test_all.json,858,16,16,8,8,4,16,1,4,16,DRUM_APTPU,MHEAA,true,true
beta_test_all.json,859,4,4,8,32,8,16,1,4,16,UDM,LZTA,true,true
beta_test_all.json,860,4,4,8,8,10,16,1,4,16,BAM,APPROX5,false,true
beta_test_all.json,861,16,16,32,16,2,16,1,4,16,DRUM_APTPU,SETA,true,true
beta_test_all.json,862,4,4,32,3,8,16,1,4,16,BAM,OLOCA4,false,false
beta_test_all.json,863,6,6,8,8,5,16,1,4,16,DRUM_APTPU,HERLOA,true,true
beta_test_all.json,864,6,6,16,32,5,16,1,4,16,DRUM_APTPU,SETA,true,true
beta_test_all.json,865,32,32,16,3,4,16,1,4,16,DRUM_APTPU,HERLOA,false,true
beta_test_all.json,866,32,32,16,7,10,16,1,4,16,DRUM_APTPU,OLOCA4,false,false
beta_test_all.json,867,6,6,8,3,10,16,1,4,16,DRUM_APTPU,APPROX5,false,true
beta_test_all.json,868,4,4,16,7,3,16,1,4,16,BAM,HEAA,true,true
beta_test_all.json,869,16,16,8,6,10,16,1,4,16,DRUM_APTPU,SETA,false,true
beta_test_all.json,870,8,8,16,3,8,16,1,4,16,DRUM_APTPU,HOERAA,false,true
beta_test_all.json,871,4,4,16,6,3,16,1,4,16,BAM,HERLOA,true,true
beta_test_all.json,872,6,6,32,16,2,16,1,4,16,DRUM_APTPU,SETA,true,true
beta_test_all.json,873,6,6,8,7,8,16,1,4,16,BAM,HOERAA,false,true
beta_test_all.json,874,16,16,16,5,3,16,1,4,16,DRUM_APTPU,HERLOA,true,true
beta_test_all.json,875,8,8,16,5,2,16,1,4,16,DRUM_APTPU,OLOCA4,true,false
beta_test_all.json,876,4,4,16,32,5,16,1,4,16,BAM,HOAANED,true,true
beta_test_all.json,877,32,32,8,5,10,16,1,4,16,DRUM_APTPU,OLOCA4,false,false
beta_test_all.json,878,8,8,32,8,5,16,1,4,16,DRUM_APTPU,HERLOA,true,true
beta_test_all.json,879,4,4,8,32,4,16,1,4,16,DRUM_APTPU,LZTA,true,true
beta_test_all.json,880,6,6,32,3,10,16,1,4,16,DRUM_APTPU,HOAANED,false,true
beta_test_all.json,881,6,6,16,7,12,16,1,4,16,BAM,LZTA,false,true
beta_test_all.json,882,4,4,16,6,8,16,1,4,16,DRUM_APTPU,HEAA,false,true
beta_test_all.json,883,6,6,8,4,5,16,1,4,16,BAM,HOERAA,false,true
beta_test_all.json,884,4,4,8,6,2,16,1,4,16,DRUM_APTPU,OLOCA4,true,false
beta_test_all.json,885,6,6,16,6,8,16,1,4,16,DRUM_APTPU,LOAWA,false,true
beta_test_all.json,886,4,4,32,4,12,16,1,4,16,BAM,HEAA,false,true
beta_test_all.json,887,4,4,8,8,3,16,1,4,16,DRUM_APTPU,LZTA,true,true
beta_test_all.json,888,6,6,8,8,4,16,1,4,16,DRUM_APTPU,MHEAA,true,true
beta_test_all.json,889,8,8,16,16,10,16,1,4,16,BAM,HERLOA,true,true
beta_test_all.json,890,4,4,8,3,12,16,1,4,16,DRUM_APTPU,LOAWA,false,true
beta_test_all.json,891,4,4,32,7,12,16,1,4,16,UDM,MHEAA,false,true
beta_test_all.json,892,6,6,32,3,3,16,1,4,16,BAM,LOAWA,true,true
beta_test_all.json,893,16,16,8,3,5,16,1,4,16,DRUM_APTPU,LOA,false,true
beta_test_all.json,894,4,4,32,8,5,16,1,4,16,UDM,HERLOA,true,true
beta_test_all.json,895,4,4,16,32,5,16,1,4,16,BAM,MHEAA,true,true
beta_test_all.json,896,16,16,8,6,2,16,1,4,16,DRUM_APTPU,OLOCA4,true,false
beta_test_all.json,897,6,6,32,5,10,16,1,4,16,BAM,MHERLOA,false,true
beta_test_all.json,898,8,8,8,7,5,16,1,4,16,DRUM_APTPU,MHERLOA,true,true
beta_test_all.json,899,6,6,16,16,8,16,1,4,16,DRUM_APTPU,MHEAA,true,true
beta_test_all.json,900,6,6,16,8,6,16,1,4,16,BAM,LOAWA,true,true
beta_test_all.json,901,6,6,8,8,6,16,1,4,16,DRUM_APTPU,HOAANED,true,true
beta_test_all.json,902,4,4,16,32,2,16,1,4,16,UDM,OLOCA4,true,false
beta_test_all.json,903,6,6,8,16,10,16,1,4,16,BAM,SETA,false,true
beta_test_all.json,904,6,6,32,5,5,16,1,4,16,DRUM_APTPU,LOAWA,true,true
beta_test_all.json,905,6,6,16,3,6,16,1,4,16,DRUM_APTPU,HOAANED,false,true
beta_test_all.json,906,8,8,32,6,6,16,1,4,16,DRUM_APTPU,MHEAA,true,true
beta_test_all.json,907,8,8,8,16,6,16,1,4,16,BAM,HERLOA,true,true
beta_test_all.json,908,8,8,32,32,8,16,1,4,16,DRUM_APTPU,MHEAA,true,true
beta_test_all.json,909,6,6,8,6,6,16,1,4,16,DRUM_APTPU,APPROX5,true,true
beta_test_all.json,910,16,16,16,6,8,16,1,4,16,DRUM_APTPU,OLOCA4,false,false
beta_test_all.json,911,4,4,16,4,10,16,1,4,16,BAM,HERLOA,false,true
beta_test_all.json,912,4,4,32,32,12,16,1,4,16,BAM,LOA,true,true
beta_test_all.json,913,32,32,32,32,2,16,1,4,16,DRUM_APTPU,LZTA,true,true
beta_test_all.json,914,4,4,16,8,2,16,1,4,16,BAM,SETA,true,true
beta_test_all.json,915,6,6,32,4,10,16,1,4,16,DRUM_APTPU,HERLOA,false,true
beta_test_all.json,916,4,4,16,16,4,16,1,4,16,UDM,MHEAA,true,true
beta_test_all.json,917,6,6,32,8,3,16,1,4,16,DRUM_APTPU,HERLOA,true,true
beta_test_all.json,918,6,6,8,4,3,16,1,4,16,BAM,MHERLOA,true,true
beta_test_all.json,919,6,6,32,8,12,16,1,4,16,BAM,MHERLOA,false,true
beta_test_all.json,920,6,6,32,8,2,16,1,4,16,DRUM_APTPU,LZTA,true,true
beta_test_all.json,921,8,8,16,6,10,16,1,4,16,DRUM_APTPU,LOAWA,false,true
beta_test_all.json,922,4,4,8,32,6,16,1,4,16,DRUM_APTPU,HERLOA,true,true
beta_test_all.json,923,8,8,16,8,12,16,1,4,16,DRUM_APTPU,HOERAA,false,true
beta_test_all.json,924,6,6,32,16,6,16,1,4,16,BAM,MHEAA,true,true
beta_test_all.json,925,8,8,32,6,4,16,1,4,16,BAM,OLOCA4,true,false
beta_test_all.json,926,8,8,8,3,5,16,1,4,16,DRUM_APTPU,APPROX5,false,true
beta_test_all.json,927,8,8,32,32,3,16,1,4,16,DRUM_APTPU,MHERLOA,true,true
beta_test_all.json,928,6,6,8,5,4,16,1,4,16,BAM,MHERLOA,true,true
beta_test_all.json,929,6,6,16,4,12,16,1,4,16,DRUM_APTPU,LOA,false,true
beta_test_all.json,930,4,4,16,8,4,16,1,4,16,DRUM_APTPU,HOAANED,true,true
beta_test_all.json,931,8,8,32,4,2,16,1,4,16,DRUM_APTPU,LOA,true,true
beta_test_all.json,932,6,6,8,4,12,16,1,4,16,BAM,HERLOA,false,true
beta_test_all.json,933,4,4,16,32,3,16,1,4,16,UDM,HERLOA,true,true
beta_test_all.json,934,8,8,8,6,2,16,1,4,16,BAM,SETA,true,true
beta_test_all.json,935,4,4,16,16,4,16,1,4,16,UDM,SETA,true,true
beta_test_all.json,936,6,6,16,5,6,16,1,4,16,DRUM_APTPU,MHEAA,false,true
beta_test_all.json,937,6,6,32,6,2,16,1,4,16,BAM,MHERLOA,true,true
beta_test_all.json,938,4,4,16,4,3,16,1,4,16,BAM,MHERLOA,true,true
beta_test_all.json,939,8,8,8,5,6,16,1,4,16,DRUM_APTPU,APPROX5,false,true
beta_test_all.json,940,4,4,16,7,6,16,1,4,16,DRUM_APTPU,MHERLOA,true,true
beta_test_all.json,941,4,4,16,6,3,16,1,4,16,BAM,LOA,true,true
beta_test_all.json,942,8,8,8,8,12,16,1,4,16,DRUM_APTPU,LOAWA,false,true
beta_test_all.json,943,8,8,8,5,10,16,1,4,16,DRUM_APTPU,OLOCA4,false,false
beta_test_all.json,944,8,8,32,5,10,16,1,4,16,DRUM_APTPU,HOERAA,false,true
beta_test_all.json,945,32,32,8,4,5,16,1,4,16,DRUM_APTPU,LZTA,false,true
beta_test_all.json,946,4,4,32,16,12,16,1,4,16,DRUM_APTPU,LZTA,true,true
beta_test_all.json,947,6,6,32,4,4,16,1,4,16,BAM,LZTA,true,true
beta_test_all.json,948,4,4,8,6,6,16,1,4,16,BAM,APPROX5,true,true
beta_test_all.json,949,8,8,32,3,4,16,1,4,16,DRUM_APTPU,MHERLOA,false,true
beta_test_all.json,950,4,4,32,8,10,16,1,4,16,UDM,MHEAA,false,true
beta_test_all.json,951,32,32,16,6,3,16,1,4,16,DRUM_APTPU,SETA,true,true
beta_test_all.json,952,4,4,8,6,3,16,1,4,16,BAM,APPROX5,true,true
beta_test_all.json,953,8,8,16,7,12,16,1,4,16,DRUM_APTPU,HERLOA,false,true
beta_test_all.json,954,6,6,8,7,6,16,1,4,16,DRUM_APTPU,LOAWA,true,true
beta_test_all.json,955,4,4,8,3,4,16,1,4,16,DRUM_APTPU,HERLOA,false,true
beta_test_all.json,956,32,32,16,3,5,16,1,4,16,DRUM_APTPU,OLOCA4,false,false
beta_test_all.json,957,16,16,16,32,5,16,1,4,16,DRUM_APTPU,SETA,true,true
beta_test_all.json,958,6,6,16,5,10,16,1,4,16,DRUM_APTPU,HOAANED,false,true
beta_test_all.json,959,4,4,8,6,2,16,1,4,16,DRUM_APTPU,LOA,true,true
beta_test_all.json,960,6,6,32,8,5,16,1,4,16,DRUM_APTPU,HEAA,true,true
beta_test_all.json,961,16,16,16,8,12,16,1,4,16,DRUM_APTPU,LOA,false,true
beta_test_all.json,962,4,4,16,6,8,16,1,4,16,BAM,LZTA,false,true
beta_test_all.json,963,6,6,8,7,2,16,1,4,16,BAM,LZTA,true,true
beta_test_all.json,964,4,4,8,6,6,16,1,4,16,DRUM_APTPU,MHEAA,true,true
beta_test_all.json,965,6,6,32,6,10,16,1,4,16,DRUM_APTPU,OLOCA4,false,false
beta_test_all.json,966,4,4,16,4,3,16,1,4,16,UDM,HERLOA,true,true
beta_test_all.json,967,6,6,8,4,5,16,1,4,16,DRUM_APTPU,APPROX5,false,true
beta_test_all.json,968,6,6,8,6,3,16,1,4,16,DRUM_APTPU,HOERAA,true,true
beta_test_all.json,969,4,4,32,4,12,16,1,4,16,DRUM_APTPU,APPROX5,false,true
beta_test_all.json,970,8,8,8,8,10,16,1,4,16,DRUM_APTPU,MHERLOA,false,true
beta_test_all.json,971,32,32,8,6,6,16,1,4,16,DRUM_APTPU,HERLOA,true,true
beta_test_all.json,972,6,6,8,32,12,16,1,4,16,DRUM_APTPU,APPROX5,false,true
beta_test_all.json,973,4,4,16,7,3,16,1,4,16,BAM,MHERLOA,true,true
beta_test_all.json,974,8,8,8,8,2,16,1,4,16,DRUM_APTPU,LOA,true,true
beta_test_all.json,975,16,16,16,4,12,16,1,4,16,DRUM_APTPU,OLOCA4,false,false
beta_test_all.json,976,4,4,8,7,10,16,1,4,16,DRUM_APTPU,HOERAA,false,true
beta_test_all.json,977,8,8,8,4,8,16,1,4,16,DRUM_APTPU,APPROX5,false,true
beta_test_all.json,978,6,6,8,8,4,16,1,4,16,BAM,HERLOA,true,true
beta_test_all.json,979,6,6,16,4,4,16,1,4,16,BAM,MHEAA,true,true
beta_test_all.json,980,8,8,16,3,8,16,1,4,16,BAM,OLOCA4,false,false
beta_test_all.json,981,4,4,32,5,8,16,1,4,16,BAM,HERLOA,false,true
beta_test_all.json,982,4,4,16,6,6,16,1,4,16,BAM,MHEAA,true,true
beta_test_all.json,983,4,4,32,4,4,16,1,4,16,DRUM_APTPU,HERLOA,true,true
beta_test_all.json,984,6,6,8,5,12,16,1,4,16,DRUM_APTPU,MHEAA,false,true
beta_test_all.json,985,6,6,32,5,8,16,1,4,16,DRUM_APTPU,SETA,false,true
beta_test_all.json,986,4,4,8,5,4,16,1,4,16,BAM,LOA,true,true
beta_test_all.json,987,6,6,32,32,3,16,1,4,16,DRUM_APTPU,LZTA,true,true
beta_test_all.json,988,16,16,16,32,12,16,1,4,16,DRUM_APTPU,HERLOA,true,true
beta_test_all.json,989,8,8,16,16,8,16,1,4,16,DRUM_APTPU,LOA,true,true
beta_test_all.json,990,6,6,8,5,8,16,1,4,16,BAM,HOERAA,false,true
beta_test_all.json,991,6,6,32,6,2,16,1,4,16,DRUM_APTPU,HEAA,true,true
beta_test_all.json,992,6,6,8,8,12,16,1,4,16,BAM,LOA,false,true
beta_test_all.json,993,6,6,32,5,12,16,1,4,16,BAM,LOA,false,true
beta_test_all.json,994,6,6,16,32,12,16,1,4,16,BAM,SETA,true,true
beta_test_all.json,995,6,6,8,4,12,16,1,4,16,BAM,MHEAA,false,true
beta_test_all.json,996,4,4,16,7,2,16,1,4,16,DRUM_APTPU,SETA,true,true
beta_test_all.json,997,4,4,16,5,6,16,1,4,16,DRUM_APTPU,SETA,false,true
beta_test_all.json,998,6,6,32,7,10,16,1,4,16,BAM,SETA,false,true
beta_test_all.json,999,6,6,16,32,4,16,1,4,16,BAM,HERLOA,true,true
beta_test_all.json,1000,4,4,32,5,4,16,1,4,16,BAM,OLOCA4,true,false
